"product_id","product_name","aisle_id","department_id"
1,"Chocolate Sandwich Cookies",61,19
3,"Robust Golden Unsweetened Oolong Tea",94,7
10,"Sparkling Orange Juice & Prickly Pear Beverage",115,7
23,"Organic Turkey Burgers",49,12
25,"Salted Caramel Lean Protein & Fiber Bar",3,19
27,"Complete Spring Water Foaming Antibacterial Hand Wash",127,11
28,"Wheat Chex Cereal",121,14
32,"Nacho Cheese White Bean Chips",107,19
33,"Organic Spaghetti Style Pasta",131,9
34,"Peanut Butter Cereal",121,14
37,"Noodle Soup Mix With Chicken Broth",69,15
41,"Organic Sourdough Einkorn Crackers Rosemary",78,19
45,"European Cucumber",83,4
49,"Vegetarian Grain Meat Sausages Italian - 4 CT",14,20
54,"24/7 Performance Cat Litter",41,8
63,"Banana & Sweet Potato Organic Teething Wafers",92,18
67,"Jelly, Blackberry",88,13
71,"Ultra 7 Inch Polypropylene Traditional Plates",111,17
73,"Jasmine Tea Unfiltered Ginger Ale",77,7
77,"Coconut Chocolate Chip Energy Bar",3,19
79,"Wild Albacore Tuna No Salt Added",95,15
86,"Camilia, Single Liquid Doses",6,2
87,"Classics Earl Grey Tea",94,7
93,"Uncured Cracked Pepper Beef",23,19
94,"Organic Blueberry Blitz Fruit & Veggie Smoothie Mashups",92,18
95,"Organic Rice Vinegar",66,6
99,"Local Living Butter Lettuce",83,4
100,"Peanut Butter & Strawberry Jam Sandwich",38,1
106,"Organic Yummy Tummy Maple & Brown Sugar Instant Oatmeal",92,18
107,"Mild Salsa Divino",51,13
111,"Fabric Softener, Geranium Scent",75,17
116,"English Muffins",93,3
117,"Petit Suisse Fruit",2,16
118,"Ground Turkey Chub",34,1
121,"Sharp Cheddar",21,16
123,"Sherry Reserve Vinegar",19,13
126,"Hot & Spicy Chicken Flavor Ramen Noodles",4,9
127,"Marscapone",108,16
128,"Organic Wild Blueberries",116,1
129,"Traditional Chicken & Orzo with Lemon Soup",69,15
130,"Vanilla Milk Chocolate Almond Ice Cream Bars Multi-Pack",37,1
137,"Very Vanilla Soymilk",91,16
138,"Olli Napoli Salami",96,20
141,"Restaurant Style Organic Chia & Quinoa Tortilla Chips",107,19
145,"Traditional Water Crackers",78,19
148,"Nectarines",24,4
149,"Wild Blueberry All Natural Fruit Spread",88,13
150,"Brut Rosé",134,5
156,"Extra Spearmint Sugar-Free Gum",46,19
158,"Smoked Ham & Oven Roasted Turkey Sub Sandwich Kit",96,20
160,"100% Recycled Aluminum Foil",97,13
161,"Hacho Miso Aged & Fermented Soybeans",66,6
162,"Organic Mini Homestyle Waffles",52,1
165,"Wild Chanterelle Mushroom Ravioli",12,9
168,"Halves & Pieces Walnuts",17,13
169,"Extra Sharp Cheddar Cheese",21,16
184,"Kisses Milk Chocolate Candy",45,19
185,"Chicken Nugget Meal",38,1
187,"Wild Sardines in Marinara Sauce",95,15
189,"Healthfull Nuts & Seeds Bread",112,3
194,"Lamb Rib Chops",122,12
196,"Soda",77,7
199,"Herb Thyme Clamshell",16,4
204,"Free & Clear Natural Laundry Detergent For Sensitive Skin",75,17
207,"Minis Candy Bars",45,19
210,"Homemade Hot Arrabbiata Fra Diavolo Sauce",9,9
211,"Gluten Free Organic Cereal Coconut Maple Vanilla",130,14
212,"Organic Blue Corn Sea Salt Tortilla Chips",107,19
215,"Sambal Oelek Ground Fresh Chili Paste",66,6
216,"Gluten Free Oatmeal, Variety Pack",130,14
219,"Totz Toothbrush Extra Soft 18+ Months",82,18
222,"Honey Nut Oatmeal Squares",121,14
223,"Kiwi Strawberry Sparkling Water",115,7
226,"Shaved Parmesan Cheese",21,16
228,"Organic Soups Lentil",69,15
229,"EcoNet Recycled Bath Sponge",109,11
231,"Low Sodium Turkey",49,12
234,"Tennessee Whiskey",124,5
242,"Original Red Twists",45,19
245,"Poppy Seed Bagels",93,3
246,"Triple-Acting Laundry Stain Remover",75,17
248,"Dried Sweetened Cranberries",117,19
254,"Honey Mustard",72,13
258,"Vegetable Pot Pie",38,1
260,"Cantaloupe",24,4
261,"Organic Southwestern Burrito",38,1
263,"Red Food Color",97,13
264,"Non-Fat Blueberry on the Bottom Greek Yogurt",120,16
267,"Triple Chocolate Ripple",37,1
270,"OneZip Storage Bags Quart Size Value Pack",85,17
273,"Thin Stackers Brown Rice  Salt Free",107,19
274,"Snack Bags",87,17
276,"French Vanilla Ice Cream",37,1
277,"Diet Root Beer",77,7
278,"Instant Mashed Potatoes",4,9
280,"Makeup Remover Cleansing Towelettes",73,11
283,"Organic Whole Wheat Elbows",131,9
284,"Organic Spicy Heirloom Marinara Sauce",9,9
286,"Lite Poppy Seed Dressing Lite",89,13
287,"Turkey",96,20
288,"Original Sprouted Grains Protein & Fiber Hot Oatmeal",130,14
293,"Prime Filets Chicken & Tuna Dinner in Gravy Cat Food",41,8
294,"Minis Original Saltine Crackers",78,19
295,"Chewables Extra Strength Cherry Creme - 48 CT",70,11
300,"Organic Enriched Unbleached White Flour",17,13
304,"Dry Roasted Pistachios",117,19
305,"Wild Forest Raw Neem Honey",29,13
307,"Precious Mozzarella Cheese",21,16
310,"Crackers, Puffed, Corn, Quinoa & Sesame",78,19
311,"Naturals Savory Turkey Breakfast Sausage",52,1
322,"Brooklyn Pizza Dough",79,1
325,"Veggie-Style Mini Corn Dogs",42,1
327,"Green Peas, Organic, Petite",116,1
329,"Organic Whole Grassmilk Milk",84,16
330,"Chilpotles in Adobo Sauce",30,6
343,"Organic Whole Peeled Baby Carrots",123,4
347,"Vegetable Salad Kit, Sweet Kale",123,4
349,"Organic Granulated Tapioca",17,13
350,"Mixed 12 Pack Lion's Share Ale",27,5
351,"Go Fresh Nutrium Moisture Body Wash Blue Fig & Orange Blossom Scent",127,11
352,"Colby Jack & Mild Cheddar Combo Pack",21,16
354,"Twist n Loc Small Round Containers + Lids",85,17
363,"Water Crackers Original All Natural",78,19
365,"Cheerios Cereal",121,14
372,"Moisture Rich Sweet Orange & Argan Conditioner",22,11
375,"Multigrain Spaghetti Style Pasta",131,9
377,"Chunky Beef with Vegetables & Brown Rice Dog Food",40,8
378,"Powerball Quantum Max Shine & Protect Automatic Dishwasher Detergent",74,17
383,"Breaded Chicken Breast Tenders",34,1
389,"Mache Blend",123,4
391,"Organic Yukon Gold Potato Bag",83,4
397,"Pure Granulated Cane Sugar",17,13
401,"Flat Floss, Antiplaque, Naturally Waxed, Spearmint",20,11
403,"Ultra Thin Pastrami",96,20
405,"100% Organic Diced Tomatoes",81,15
415,"16 oz Cold Cups",111,17
424,"Linguine Pasta",131,9
426,"2nd Foods Bananas",92,18
427,"Italian Style Panko Breadcrumbs",5,13
428,"Everyday Mega Pack Paper Plates",111,17
429,"Dark Red Kidney Beans",59,15
432,"Vanilla Almond Breeze Almond Milk",91,16
435,"Dark Chocolate Raisins",50,19
436,"Petite Brussels Sprouts",116,1
437,"Strawberry Cheesecake Nonfat Yogurt",100,21
442,"Sliced Chicken Entree Cat Food",41,8
445,"Almond Honey Protein+ Bar",3,19
446,"Blueberry Pomegranate Acaí Cultured Goat Milk Kefir",120,16
449,"Chips Ahoy! Chewy Cookies",61,19
455,"Ibuprofen Liquid Gels",133,11
457,"Whole Wheat Fig Bar",48,14
459,"Honey Vanilla Greek Yogurt",120,16
468,"Kabocha Squash",83,4
470,"Lite Beer",27,5
480,"Slow Churned Mint Chocolate Chip Ice Cream",37,1
481,"Black Peppercorns",104,13
486,"Lowfat Raspberry Kefir Probiotic Cultured Milk Smoothie",120,16
493,"Pear and Blueberry Baby Breakfast",92,18
495,"Pure Cane Granulated W/Spout Sugar",17,13
498,"Daily Moisture Shampoo",22,11
500,"Non-Scratch Scrub Sponges",114,17
508,"Freeze-Dried Edamame Veggie Snack",50,19
516,"American Cheese Slices",21,16
517,"French Rolls",43,3
518,"Turkey Meatloaf & Mashed Potatoes",38,1
519,"Antioxidant Infusions Brasilia Blueberry",31,7
522,"Coffee Liqueur",124,5
524,"in Gravy with Carrots Peas & Corn Mashed Potatoes & Meatloaf Nuggets",92,18
529,"Essentials Foaming Facial Cleanser",73,11
531,"Adult Dog Formula Dog Food",40,8
544,"Classic Original Hummus",67,20
546,"Tomatillo Salsa",51,13
548,"Hi-Chew Strawberry Fruit",66,6
552,"Organic Mango Peach Carrot Kickstart Smoothie",116,1
554,"Turkey Chili",1,20
557,"Red Seedless Grapes Imported",24,4
558,"Organic Raw Almond Butter",88,13
563,"Pure Moringa Vegetable Powder",47,11
575,"Organic Medium Yellow Thai Curry",72,13
581,"Garnet Sweet Potato (Yam)",83,4
584,"Organic Blueberry Pomegranate Whole Milk Yogurt",120,16
588,"Special K Original Cereal",121,14
590,"Almonds Roasted and Salted",117,19
594,"Gluten Free Peanut Butter Berry  Chewy With A Crunch Granola Bars",3,19
604,"Cookie Sheets",10,17
605,"Natural Liquid Laundry Detergent - Blue Eucalyptus and Lavender",75,17
611,"Uncured Hard Salami",96,20
616,"Silken Tofu",14,20
617,"Organic Mozzarella",21,16
621,"98% Fat Free Cream Of Chicken Soup",69,15
625,"Chicken Breast Nuggets, Dinosaur Shaped",34,1
626,"Organic Hearty Garden Vegetable Soup",69,15
630,"Snack Size Candy",45,19
631,"Original Puffcorn",107,19
633,"Coconut Milk Creamer Barista Style Original",91,16
635,"Little Bites Snickerdoodle Muffins",61,19
639,"Green Berry Rush Juice Drink",98,7
640,"Spicy Tomato & Basil Pasta Sauce",9,9
642,"Three Cheese Ravioli",12,9
644,"Organic Southwestern Vegetable Soup",69,15
645,"Prenatal One, Tablets",47,11
648,"Elbow Macaroni",131,9
649,"Classic coke",77,7
650,"Pop'n Hot! Vegan Broccoli Poppers",50,19
651,"Organic Salted Butter",36,16
653,"Flax, Oat Bran & Whole Wheat Flour Tortillas",128,3
659,"Zero Strawberry Lemon",115,7
664,"Cream Style Corn",81,15
666,"Whole Wheat Loaves",112,3
669,"The Santa Cruz Burrito",38,1
671,"Vegan Shells & Creamy Sauce Mac & Cheese Macaroni & Cheese Organic",4,9
673,"Chicken Base",69,15
690,"Vegetable Hearty Garden Soup",100,21
691,"Organic Promise Strawberry Fields Cereal",121,14
695,"Diet Dr Pepper Bottles",77,7
696,"Tea Tree Replenishing Shampoo",22,11
698,"Baby's Mineral Lotion Spf 50",25,11
703,"Traditional No Fat Refried Beans",59,15
705,"Fajita Flour Tortillas",128,3
712,"Direct Trade El Diablo Dark Roast Whole Bean Coffee",26,7
714,"Breakfast Blend Light Roast K-Cup Packs",26,7
717,"Sweeper Open Window Fresh Scent Wet Mopping Cloths Refill",114,17
722,"Snack Sticks Chicken & Rice Recipe Dog Treats",40,8
723,"Movie Theater Butter Pop Corn",23,19
726,"Gluten-Free Boom Chicka Pop Sweet & Spicy Popcorn",23,19
730,"Restorative Biotin Conditioner",22,11
731,"Wild Mushroom Vegetarian Quarter Loaf",14,20
735,"Four Cheese Pizza Frozen Sandwiches",129,1
737,"100% Whole Wheat Flour Burrito Tortillas",128,3
742,"Organic Raw Coconut Aminos",72,13
743,"Pepperoni Party Pizza",79,1
744,"Organic Four Bean Feast Baby Food",92,18
747,"Xylitol Sweetener",17,13
756,"Malt Vinegar & Sea Salt Kettle Cooked Potato Chips",107,19
758,"No Sugar Added The Original Fudge Pops",37,1
760,"Cracker Trio Selected Favorites",78,19
765,"Swaddlers Diapers Jumbo Pack Size Newborn",56,18
769,"Sliced American Cheese",21,16
771,"Butter Flavor Pan Popcorn",23,19
775,"Organic Dried Cranberries",117,19
779,"Cat Treats Hair Ball Control Chicken",41,8
780,"Breadstick",112,3
781,"Organic Shredded Mild Cheddar",21,16
782,"85% Lean, 15% Fat Ground Turkey (013021)",49,12
788,"XXX Acai Blueberry Pomegranate",64,7
789,"Ultimate Absorbency Regular Length",126,11
790,"Garbanzo Beans",59,15
794,"Pad Thai Rice Noodles",66,6
795,"Organic Fuel, High Protein Milk Shake, Vanilla",65,11
801,"Advanced Care Skin Renew Anti-Perspirant Deodorant",80,11
805,"Vitamin D3 1000 I.U Vegetable Capsules",47,11
810,"Organic Honey Mustard",72,13
812,"Healthy Grains Oats & Honey Clusters with Toasted Coconut Gluten Free",57,14
816,"Calcium Lime & Rust Remover",114,17
820,"Vanilla Almond Butter Squeeze",88,13
834,"Single Classic Canned Meat",59,15
836,"Sliced Onion Bagels",93,3
837,"California Merlot",28,5
850,"Crunchy & Soft Taco Dinner Kit",30,6
852,"Light String Cheese",21,16
853,"Crunchy Granola Bars Variety Pack",48,14
854,"Traditional Red Miso",66,6
857,"Grilled Asparagus",123,4
859,"2-Ply Everyday Napkins",54,17
861,"Every Woman Multivitamin",47,11
868,"Cleanse & Replenish 2-in-1 Shampoo",22,11
872,"Power Greens",31,7
873,"Graduates Lil' Meals Spaghetti Rings In Meat Sauce",92,18
874,"Cherry Pie",8,3
877,"Ultra-Filtered Whole Milk",84,16
878,"Moisturizing Lavender Body Wash",25,11
880,"Organic Smooth Move Chamomile Laxative Tea Bags",94,7
881,"Heavy Duty Scrub Sponges",114,17
884,"Dried Parsley Flakes",104,13
889,"Oatnut Bread",112,3
890,"Organic Diced Tomatoes",81,15
895,"YoKids Squeeze Organic Blueberry Blue Yogurt",120,16
903,"Gluten Free Sugar Cones",103,19
907,"Premium Sliced Bacon",106,12
911,"Protein Shake, Organic, Banana Creme",64,7
913,"Dry Pasta Lasagne",131,9
920,"Coconut Yogurt",120,16
925,"Southern Style Diced Hash Brown Potatoes",129,1
926,"Crispy Thin Crust White Pizza",79,1
928,"Chunky Classic Chicken Noodle Soup",69,15
930,"ULTRACLEAN™ Cool Mint ULTRACLEAN™",20,11
932,"Vegetable Pie In A Pocket Sandwich",38,1
935,"Premium Apple Juice",98,7
936,"Butterfinger Smooth & Crunchy Peanut Butter Cups",45,19
937,"Buffalo Style Chicken Strips",129,1
938,"Disinfectant Spray, Crisp Linen Scent",114,17
939,"Annie's Bunny Fruit Snacks Variety",50,19
940,"Bathroom Tissue",54,17
941,"Smoked Atlantic Nova Salmon",15,12
945,"Fruit Punch Juice Drink",98,7
952,"Flaxseed Meal, Whole Ground",17,13
953,"Plain Fat Free Yogurt",120,16
959,"Chicken & Vegetable Stir Fry Café Steamers",38,1
960,"Villager Ipa",27,5
961,"Grape Sunflower Butter Sunwiches",13,20
963,"Unsalted Beef Broth",69,15
967,"Gluten Free Soft & Chewy Snicker Doodle Cookies",8,3
969,"Petite Green Peas",116,1
972,"Linguine No 7 Pasta",131,9
978,"Mallow Oats Cereals",121,14
985,"Peanut Butter Bars",3,19
990,"Diced Pancetta",96,20
994,"Shake n Pour Buttermilk Pancake Mix",130,14
996,"Honey Cinnamon Nut-Thins  Crackers",125,19
997,"Mini Double Chocolate Ice Cream Bars",37,1
999,"Original Organic Ville BBQ Sauce",5,13
1000,"Apricots",18,10
1003,"Organic Turkey Bone Broth",5,13
1005,"China Green Tips Green Tea",94,7
1006,"Philadelphia Cream Cheese",108,16
1017,"Strawberry Banana Juice",31,7
1018,"Kids Organic Mashups Squeezable Fruit Strawberry Banana",92,18
1022,"Marshmallow",88,13
1023,"Shea Butter Body Wash",127,11
1025,"Organic Fresh Basil",16,4
1027,"Organic Old World Flatbreads Pizza Crust",128,3
1028,"Organic Oat Bread",112,3
1032,"Fat Free Crumbled Feta",21,16
1035,"Chamomile Citrus Caffeine Free Herbal Tea Artisan Whole Leaf Pouches",94,7
1039,"Free & Clear Unscented Refill Value Packs Baby Wipes",56,18
1057,"Basil, Asiago & Pine Nut Pesto Ravioli",13,20
1060,"Black Cherry Premium Fruit Spread",88,13
1063,"Extra Dark Chocolate Baking Chips",17,13
1069,"100% Oatnut Bread",112,3
1073,"Carving Board Oven Roasted Turkey",96,20
1076,"Yellow Corn Taco Dinner Kit",30,6
1078,"French Vanilla Creme Protein Energy Bars",3,19
1080,"Salad, Cobb",123,4
1086,"Jack's Special Salsa Medium Hot",51,13
1087,"Sunrise Crunchy Cinnamon Cereal",121,14
1090,"Shells & Real Aged Cheddar Macaroni & Cheese",4,9
1094,"Kids Strawberry Yogurt Tubes",120,16
1096,"9.5 pH Super Hydrating Purified Water",115,7
1097,"Sonoma County Sauvignon Blanc",62,5
1099,"Cuties Non Dairy Vanilla Frozen Dessert Sandwiches",37,1
1103,"Hickory Smoked Turkey Breast",96,20
1104,"Plain Yogurt",120,16
1106,"Cranberry Almond Plus Antioxidants 1.4 oz Fruit & Nut Bars",3,19
1108,"Hummus Roasted Garlic",67,20
1110,"Broccoli Carrots Sugar Snap Peas & Water Chestnuts",116,1
1112,"Peach Sparkling Energy Water",64,7
1115,"Turkey Bologna",96,20
1117,"Turkey Bacon",106,12
1118,"Ginger Chia Kombucha",31,7
1122,"Linen & Lilies Laundry Detergent",75,17
1128,"Chocolate Chip Granola Bars",3,19
1134,"The Red ONe: Squished Fruit Smoothies",92,18
1136,"Oil-Free Acne Wash",73,11
1138,"Pork Tenderloin",7,12
1139,"Whole Wheat Fresh Stack Crackers",78,19
1142,"Crystal Rain Trigger Glass Cleaner",114,17
1147,"Pop Up Notes, 3\"" X 3\""",87,17
1148,"Oxy Power Degreaser Ultra Concentrated Dish Liquid",74,17
1150,"AFC Sushi Spicy Salmon Roll Prepared In Store, Ready To Eat",13,20
1156,"Semisweet Chocolate Super Cookie Chips",17,13
1157,"Wheat Sandwich Bread",112,3
1158,"Mango Chunks",116,1
1159,"PODS Laundry Detergent Spring Meadow Scent 16 Count  Laundry",75,17
1160,"Pinot Grigio",62,5
1168,"White Wine Winemaker's Blend California, 2010",62,5
1169,"Duke Medium Roast Cold Brew Coffee Concentrate",26,7
1175,"Creamy Chicken Orzo with Mixed Vegetables",69,15
1180,"Mesquite Uncured Salame",96,20
1181,"Mini Watermelon",24,4
1183,"Organic Black Seedless Grapes",24,4
1185,"Energy Tropical Citrus Vitamin Water Drink",64,7
1186,"Original New Orleans Style Dirty Rice Mix",4,9
1188,"Indian Bites Samosa & Chutney Spiced Potato Pockets With Peas & Cilantro Chutney",129,1
1190,"Tequila Reposado with Glass",124,5
1191,"Country Brand Chili with Beans",59,15
1194,"Natural Artisan Water",115,7
1197,"Plates, Ultra, 10-1/16 Inch",111,17
1199,"YoTot Organic Raspberry Pear Yogurt",120,16
1200,"Vegetable Classics Vegetable Soup",69,15
1202,"Organic Whole Grain Oatmeal Cereal Baby Food",92,18
1203,"Crunchy Organic Dark Roasted Peanut Butter",88,13
1204,"Rain Bath Refreshing Shower Gel",127,11
1208,"Organic Roasted Dandelion Root Herbal Tea",94,7
1214,"Vinegar Balsamic",19,13
1215,"Kidz All Natural Baked Chicken Nuggets",129,1
1216,"Dairy Free Gluten Free Mushroom & Roasted Garlic Pizza",42,1
1217,"Select-A-Size Paper Towels, White, 2 Huge Rolls = 5 Regular Rolls  Towels/Napkins",54,17
1219,"Grapes",24,4
1225,"ChlorOxygen Alcohol Free Chlorophyll Concentrate Softgels",47,11
1228,"Turkey With Beans 98% Fat Free Chili",59,15
1231,"Organic Creme Fraiche",21,16
1232,"Thin Stackers Organic 5 Grain Puffed Grain Cakes",78,19
1233,"Baking Bar Ghirardelli 60% Cacao",17,13
1234,"Cream Top Smooth & Creamy Plain Yogurt",120,16
1235,"Refreshers Strawberry Lemonade Sparkling Green Coffee Energy Drink",98,7
1240,"Plain Better Than Cream Cheese",108,16
1241,"Strawberry Cheesecake Ice Cream",37,1
1244,"Organic Orange Bell Pepper",83,4
1249,"Blueberry Jam",88,13
1261,"Old Fashioned Buttermilk Ranch Salad Dressing",89,13
1263,"American Cheese Slices 12 Count",21,16
1266,"Lavender Multi-Purpose Cleaner",114,17
1269,"of Norwich Original English Mustard Powder Double Superfine",104,13
1272,"Organic Raspberry Ginger",31,7
1273,"Ramen, Reduced Sodium, Asian Vegetable",66,6
1281,"Gold Antibacterial Hand Soap",127,11
1282,"Green Onion",83,4
1284,"Organic Dried Cranberries Apple Sweetened",117,19
1287,"Pearl Triple Pack Light/Regular/Super Absorbency Scented Tampons",126,11
1294,"Red Zone Collection Deodrant - Pure Sport",80,11
1299,"Lavender Room Freshener",101,17
1308,"Organic Coconut Flour",17,13
1311,"Liquid Cleanser",114,17
1313,"Tortilla Strips Restaurant Style",107,19
1317,"Calming Comfort Baby Lotion",102,18
1319,"100% Recycled White Unscented Bathroom Tissue",54,17
1323,"Vanilla Bean Natural Lowfat Yogurt",120,16
1329,"Spiced Pumpkin Pie Energy Bar",3,19
1330,"Extra Soft Double Roll Bathroom Tissue",54,17
1335,"Stage 1 Just Butternut Squash Baby Food",92,18
1337,"Yogurt, Sheep Milk, Strawberry",120,16
1341,"Complete Mint Flavor Satin Floss Twin Pack",20,11
1347,"Organic Raspberry Yogurt",120,16
1349,"Greek Yogurt Banana & Pumpkin",92,18
1351,"O'Coconut Lightly Sweetened Coconut Treat Classic",45,19
1354,"Honey Roasted Peanuts",117,19
1356,"Sweet Potato, White Beans & Cinnamon Stage 2",92,18
1357,"Rich & Creamy Grand Neapolitan Ice Cream",37,1
1359,"Organic Turmeric",104,13
1360,"Crunchy Peanut Butter",88,13
1362,"Baking Mix, Brownie",17,13
1364,"Organic Vanilla Chip Chewy Granola",3,19
1365,"Mixed Bell Peppers",123,4
1366,"Splash Berry Blend Juice",98,7
1371,"Flip Sides Pretzel Crackers",78,19
1373,"100% Organic Whole Peeled Tomatoes",81,15
1374,"Organic Hass Avocado Bag",83,4
1376,"Buttermilk Biscuits",105,13
1377,"Organic Lactose Free Strawberry Yogurt",120,16
1379,"VitaTops Deep Chocolate Muffin Tops",52,1
1382,"Tequila Blanco",124,5
1387,"White Apple Cauliflower & Leek Organic Baby Food",100,21
1391,"Town House Light & Buttery Original Oven Baked Crackers",78,19
1392,"Medium Salsa Organica",67,20
1393,"Diet Lemon Tea",94,7
1396,"Sweet Potato (Yam)",83,4
1397,"Wellness Formula Herbal Defense Complex",47,11
1398,"Ice Bag",37,1
1399,"Reduced Fat Cream of Mushroom Condensed Soup",69,15
1402,"Plain Soymilk Creamer",91,16
1405,"Kids Soft and Chewy Candy",45,19
1406,"Vegan Nutritional Shake Sweet Vanilla Bean",65,11
1408,"Mini Cucumbers",123,4
1409,"Dairy Free Coconut Milk Passionate Mango Yogurt Alternative",120,16
1411,"Hummus, Roasted Garlic",67,20
1416,"Organic Caesar Dressing",89,13
1422,"Apple Quinoa Cinnamon Oatmeal Fruit Squeeze",121,14
1423,"100% Lactose Free Whole Calcium Enriched Milk",91,16
1426,"Lemon Zest",3,19
1429,"100% Natural Creamy Peanut Butter",88,13
1437,"Skinny Girl Microwave Butter Popcorn",23,19
1439,"Sparkling Probiotic Pomegranate Drink",31,7
1440,"Baby Dill",16,4
1443,"Strawberry and Banana Fruit Puree",92,18
1446,"Organic Olive Oil  Spray",19,13
1447,"Organic Baby Lettuces",123,4
1449,"Firecracker  Ice Pops",37,1
1450,"Original Bobos Bites",3,19
1456,"Organic Caesar Premium Croutons",89,13
1461,"Original Value Pack Sausage Patties",52,1
1462,"Gallon Freezer Reclosable Bags",85,17
1463,"Organic Milk",84,16
1464,"Special k Protein Cereal",121,14
1467,"Mozzarella Ciliegine Fresh",21,16
1468,"Organic Peeled & Cooked Beets",123,4
1471,"Gluten Free Brown Rice Crust Duo Cheese Pizza",79,1
1476,"Gummi Bears",45,19
1479,"Jalapeno Dip",67,20
1480,"Ground Hazelnut Creme",88,13
1481,"Santa Fe Style Salad Cafe Bowl",123,4
1483,"Pimento Martini Olives",110,13
1485,"Pop-Tarts Frosted Strawberry Toaster Pastries",48,14
1494,"Petite Diced Hot with Green Chilies Tomatoes",81,15
1498,"Creamy Chicken & Dumplings Soup",69,15
1503,"Low Fat Cottage Cheese",108,16
1509,"Nibblers, Mini-Ears of Extra Sweet Corn-on-the-Cob",116,1
1511,"2% Reduced Fat DHA Omega-3 Reduced Fat Milk",84,16
1514,"Cracklin' Oat Bran Cereal",121,14
1516,"Organic Acai Berry Smoothie Packs",116,1
1518,"Greens & Apple Organic Juice Blend",31,7
1519,"Thin Pizza Crust",105,13
1522,"Steamers Cauliflower & Cheese Sauce",116,1
1525,"Borax All Natural Detergent Booster & Multi-Purpose Household Cleaner",75,17
1529,"Parsley, Italian (Flat), New England Grown",16,4
1530,"Sage Honey",29,13
1532,"Deluxe Macaroni & Cheese Dinner",131,9
1536,"Flaked Tuna Feast Cat Food",41,8
1538,"Condensed Tomato Soup",69,15
1540,"Organic Southwest Taco Seasoning",30,6
1541,"Jumbo Grade A Eggs",86,16
1542,"Mini Crispy Crabless Cakes",34,1
1543,"Sliced Ripe Olives",110,13
1545,"Healthy Grains Granola Bar, Vanilla Blueberry",3,19
1546,"Deluxe Red Raspberry Fruit Spread",88,13
1548,"Organic Vanilla Soy Milk",100,21
1553,"Seriously Sharp Cheddar Cheese Block",21,16
1556,"Wild Rice",63,9
1558,"Beef Empanadas",13,20
1559,"Cherry Pomegranate Greek Yogurt",120,16
1560,"Bag Of Ice",37,1
1563,"Hawaiian Breeze Aerosol Spray",101,17
1570,"Ranch Broccoli",116,1
1571,"Trading Company All Natural Black Bean Spicy Dip",51,13
1575,"Melba Toast, Classic",78,19
1576,"Cafe Domingo Coffee K-Cups",26,7
1577,"Unsweetened Whole Milk Peach Greek Yogurt",120,16
1578,"Apple Jacks Cereal",121,14
1581,"Iced Tea with Lemon Flavor",94,7
1582,"Turkey Pepperoni Slices",96,20
1583,"Complete Original Pancake & Waffle Mix",130,14
1585,"Organic Poultry Seasoning",104,13
1592,"Daily Moisture Conditioner",22,11
1599,"Cottonelle Fresh Care Flushable Cleansing Cloths",54,17
1600,"Mediterranean Orzo Salad",1,20
1603,"Chocolate Fudge Ice Cream Bars",37,1
1609,"Egg, Uncured Bacon & Cheese Scramble Cups",38,1
1612,"Everything Bagel,kattle Boiled & Hearth Baked Slice",93,3
1616,"Simply Granola",57,14
1617,"Miracle 360°  Trainer Cup",82,18
1618,"Lasagna, Vegetable, with Daiya Cheeze",38,1
1629,"Migraine Caplets",133,11
1631,"White Vinegar",19,13
1634,"One Top Tomato Pizza Sauce",81,15
1639,"Green Machine",31,7
1640,"Beyond Beef Fiesty Crumble",42,1
1642,"Slow Kettle Southwest-Style Chicken Chili with Beans Soup",69,15
1643,"French Feta",21,16
1644,"Minis Size Chocolate Candy Bars Variety Mix",45,19
1646,"Smoked Ham Style Deli Slices",14,20
1648,"Chocolate Chip 1.4 oz Packs Cookies",61,19
1649,"Pretzel Snaps Bonus Bag",107,19
1661,"Diced Peaches in Light Syrup Fruit Cups",99,15
1682,"Pink Moscato",6,2
1685,"Clean Care 1-Ply Double Rolls Toilet Paper",54,17
1688,"Sea Salted Reduced Fat Potato Chips",107,19
1689,"15 Grain Whole Grain Bread",112,3
1691,"Choice Cuts In Gravy W/Beef Wet Dog Food",40,8
1692,"Organic Fair Trade 73% Dark Chocolate Bar",45,19
1693,"Natural Blue Eucalyptus & Lavender 42 Loads Liquid Fabric Softener",75,17
1694,"Chunky Chocolate Chip Cookies",61,19
1695,"Major Dickason's Blend Ground Coffee Dark Roast",26,7
1696,"Honey Oat",93,3
1700,"White Cheddar Popcorn",23,19
1709,"Done Baby Wipes Cumber & Green Tea",56,18
1710,"Kombucha Gingerade",31,7
1712,"Pomegranate Blueberry Pistachio Plus Antioxidants Fruit & Nut Bar",3,19
1713,"100% Plant Protein Beastley Sliders",42,1
1714,"100% Cotton Swabs",132,11
1719,"Organic Ground Mustard Seed",104,13
1723,"Lowfat 2% Milkfat Russian Yogurt",120,16
1726,"Fluoride Rinse - Mint",20,11
1729,"2% Lactose Free Milk",84,16
1736,"Melatonin, Fast Dissolve, 5 mg, Tablets, Natural Strawberry Flavor & Sweeteners",6,2
1737,"Popcorn Shrimp Oven Crispy",129,1
1744,"Mint Chocolate Chip Protein Bar",3,19
1747,"Teriyaki Beef Jerky",23,19
1749,"Organic Letter of the Day Oatmeal Cinnamon Cookies",92,18
1751,"Organic Orange Juice Concentrate",113,1
1752,"Mango Sorbet",37,1
1757,"Organic Cashew Carrot Ginger Soup",69,15
1767,"Green with Citrus",94,7
1774,"Butter Pecan Ice Cream",37,1
1776,"Thin & Crispy Margherita Frozen Pizza",79,1
1782,"Dark & Mint Filled Chocolate Squares",45,19
1783,"Organic French Vanilla Almond Granola",57,14
1786,"Cafe Carmelita Medium Roast Organic Coffee Beans",26,7
1787,"Thin Rice Noodles",66,6
1804,"Baked White Cheddar Cheese Puffs",107,19
1808,"Champagne",134,5
1811,"Soft Honey Whole Wheat Bread",112,3
1817,"Whole Grain Breaded Chicken Breast Chunks",34,1
1818,"Creamy Coconut & Peanut Spread",88,13
1819,"All Natural No Stir Creamy Almond Butter",88,13
1824,"Frozen Desserts, Cookies and Cream",37,1
1826,"Spicy Jalapeno Cream Cheese Spread",108,16
1830,"Organic Almond Extract",17,13
1831,"Peach-Pear Sparkling Water",115,7
1835,"Caffeine Free Diet",77,7
1841,"Raw Cacao Powder",17,13
1842,"Natural Free & Clear 70 Loads Laundry Detergent",75,17
1845,"Seedless Blackberry Jam",88,13
1846,"BoomChocoBoom Gluten Free Ricemilk Crunch Bar",45,19
1853,"Fabric Softener Dryer Sheets, Outdoor Fresh scent",75,17
1860,"Invisible Solid Powder Fresh Antiperspirant/Deodorant",80,11
1862,"Tuna Fillets in Olive Oil",95,15
1873,"Chocolate Protein Plus Smoothie",31,7
1875,"To Go Creamy Peanut Butter Cups",88,13
1879,"Seedlander Crispbreads",128,3
1883,"Gelatin Free Snacks Natural Orange Gels",99,15
1886,"Sinusalia Sinus Relief",11,11
1890,"Organic Large Grade A Eggs",86,16
1891,"Instant Coffee",26,7
1896,"Organic Sensible Sipper Apple Juice",98,7
1897,"Yukon Gold Potatoes Bag",83,4
1907,"Kiwi Spinach Peas & Green Apple",92,18
1909,"Gluten Free Pasta Penne Rigate",131,9
1919,"Diet Mountain Zevia Soda",77,7
1924,"Long Grain Rice",63,9
1925,"Root Veggie Burger",42,1
1929,"Zucchini Squash, Baby Courgette",123,4
1930,"Chili & Lime All Natural Cantina Chips Organic",107,19
1932,"Soy Chorizo Vegetarian",106,12
1934,"Cheese Shredded Mozzarella Reduced Fat 2%",21,16
1935,"Whole Wheat Cookies Dark Chocolate",61,19
1938,"Beef Stew Meat",122,12
1939,"Geranium Liquid Dish Soap",74,17
1940,"Organic 2% Reduced Fat Milk",84,16
1942,"Aged White Wine Vinegar",19,13
1947,"Tulips 10 Stem",87,17
1955,"12 Ounce Plastic Bowls",111,17
1956,"Scallions",83,4
1957,"Fabric Softener Dryer Sheet Outdoor Fresh 160CT Fabric Enhancers",75,17
1962,"Chocolate Soy",91,16
1968,"Discreet Large Maximum Classic Cut Incontinence Underwear",126,11
1969,"Plain Cream Cheese",108,16
1970,"Chicken Enchiladas",38,1
1973,"King Size Milk Chocolate Candy",45,19
1979,"Pure Coconut Milk",66,6
1981,"Organic Red Roasted Peppers",81,15
1986,"Steamers Healthy Vision Vegetable Blend",116,1
1991,"Organic Lemonade Fruit Juice Drink",98,7
1993,"Cheesecake",8,3
1994,"Organic Gluten Free Quinoa Spaghetti",131,9
1995,"Gel Cleaner Bleach",114,17
1998,"Unsweet Peach Sparkling Water",115,7
1999,"Organic Chicken Broth",69,15
2002,"The \""World's Best\"" Veggie Burger",42,1
2004,"Calcium Gummies",47,11
2010,"Thirsty Ultra Big Roll towel White Vsa",54,17
2014,"Low Fat Kefir Cultured Milk Smoothie Lowfat Probiotic Blueberry",120,16
2015,"Traditional 98% Fat Free",59,15
2019,"Sparkling Grapefruit Seltzer",115,7
2021,"Pearled Farro",63,9
2022,"Brut Cuvee Sparkling Champagne",134,5
2024,"Organic Diced Tomatoes Fire Roasted with Medium Green Chilies",81,15
2026,"Traditional Multipack",125,19
2027,"Whips! Peaches 'n Cream Flavored Lowfat Yogurt Mousse",120,16
2028,"Aspirin 325mg",133,11
2029,"Swirl Thick Slice Brown Sugar Cinnamon Bread",112,3
2034,"Kettle Cooked 40% Less Fat Original Potato Chips",107,19
2035,"Miniature Dog Treats, Chicken Formula",40,8
2038,"Green Tea with Ginseng and Honey",94,7
2040,"Wrap Aluminum Foil Heavy Duty",85,17
2043,"Organic Cookies 'n Cream Ice Cream",37,1
2050,"Organic Berry Basket Blend",116,1
2051,"Sunrise Crunchy Honey Cereal",121,14
2054,"Belgium Beer",27,5
2062,"Good Life Organic Cherry Tomatoes",83,4
2063,"Fresh Ciliegine Mozzarella Cheese",21,16
2064,"Toll House Dark Chocolate Morsels",17,13
2067,"Plus Cranberry Almond + Antioxidants with Macadamia Nuts Bar",3,19
2073,"Tuna Salad with Crackers Snack",95,15
2076,"Honey Smoked Sliced Turkey Breast",96,20
2078,"Unsalted Pure Irish Butter",36,16
2079,"Hommus Garlic Lovers",67,20
2081,"Crispy Seasoned Potato Puffs with Roasted Garlic & Cracked Pepper",129,1
2086,"Sustainably Soft Bath Tissue",54,17
2087,"Crunchy Kale, Naked",107,19
2088,"Whole Wheat Pearl Couscous",63,9
2091,"Almond Nut & Rice Cracker Snacks",78,19
2092,"Bengal Spice Herbal Tea",94,7
2094,"Skin DeTox, Tea Bags",94,7
2099,"Natural Cane Turbinado Sugar",17,13
2102,"Hash Browns Country Style",52,1
2103,"ProteinPLUS Multigrain Penne Pasta",131,9
2106,"Earl Grey Decaffeinated Black Tea",94,7
2109,"Cat Litter Deodorizer with Activated Baking Soda",41,8
2113,"Ultra Comfort Care Mega Roll Toilet Paper",54,17
2116,"Organic Maple & Onion Baked Beans",59,15
2119,"Hollandaise Sauce Mix",5,13
2120,"Sauvignon Blanc",62,5
2124,"Cheese Ravioli",12,9
2130,"Wasabi Peas",50,19
2132,"Rosemary Olive Oil Bread",112,3
2135,"5-Lettuce Mix",123,4
2137,"Granola Low Fat with Raisins",57,14
2141,"Micro Brewed Cream Soda",77,7
2144,"Doritos",107,19
2146,"Bread Original Crumpet",8,3
2151,"Classic Vanilla Ice Cream Sandwiches",37,1
2154,"Homestyle Savory Chicken Bone Broth",69,15
2163,"Organic Jammy Sammy Blueberry & Oatmeal Sandwich Bars",50,19
2164,"Waffles, Sweet Belgian, Vanilla",52,1
2170,"Original Strawberry and Mixed Berry Variety Pack Low Fat Yogurt",120,16
2172,"Oat Revolution! Thick & Hearty Apples & Cinnamon Instant Oatmeal",130,14
2178,"Natural Deli Slices Gouda Cheese",2,16
2179,"Crispy Mango Fruit",117,19
2180,"Angel Hair Pasta",131,9
2186,"Organic Harmony Blend Tri-Color",4,9
2187,"Strawberry Milk",84,16
2189,"Banana Low-Fat Greek Yogurt",120,16
2192,"Bold & Crispy Zesties! Crispy Seasoned French Fried Potatoes",129,1
2205,"3D White Arctic Fresh Toothpaste",17,13
2210,"Large Brown Grade AA Eggs",86,16
2214,"Power & Free Multi-Purpose Cleaner",114,17
2225,"Angel Flake Sweetened Coconut",17,13
2228,"Organic Frozen Mango Chunks",116,1
2229,"Uncrustables Peanut Butter & Strawberry Spread Sandwich",38,1
2232,"Old World Style Meat Flavored Pasta Sauce",9,9
2234,"Lunchables Ham & Cheddar with Cracker Stackers",96,20
2235,"Peach Mango Green Tea Drink Mix",90,7
2237,"Homemade Salted Butter",36,16
2238,"Vitamin C Super Orange Dietary Supplement",47,11
2239,"Instant Carpet Spot Remover",114,17
2240,"Eggo Nutri-Grain Blueberry Waffles",52,1
2242,"Organic Ginger Lemonade",94,7
2245,"Ultra Built Strong Paper Bowls",111,17
2250,"Milk Chocolate Giant Candy Bar",45,19
2254,"Chocolate Laurel Ice Cream",37,1
2256,"Tissue Plus Lotion",54,17
2257,"Plus Antibiotic Brand Adhesive Bandages",118,11
2265,"Lime Grain-Free Tortilla Chips",100,21
2269,"Turkey Bar, Almond + Cranberry",3,19
2270,"Grapeseed Oil Vegenaise",72,13
2272,"Peppermint",20,11
2274,"Mammoth Pecan Halves",117,19
2275,"Chicken Apple Sausage Egg White Breakfast Burrito",52,1
2278,"Old No 7 Tennessee Whiskey",124,5
2279,"Olive Oil, Extra Virgin, Organic",19,13
2280,"Ultra Downy Free & Gentle Liquid Fabric Conditioner 51 FL oz. Fabric Enhancers",75,17
2294,"Apricot Nectar",98,7
2295,"Yellow Bell Pepper",83,4
2298,"Muffins, Mini, Flax, Chocolate Brownie",8,3
2305,"Baby Persian Cucumbers",123,4
2309,"Organic Ground Flaxseed",47,11
2311,"Essential Greens with Lime Vegetable and Fruit Juice Blend",31,7
2314,"Whole Milk Ricotta Cheese",108,16
2317,"Grands! Original Reduced Fat Flaky Big Biscuits",105,13
2320,"Original Sambucus Elderberry Syrup",47,11
2322,"All American Classic Made with Non-GMO Soy Veggie Burgers",42,1
2326,"Organic Blueberry Waffles",52,1
2332,"Low Carb Whole Wheat Large Tortillas",128,3
2338,"Best Original Baked Beans",59,15
2339,"Organic Himalayan Sweetness Popcorn",23,19
2344,"Organic SprouTofu Savory Baked Tofu",14,20
2350,"60% Cacao Bittersweet Premium Baking Chips",17,13
2351,"Sugar Free Whipped Topping",119,1
2360,"Lorraine Quiche",13,20
2361,"Mint Chip",37,1
2362,"Pretzel Sticks, Thin",107,19
2366,"PlugIns Scented Oil Refill Lavender & Vanilla",101,17
2368,"Vegan Oatmeal Raisin Cookies",61,19
2369,"Brownie Brittle Toffee Crunch",45,19
2370,"Parmesan & Garlic Kettle Chips",107,19
2371,"Natural Uncured Beef Hot Dog",100,21
2374,"100% Whole Wheat Pre-Sliced Bagel Thins",93,3
2380,"Cayenne Pepper",104,13
2382,"Organic Eggnog",84,16
2383,"Vegan Made with Non-GMO Soy Soy Protein Burgers",42,1
2386,"Passion Orange Guava Juice",31,7
2390,"Pita Crisps Simply Naked",107,19
2391,"Golden Maple Sweet Belgian Style Waffles",52,1
2397,"Caramel Sea Salt Macaroons",8,3
2408,"Feta Crumbled Traditional Cheese",21,16
2411,"Acnedote Face & Body Scrub",109,11
2413,"Carmel Apple Crisp Twist",120,16
2414,"Brisk Lemon Iced Tea",94,7
2416,"Classic Crust Four Cheese Frozen Pizza",79,1
2421,"Organic Jelly Beans",45,19
2422,"Classic Meal For 2 Shrimp Scampi & Linguine",38,1
2425,"Light Tuna Chunk In Water",95,15
2426,"Roasted Green Chile & Jack Cheese Tamales",13,20
2429,"Seriously Sharp Cheddar Cheese Cracker Cut Slices,",21,16
2432,"Salt-Free Blend Pumpkin Pie Spice",104,13
2433,"Meyer Lemons",24,4
2435,"Teriyaki Meal Bowls",38,1
2439,"Gluten Free Muffin Mix",105,13
2443,"Original Creole Seasoning",104,13
2447,"3 lb Clementines",123,4
2449,"Tri Fun Pack Fruit Loops, Cocoa Krispies; Apple Jacks",121,14
2450,"Taco Seasoning",30,6
2452,"Naturals Chicken Nuggets",129,1
2457,"Variety Tea",94,7
2458,"Peppermint Gum",46,19
2463,"P3 Turkey Cheese Almonds",125,19
2468,"Organic Hibiscus Herbal Tea Bags",94,7
2469,"Italian Salad Blend",123,4
2470,"Buckwheat Soba Pasta",131,9
2471,"Organic Kale Combo",123,4
2473,"West Soymilk",91,16
2478,"Miso, Dark Aged",66,6
2480,"Organic 85% Cacao Dark Chocolate Bar",45,19
2481,"Natural Deli Style Sliced Swiss Cheese",21,16
2487,"GentleFloss Mint",20,11
2488,"Spicy Guacamole",67,20
2492,"Fresh Cured Green Ripe Medium Pitted Olives",110,13
2493,"Wild Cherry Drink",98,7
2495,"Original Liquid Laundry Detergent",75,17
2509,"Tulsi Holy Basil Sweet Rose Infusion Bags 18 Count",94,7
2512,"99% Fat Free Chicken Broth",69,15
2514,"Extreme Clean Whitening Action Mint Blast Fluoride Toothpaste",20,11
2515,"Evaporated Milk,",17,13
2519,"Rice Krispies Cereal",121,14
2520,"Light Savory Vegetable Barley Soup",69,15
2522,"4 Cheese Sauce",9,9
2524,"Stax Sour Cream & Onion Potato Crisps",107,19
2525,"Warm & Ready Crusty Rolls",58,1
2535,"Shaved Parmesan",2,16
2536,"Ultra Plush 3 ply Toilet Paper 12 Double Rolls",54,17
2537,"Tomato Basil Marinara Sauce",9,9
2539,"Original Potato Salad",1,20
2540,"Organic Juliette Vanilla Ice Cream Sandwiches",37,1
2543,"Crispy Rice Cereal",121,14
2544,"Zero Calorie Creamy Root Beer Stevia Soda",77,7
2547,"Disinfecting Bathroom Cleaner - Lemongrass Citrus",114,17
2551,"Butterscotch Pudding Snacks",71,16
2552,"Organic Raw Pomegranate Kombucha",94,7
2556,"Yellow Mustard",72,13
2559,"Crisp Apple Sparkling Water",115,7
2564,"100% Tomato Juice",98,7
2566,"Mold and Mildew Remover with Bleach",114,17
2568,"Diced Yellow Onions",123,4
2573,"Garlic Pepper Ramen",66,6
2574,"Beef Stew Canned Dog Food",40,8
2578,"Whole Grain Pancakes",52,1
2579,"Organic Freeze Dried Instant Decaf Coffee",26,7
2581,"Lavender Floral & Mint Natural Dish Liquid",74,17
2584,"Donut Sticks",8,3
2585,"Molasses Clove Cookies",8,3
2587,"Everyday Coconut Super Hydrating Body Wash",25,11
2588,"Wild Wonders Medley Tomato",83,4
2589,"Three Grain Bread",112,3
2592,"Maple Almond Bar",100,21
2593,"Organic Evaporated Milk",17,13
2596,"Lemon Cake Ice Cream",37,1
2597,"Fresh Pressed Virgin Coconut Oil",19,13
2602,"Fusilli Pasta",131,9
2604,"Lemon Zest Sorbetto",37,1
2611,"Gluten Free SpongeBob Spinach Littles",92,18
2612,"Dry Cat Food Chicken & Turkey",41,8
2614,"Tucks Medicated Cooling Pads",70,11
2622,"Spicy Red Radish Kimchi",66,6
2626,"Roasted Walnut Pecan Caramel Marshmallows",45,19
2627,"Ibuprofen 200 mg Pain Reliever/Fever Reducer Tablets",133,11
2634,"Cereal Frosted Flakes Chocolate Choco Zucaritas",121,14
2635,"Ginger Brew Caffeine Free",77,7
2639,"Lemon Blended Non-Fat Greek Yogurt",120,16
2643,"Organic Bagged Kale Salad Mix",123,4
2646,"Dairy Pure Heavy Whipping Cream",53,16
2651,"Mayonnaise",72,13
2657,"Wholesome Breakfast Apple Raisin Baby Food",92,18
2658,"Unsweetened Coconut Milk",66,6
2661,"Key Lime Pie Fruit & Nut Food Bar",3,19
2663,"Free Range Chicken Broth",69,15
2664,"First Prunes",92,18
2668,"Whips! Strawberry Mist Yogurt Mousse",120,16
2669,"Roasted Dandelion Spice Detox Tea",94,7
2675,"Pale Ale",27,5
2677,"Yerba Mate Sparkling Classic Gold",94,7
2678,"Sheer Floral Sensitive Skin Cleansing Cloths",126,11
2683,"Raspberry & Walnut Dressing",89,13
2691,"Bbq Sauce",5,13
2692,"Creamy Peanut Butter Spread With Honey",88,13
2693,"The Big 16 Grain Sprouted Whole Grain Bread",112,3
2694,"Superberry Kombucha",31,7
2707,"Complete™ ActionPacs™ Fresh Scent Dishwasher Detergent",74,17
2708,"Fruit By the Foot Variety Pack",50,19
2712,"Frozen Organic Peach Slices",116,1
2713,"Fresh Frozen Chopped Spinach",116,1
2714,"Handi-Snacks Ritz Crackers 'n Cheese Dip",78,19
2716,"Organic Greek Lowfat Yogurt With Strawberries",120,16
2717,"Mango Sparkling Water",115,7
2719,"Salad, Chopped, Garden Vegetable",123,4
2720,"Whole Milk Yogurt",120,16
2722,"Raw Probiotics Women probiotic 85 Billion 32 Strains capsules",70,11
2726,"Ice Cream, Super Premium, Mint Chocolate Chip",37,1
2727,"Poultry & Beef Feast Variety  Cat Food",41,8
2729,"Diced Jalapenos",81,15
2732,"Gluten Free Pretzel Sticks",107,19
2744,"Pint Mason Jars",97,13
2745,"Strawberry Explosion/Banana Split Smoothie",120,16
2748,"Organic Reduced Fat Omega-3 Milk",84,16
2750,"Savory Turkey Breakfast Sausage Patties",52,1
2759,"Chicken Granulated Bouillon",69,15
2763,"Uncured Hickory Smoked Bacon",106,12
2770,"Brownberry Natural Wheat Bread",112,3
2778,"Classic Chicken Parmigiana & Penne",38,1
2780,"Diced Red Onions",83,4
2781,"Chipotle Lime Meat-Free Crispy Fingers",42,1
2786,"Facial Tissue",54,17
2795,"Refried Black Beans",59,15
2797,"The Original Mild Picante Sauce",51,13
2809,"Vegan Oatmeal Chocolate Chip Cookies",61,19
2814,"Natural Raw Cane Turbinado Sugar",17,13
2816,"Wellness Herbal Resistance Liquid",47,11
2820,"Francese Deli Rolls",43,3
2822,"Organic Creamy Raw Almond Butter",88,13
2825,"Organic Original Hommus",67,20
2830,"Sparkling Spring Water",115,7
2838,"Poppy Seed Dressing",89,13
2839,"Original Slices Pepperoni",96,20
2841,"8 Hot Dog Buns",43,3
2843,"Pumpkin Popem",61,19
2846,"Organic Green Onions",83,4
2847,"50/50 Spring Mix And Baby Spinach",123,4
2853,"Organic Blueberry Hemp Superfood Snack",117,19
2855,"Organic Good Seed Bread",112,3
2858,"Fully Cooked Bacon 15 Slices",106,12
2861,"Therapeutic Shave Gel SHAVE GELS",55,11
2872,"The Original Cream Bars Orange Raspberry Frozen Bars",37,1
2876,"vitaminwater® XXX Acai Blueberry Pomegranate",64,7
2878,"Cutlery Apple Green - 8 PK",111,17
2879,"Bourboncito Coffee",26,7
2880,"Mini Chocolate Donuts",93,3
2882,"Gentle Care Tissue Rolls",54,17
2885,"Organic Sweet Basil And Roasted Garlic Smoked Sausage",106,12
2888,"Almond Cocoa Spread",88,13
2896,"Garlic And Herb Goat Cheese",21,16
2897,"Classic Mild Cheddar Macaroni & Cheese 25% Less Sodium",4,9
2903,"Sweet Red",28,5
2904,"USA Endive Lettuce",83,4
2913,"Mango Tango Fruit Smoothie Blend",31,7
2915,"Cleansing Towelettes Night Calming Makeup Remover",73,11
2918,"Chili Seasoning Mix",104,13
2922,"Bathroom Tissue, Unscented, Regular Rolls, 2-Ply",54,17
2923,"Mighty 4 Essential Tots Spinach, Kiwi, Barley & Greek Yogurt Nutrition Blend",92,18
2925,"Thirsty Strong And Absorbent Paper Towels",54,17
2928,"Bean and Cheese Gorditas",13,20
2929,"Coconut Aminos Teriyaki Sauce",66,6
2933,"Crunchy, Cocoa Dusted Banana Chips",50,19
2938,"La Vodka Pasta Sauce",9,9
2944,"100% Organic Raw Coconut Butter",88,13
2949,"Apple Pie Flavored English Muffins",93,3
2953,"Dark Chocolate Bars",37,1
2954,"Organic Diced Fire Roasted No Salt Added Tomatoes",81,15
2961,"Pink Salmon",95,15
2962,"Milk, Reduced Fat, 2% Milkfat",84,16
2963,"Lemon Shortbread Cookies",61,19
2964,"100% Whole Soy Organic Gluten Free Tamari Soy Sauce",66,6
2966,"Pure Coconut Water",98,7
2968,"Honey Thats Nuts",100,21
2969,"Gluten Free Plain Tortillas",128,3
2970,"Optic White Power Soft Toothbrush",20,11
2971,"Mandarin Orange Essence Sparkling Natural Spring Water",115,7
2974,"Regular",77,7
2977,"Original 100% Orange Juice with Calcium & Vitamin D",31,7
2979,"Beyond Beef Beefy Crumble",42,1
2983,"Kosher Medium Cheddar Cheese",21,16
2985,"Organic Turmeric Tonic Juice",98,7
2993,"Spanish Padron Peppers",123,4
2994,"Sushi Nori, Pacific, Organic",66,6
2996,"Honeysuckle Hand Soap",25,11
2997,"Keurig Medium Roast Lively Colombian Coffee K Cups",26,7
2999,"13 Gal with Drawstring Closure White Tall Kitchen Bags",60,17
3006,"Original Vanilla Pudding",71,16
3007,"Natural Anticavity Silly Strawberry Fluoride Toothpaste for Children",20,11
3009,"Bunny Shape Sugar Cookies",105,13
3016,"Cornichons Gherkins",110,13
3020,"Broccoli & Apple Stage 2 Baby Food",92,18
3021,"Chocolate Truffle Ice Cream",37,1
3023,"Club & Cheddar Sandwich Crackers",78,19
3025,"Cacao Sweet Raw Chocolate Nibs",17,13
3028,"Thai Spice, Organic",104,13
3038,"Premium Malt Beverage",27,5
3039,"Wild Cherry Cola",77,7
3040,"Jellied Cranberry Sauce",99,15
3042,"S. Pellegrino Sparkling Natural Mineral Water",115,7
3044,"Original 100% Pure No Pulp Orange Juice",31,7
3045,"Complete Clean with Bleach Toilet Bowl Cleaner",114,17
3050,"Cut Crystal 7 inch Plastic Plates",111,17
3055,"Original Chai Tea Latte",94,7
3057,"Fresh Mild Salsa",67,20
3060,"Pepper Jack Cheese Slices",21,16
3061,"Swiss Rolls",61,19
3066,"Organic Balance Milk Protein Shake Dark Chocolate",91,16
3069,"Ginger/Garlic Vegetable Stir Fry Kit",100,21
3074,"Seafood Sensations Dry Cat Food",41,8
3075,"All Natural Smart Classics Roasted Crinkle Cut with Sea Salt Fries",116,1
3081,"Organic Creamies Strawberry, Raspberry & Carrot Freeze-Dried Fruit Snacks",92,18
3083,"85% Dark Chocolate Bar",45,19
3085,"Cf Hny Almnd Granola 11",117,19
3090,"Very Berry Flavor Sparkling Mineral Water",115,7
3092,"Sour Cherry Sour Licorice Twists",45,19
3095,"White Chocolate Mint Ice Cream",37,1
3098,"Lavender Dish Soap",74,17
3104,"Skin Therapy Sensitive Skin Lotionized Moisturizing Shave Gel",55,11
3107,"Fiber One Oat & Chocolate Bar",48,14
3108,"Original Lowfat Lemon Burst Yogurt",120,16
3118,"Original Instant Grits",130,14
3126,"Oreo Cookie n' Cream Yogurt",120,16
3142,"Organic Short Grain Brown Rice",63,9
3143,"Organic Seaweed Black Sesame Super Seed Crackers",78,19
3144,"Brown Sugar Whipped Cream",108,16
3145,"Plain Sweet Potato Chips",107,19
3146,"Sliced Sesame Bagels",93,3
3148,"Ready Wipe Flushable Wipes",54,17
3149,"Meritage Wine",28,5
3151,"Super Tea Power Greens",94,7
3155,"Foaming Scrub Pink Grapefruit Oil-Free Acne Wash",73,11
3164,"100% Juice No Added Sugar Orange Tangerine",98,7
3166,"Organic Vanilla Nonfat Yogurt",120,16
3169,"Brown & Serve Original Breakfast Sausage Links",52,1
3172,"Organic California Veggie Burger",42,1
3176,"5 Meaty Flavors Variety Dog Snacks",40,8
3177,"Thick Spaghetti Pasta",131,9
3179,"Sugar Free Cherry Low Calorie Gelatin Snacks",71,16
3192,"Lean Ground Beef",122,12
3193,"Free & Clear Liquid",75,17
3195,"Kit Kat Minis White Pouch",45,19
3198,"Pumpkin Spice Latte Iced Coffee Pure Cold Brew Coffee With Almondmilk",26,7
3211,"Synergy Organic & Raw Green Chia Kombucha",31,7
3212,"Vinegar, Red Wine",19,13
3213,"Spicy Black Bean & Kale Organic Soup",69,15
3217,"Organic Oven Toasted Oats Old Fashioned",130,14
3219,"Himalania Fine Pink Salt Glass Jar",104,13
3223,"Garden Veggie Chips Sour Cream & Onion",107,19
3226,"Unsalted Smooth All Natural Peanut Butter",88,13
3229,"Rich & Hearty Chicken Corn Chowder Flavored with Bacon Soup",69,15
3231,"Steamfresh Edamame Pods Frozen Vegetables",116,1
3233,"Organic Turkey with Rosemary, Sage & Thyme Bone Broth",69,15
3235,"Sriracha Flavor Tortilla Chips",107,19
3241,"Greek Dressing",89,13
3243,"Red Onions",83,4
3245,"Organic Stage 2 Apple Oatmeal With Cinnamon Baby Food",92,18
3248,"Breakfast Burrito With Potatoes Jack & Cheddar Cheese & Meatless Chorizo",13,20
3252,"Medium Green Chile Enchilada Sauce",30,6
3254,"Overnight Maxi Wrapped",126,11
3260,"Chips Ahoy!/Nutter Butter/Oreo Cookies",61,19
3265,"Mini Seedless Watermelon Pack",32,4
3269,"Santa Cruz OG Blackberry Pom Fruit Spread",88,13
3270,"Chocolate Hazelnut Snack Pack",71,16
3272,"Pancake Batter, Original",52,1
3274,"Black Tea Pyramids",94,7
3275,"Mozzarella Log",21,16
3283,"Peanut Butter Creme Cookies",61,19
3285,"Strawberry Squeeze Fruit Spread",88,13
3289,"Organic Worcestershire Sauce",72,13
3290,"Indian Coconut Curry Simmer Sauce",76,6
3293,"Seasoned & Cooked Pulled White Meat Chicken with Jack Daniel's Barbeque Sauce",49,12
3295,"Organic Mother's Milk Herbal Tea",94,7
3298,"Mozzarella String Cheese",21,16
3305,"Turkey Cranberr Sage Bone Broth",69,15
3308,"Original English Muffins",93,3
3309,"Challah Bread Loaf",112,3
3315,"7 Whole Grain Flakes Cereal",121,14
3318,"Cinnamon Swirl Raisin Bread",112,3
3321,"Vanilla ... Ahhh Frozen Coconut Dessert",37,1
3327,"Original Toasted Wheat Germ",17,13
3330,"White Cheddar Snack Crackers Cheddar Bunnies",78,19
3332,"Matzo Ball & Soup Mix",33,6
3334,"Fruit Juicy Red Juice Drink",98,7
3339,"Organic Russet Potato Bag",123,4
3344,"Balsamic Vinaigrette Enhanced With Omega 3",89,13
3345,"Natural Herb Cough Drops",11,11
3348,"Tuscan Tomato And Basil Bisque",69,15
3358,"Rising Crust Supreme (Sausage, Pepperoni, Red Peppers, Green Peppers, Onions, Black Olives) Frozen Pizza",79,1
3362,"Strawberry Cheesecake Protein Bar",3,19
3369,"Pinot Noir, Vin de Pays d'Oc, 2006",28,5
3374,"Sweet Potato",78,19
3375,"Ultratab® Tablets Allergy",11,11
3376,"Organic Whole Kernel Sweet Corn No Salt Added",81,15
3377,"Mostaccioli Pasta",131,9
3382,"Organic Eggplant",83,4
3388,"Organic Protein Shake French Vanilla",65,11
3389,"Diet Dr.Pepper Soda Pack",77,7
3390,"Papaya",24,4
3392,"Rainbow Peppercorns",23,19
3397,"Organic Lightly Salted Sea Salt Thin & Crispy Restaurant Style Tortilla Chips",107,19
3398,"Dark Chocolate with Whole Hazelnuts",45,19
3400,"Flip Pumpkin Harvest Crisp Lowfat Greek Yogurt",120,16
3401,"Blueberry Cinnamon Bread",8,3
3405,"Mushroom Spinach & Salsa Tamales With 2 Cheeses",13,20
3407,"Reddi Wip Fat Free Whip Cream",53,16
3420,"Raw Jack Style Cheese",21,16
3431,"Squeezed Lemonade",64,7
3434,"Coffee Mate Natural Bliss Sweet Creme Coffee Creamer",53,16
3441,"Starlight Mints",46,19
3442,"Spectacular Ginger Beer",77,7
3457,"Swedish Style Non-Fat Drinkable Yogurt Plain",120,16
3459,"Guacamole Dips",67,20
3463,"Twist 'n Loc Medium Round Containers + Lids",85,17
3464,"Organic Butterhead (Boston, Butter, Bibb) Lettuce",83,4
3466,"70% Dark Chocolate With Orange Bar",45,19
3469,"Organic Vegetarian Mild Refried Beans With Green Chiles",59,15
3472,"Salted Caramel Decadent Brownie Mix",105,13
3473,"Clementine Dish Soap",74,17
3476,"Authentic French Sliced Brioche",112,3
3479,"Classic Whipped Cream",53,16
3480,"Organic Sweet Corn",116,1
3481,"Pineapple",24,4
3485,"Berry Shot Dietary Supplement",64,7
3486,"Cinnamon Graham Crackers",78,19
3491,"Everyday Shea Lavender Bubble Bath",102,18
3494,"Matcha Powder",94,7
3495,"Creamy Caramel Filled Hard Candies",45,19
3509,"Dark Chocolate Coconut Bites",3,19
3510,"Swedish Oatmeal Pancakes",130,14
3512,"Black Beans Reduced Sodium",59,15
3513,"Organic Blueberry",24,4
3518,"Dusters Cleaner Refills Unscented",114,17
3520,"Organic Vegan Caesar Salad Dressing",89,13
3522,"Signature Recipes Fire Roasted Tomato & Garlic Pasta Sauce",9,9
3526,"Coconut Pineapple Sparkling Water",98,7
3527,"Sorbet Pops Banana Coconut",37,1
3529,"Fully Cooked Original Bacon",106,12
3535,"Lemon Cayenne Agave Juice Beverage",31,7
3539,"Chocolate Dark Chocolate Ice Cream Bars",37,1
3541,"Nova Smoked Atlantic Salmon",15,12
3544,"Quartered Marinated Artichoke Hearts",81,15
3545,"Sun Dried Tomato Pesto",9,9
3546,"Organic Spelt Flour",17,13
3548,"Organic Pink Peppercorn",104,13
3550,"Organic Diced Fire Roasted Tomatoes",81,15
3556,"Organic Mellow Miso Brown Rice",66,6
3559,"Rebel IPA",27,5
3561,"Flat Fillets of Anchovies",95,15
3562,"Cinnamon Applesauce",99,15
3573,"Organic Green Sauerkraut",108,16
3579,"Home Style Beefless Tips",42,1
3583,"Unsweetened Coconut Milk Beverage",84,16
3585,"Exposed Pulp and Juice Original Aloe Vera + Honey",31,7
3590,"Real Medleys Summer Berry Oatmeal Cup",130,14
3592,"Triple Meat Party Pizza",79,1
3593,"Double Zipper Gallon Storage Bags",85,17
3594,"Milk Whole",84,16
3599,"Baked Aged White Cheddar Rice and Corn Puffs",23,19
3601,"Salsa Casera Mild",51,13
3603,"Creamy Spinach Dip",51,13
3605,"Stain Remover Carpet Cleaner",114,17
3614,"Foldit 5 Grain Flax Flatbread",128,3
3616,"Stove Top Stuffing Mix For Chicken",4,9
3619,"Nestle Toll House Premier White Chocolate Morsels",17,13
3627,"Organic Baby Corn Pieces",81,15
3628,"Gluten Free Paleo Fettuccine",38,1
3631,"Organic Whole Milk French Vanilla Yogurt",120,16
3634,"Krinkle Cut Classic Barbecue Potato Chips",107,19
3635,"Advanced Therapy Lotion",127,11
3638,"Organic Original Panko",5,13
3640,"Caesar Rules Dressing",89,13
3648,"Organic & Raw Grape Kombucha",27,5
3651,"Dairy Pure Fresh Half & Half",53,16
3655,"Organic Energy Drink Ruby Red",64,7
3661,"S'mores Luna Bar",3,19
3664,"Slim Can Lime Sparkling Natural Mineral Water",115,7
3667,"Cold-Brew Vanilla Coffee",26,7
3675,"Soft & Strong Bathroom Tissue 2 Ply",54,17
3676,"Regular Cream Cheese Spread",108,16
3678,"Old Fashioned Pretzel Rods",107,19
3682,"Organic Roasted Red Pepper & Tomato Soup",69,15
3689,"Beef Broth",69,15
3691,"Nourishing Moisture Conditioner",22,11
3693,"Cheese Cracker Sandwiches",78,19
3694,"Naproxen Sodium 220mg (NSAID) Pain Reliever/Fever Reducer",133,11
3696,"Original Baked Snack Crackers",78,19
3697,"Spinach Hummus",67,20
3699,"Chard, Green, New England Grown",83,4
3703,"Plates, 10-1/16 Inch",111,17
3706,"Sparkling Concord Juice Grape",98,7
3708,"Lean Protein & Fiber Bars, Chocolate Almond Brownie",65,11
3710,"Activia Greek Nonfat Yogurt Blueberry",120,16
3712,"Grilled Marinated Artichoke Hearts",81,15
3717,"Cheese Enchilada Meal",38,1
3721,"Unsweetened Green Tea",94,7
3732,"Grape 100% Juice",98,7
3740,"Gluten Free Fire-Roasted Vegetable Pizza",42,1
3754,"Gimbi Pink Grapefruit",98,7
3756,"0% Fat Blueberry Greek Yogurt",120,16
3761,"Country Peach Passion Herbal Tea",94,7
3765,"Original Whole Fat Lactose Free Milk",91,16
3771,"Organic Low Sodium Super Veggie Juice",98,7
3773,"Organic Ginger Juice",72,13
3776,"Chocolate Chip Waffles",52,1
3777,"Yellow Onion Bag",100,21
3782,"Bread, Jewish Rye",112,3
3784,"Large Pasteurized Eggs",86,16
3789,"0% Fat Superfruits Greek Yogurt",120,16
3793,"Honey Grahams Graham Style Crackers",29,13
3796,"Ranchero Braised Beef",38,1
3797,"Swiss Cheese Singles",21,16
3798,"Pink Lady Apples",24,4
3800,"Hampshire 100% Natural Sour Cream",108,16
3801,"Classic Cheddar Potatoes Pierogie",38,1
3804,"Homestyle Healthy Request Mexican Style Chicken Tortilla Soup",69,15
3807,"Chocolate Peanut Butter Non Dairy Frozen Dessert",37,1
3808,"Olive Oil Cooking Spray",19,13
3818,"Organic Chipotle Roasted Seaweed Snacks",66,6
3819,"Organic Mocha Coffee Concentrate",26,7
3820,"Double Chocolate Flavor Reduced Calorie Pudding Snacks Sugar Free",71,16
3822,"Green Magic Chia Squeeze",117,19
3826,"Hemp & Greens Burger",42,1
3829,"Organic Spicy Ginger Herbal Tea",94,7
3835,"Coconut Water, Pure Organic",98,7
3836,"Spinach And Artichoke Hummus",67,20
3840,"Grinder Himalayan Salt Pink",104,13
3843,"Organic Brussels Sprouts",83,4
3844,"Snackimals Chocolate Chip Cookies",61,19
3847,"Original Whole Grain English Muffins",93,3
3849,"Organic Sprouted English Muffin",93,3
3850,"Snowflake Crackers",78,19
3852,"Peppered Smoked Wild Mackerel",15,12
3855,"White Hot Dog Rolls",43,3
3856,"Deli Fresh Smoked Turkey Breast",96,20
3860,"Antioxidant Super Tea Pomegranate Peach Passion White Tea",94,7
3861,"Fresh Mushroom  Pasta Sauce",9,9
3863,"Crunchy Kale Nacho",50,19
3864,"Light Smoked Portuguese Sardines in Tomato Sauce",95,15
3869,"Organic Sweet Relish",72,13
3873,"Mountain Spring Water",115,7
3874,"Organic Stage 2 Pears Baby Food",92,18
3876,"Sofia Blanc De Blancs Sparkling White Wine",134,5
3880,"Corn Maize Tortillas",128,3
3883,"Chicken Fingers",34,1
3884,"Organic Plain Unsweetened Nondairy Cashew Yogurt",100,21
3885,"Crinkle Cut Carrots",116,1
3887,"Raw Honey, Organic",29,13
3892,"No-Scratch Refills",114,17
3896,"Organic Honey Sweet Whole Wheat Bread",112,3
3897,"Reduced Bitterness Brewer's Yeast",47,11
3899,"Chocolate Fudge Bite-lettes",45,19
3913,"Original Unfiltered Ginger Ale",77,7
3914,"Meatballs Italian Style",38,1
3917,"Flaxmilk 1200 mg Omega-3 Vanilla",123,4
3918,"Hummus Tahini",19,13
3919,"Hearty Grains 100% Whole Wheat English Muffins",93,3
3931,"Sweet & Spicy Tuna Creations",95,15
3947,"Outshine Fruit Bars Pineapple",37,1
3951,"Carrot and Broccoli Baby Food Puree",92,18
3952,"Organic Broccoli Crowns",83,4
3957,"100% Raw Coconut Water",31,7
3959,"Bacon Caesar Kit",123,4
3960,"Quietude Quick Dissolving Tablets",6,2
3962,"Tater Puffs",129,1
3963,"Pureed Baby Food Pears Beans",92,18
3967,"Cherry Soda",77,7
3970,"Organic Shiitake Sesame Dressing",89,13
3976,"Green Blueberry Slim Life Tea",94,7
3977,"Whole Milk Ricotta Con Latte",21,16
3979,"Rawhide Chip Rolls",40,8
3982,"Whole Cantaloupe",24,4
3988,"Roasted Salted Peanuts",117,19
3990,"Natural Sharp Cheddar Sliced Cheese",21,16
3991,"Moms Macaroni Salad",1,20
3996,"Diced Pears In Light Syrup Fruit Cups",99,15
3999,"Bosc Pear",24,4
4001,"Probugs Strawnana Split Frozen Ypgurt",37,1
4003,"White Large Roll",54,17
4005,"Sea Minerals Dish Soap",74,17
4006,"Hazelnut Spread With Skim Milk & Cocoa",88,13
4011,"Colby Jack",2,16
4013,"Organic Black Currant Probiotic Elixir",31,7
4020,"Gentle Skin Cleanser",73,11
4029,"Organic Corn Thins, Original",107,19
4030,"Egg Roll Wraps",66,6
4034,"Mushroom Ravioli",12,9
4035,"Herring in Dill Marinade",15,12
4037,"Blackberry Preserves",88,13
4039,"Tempt Original Hemp Milk",91,16
4042,"Chicken Curry with Seasoned Basmati Rice",38,1
4044,"Odorshield Tall Kitchen Drawstring Fresh Clean Trash Bags",60,17
4047,"Milano",61,19
4056,"Gluten Free Almond Flour",17,13
4058,"Mild Fire Roasted Diced Green Chiles",30,6
4066,"Organic Red Heirloom Pasta Sauce",9,9
4070,"Popped Rice Crisps Caramel Corn",78,19
4071,"Organic Lemongrass Ginger Ramen",66,6
4076,"Chipotle Habanero Hot Sauce",72,13
4081,"On the Go Natural Lemonade Drink Mix",90,7
4085,"Chocolate Peanut Butter Nutrition Bar",3,19
4086,"Mint",16,4
4091,"Kosher Whole Dill Pickles",110,13
4095,"Island Pineapple Gelatin Dessert Mix",105,13
4097,"Whole Grain Loaf",112,3
4098,"Havarti Dill Cheese",21,16
4100,"Organic Dark Roast",26,7
4102,"Hot Kid Organic Baby Mum-Mum Original Rice Rusks",92,18
4105,"Ion4 Mountain Berry Blast",64,7
4106,"Just Strawberries 'N Bananas",50,19
4114,"McVities Digestives The Original",61,19
4125,"Grapefruit Sparkling Juice Beverage",31,7
4129,"Mighty Veggie Carrot Pear Pomegranate & Oats Vegetable & Fruit Smoothie",92,18
4130,"Peanut Butter Cacao Chia Protein Bar",3,19
4136,"Living Herbs Potted Living Basil",16,4
4137,"Whole Grain Oat Cereal",121,14
4138,"Arancita Rossa",77,7
4142,"Trilogy Kombucha",31,7
4145,"Organic Chicken Breast In Water",95,15
4146,"Berry Punch Flavored Fruit Drink",31,7
4147,"Concentrated Splash-less Bleach Fresh Meadow",75,17
4149,"Frozen Organic Blueberries",24,4
4161,"Fresh Waters Scented Oil Refill",101,17
4162,"Organic Thai Coconut Curry Hummus",67,20
4163,"Spanish Rice Pilaf Mix",4,9
4167,"Organic Green Goddess Dressing",89,13
4168,"Rutabaga Organic",83,4
4174,"Rich & Creamy Fat-Free Half & Half Ultra-Pasteurized",53,16
4175,"Iced Lemon Pound Cake",8,3
4180,"On The Go Peach Iced Tea Drink Mix",90,7
4182,"Natural Delights Medjool Dates",117,19
4186,"10 oz Paper Bowls",111,17
4187,"Everyday Bowls Soak Proof Foam Bowls",111,17
4189,"Yogurt, Goat Milk, and Fruit, Banana & Natural Vanilla Bean with Pear, 2+",120,16
4193,"Ravioli, Spinach & Cheese",12,9
4206,"Refreshers Revitalizing Energy Blueberry Acai Sparkling Coffee Energy Beverage",64,7
4207,"Shampoo Nourishing Lavender",22,11
4208,"Pink Lemonade Vitamin C 1000mg Drink Mix Dietary Supplement",47,11
4210,"Whole Milk",84,16
4214,"Green Energy Tea",94,7
4220,"Hot & Spicy Tomato Ketchup",72,13
4232,"Ambrosia, Medium Roast",26,7
4241,"Casual Foam Bowls",111,17
4243,"Ibuprofen 200 Mg",133,11
4249,"Organic Sliced Jalapeños",81,15
4258,"Aquarium Series Liquid Hand Soap Refill",127,11
4261,"All Natural Whole Strawberries",116,1
4264,"Organic Sweet Pepper Medley",123,4
4268,"Spot's Stew Chicken Cat Food",41,8
4269,"Mild Cheddar Cheese",21,16
4274,"Vegan Cheddar Style Cheese Slices",21,16
4276,"Sea Salt Lentil Chips",107,19
4279,"Cheese Blintzes",52,1
4288,"Gluten Free Cafe Chicken Noodle Soup",69,15
4289,"15 Calories Light Lemonade",31,7
4292,"Lemon Verbena Toilet Bowl Cleaner",114,17
4294,"Spicy Salmon Avocado Roll",13,20
4297,"Cool Mint Chocolate",3,19
4302,"Artichoke Hearts",116,1
4305,"Black Tea Variety Pack",94,7
4306,"Simply Naked Pita Chips",107,19
4310,"Tranquil Sleep Chewable Tablets",47,11
4312,"Hash Brown Patties",52,1
4313,"Star Wars Italian Sweet Creme Creamer",53,16
4314,"Chai Vanilla Protein Protein Shake",31,7
4317,"Solid White Albacore Tuna In Water",95,15
4321,"California Endive Farms",123,4
4326,"Shredded Gouda",21,16
4329,"Yellowfin Tuna in Pure Olive Oil",95,15
4332,"Kettle Cooked Jalapeno Potato Chips",107,19
4334,"Flu Symptom Relief Pellets",47,11
4338,"Fruit Flavored Snacks Assorted Flavors",50,19
4343,"Hot Cocoa Mix, Milk Chocolate Flavor",90,7
4344,"Ciabatta Bread",112,3
4347,"Extralean Ground Turkey Breast",49,12
4350,"Mushroom And Ricotta Ravioli",2,16
4354,"Original No Pulp Orange Juice",31,7
4357,"Organic Chocolate Almondmilk Pudding",71,16
4365,"Hummus With Roasted Garlic",67,20
4366,"Multi-Grain Sea Salt Crackers",78,19
4367,"Garlic & Fine Herbs Gournay Cheese",21,16
4372,"Hot Guacamole",67,20
4373,"Rustic Ciabatta Loaf",112,3
4374,"Ultra Soft Bathroom Tissue Double Rolls",54,17
4376,"Coconut Kale & Cacao Organic Superfoods Bar",3,19
4377,"Bag of Oranges",24,4
4382,"Bliss Chocolate Toffee Truffle",26,7
4390,"Calcium Plus Vitamin D Vegetable Oil Spread",36,16
4391,"Coffee Chocolate Chip Gelato",37,1
4392,"Lavender Fabric Softening Dryer Sheets",75,17
4399,"Uncrustables Peanut Butter & Strawberry Jam Sandwich",38,1
4401,"Saffron",104,13
4410,"Organic Flax Plus Multibran Flakes",121,14
4411,"Artisan Style Corn & Whole Wheat Blend Tortillas",128,3
4421,"Organic Beef Uncured Hot Dogs",106,12
4422,"Optic White Sparkling Mint Toothpaste",20,11
4428,"Organic Mushroom & Olive Pizza",79,1
4429,"Gluten Free Chicken Dumplings",129,1
4442,"Spinach Plus Powergreens!",123,4
4443,"House Blend Medium Dark Roast Ground Coffee",26,7
4445,"Chamomile Herbal Tea",94,7
4447,"Berries 'n Cherries Fruit Snacks",50,19
4451,"Organic Skim Milk with DHA Omega-3",84,16
4455,"Raspberry Cereal",48,14
4461,"Organic Raw Unfiltered Apple Cider Vinegar",19,13
4462,"Pink Lady Apple Kombucha",94,7
4471,"Mozzarella Finely Shredded Shredded Cheese",21,16
4472,"Toasted Coconut Almondmilk Blend",91,16
4473,"Organic Sprouted Whole Grain Bread",112,3
4475,"Reclosable Snack Bags",10,17
4476,"Walnut Halves And Pieces",117,19
4478,"Chocolate Fudge Brownie Frozen Yogurt",37,1
4485,"Cinnamon Raisin Granola",57,14
4486,"Organic Dark Salted Burnt Caramel Chocolate Bar",45,19
4487,"Vegetarian Organic Golden Corn",81,15
4493,"Italian Sparkling Pomegranate And Orange Soda",115,7
4495,"Chicken Parmesan",38,1
4496,"Beyond Grain Free Chicken Cat Food",41,8
4497,"Pasta Sides Chicken Flavor",4,9
4500,"Chimichanga Chicken & Cheese",38,1
4506,"Rick Sticks, Vermicelli",66,6
4508,"Spinach & Cheese Pupusas",129,1
4514,"Reduced Fat Colby-Jack Cheese Sticks",21,16
4516,"Vegetable Classics Minestrone Soup",69,15
4518,"Organic Pomegranate",24,4
4519,"Chillin' Chicken Recipe",40,8
4524,"Zesty Pizza Sprouted Flax Snax",117,19
4533,"Butternut Squash Souffle",38,1
4534,"Greek Yogurt Flip Salted Caramel Crunch",120,16
4536,"Original Smoked Snack Sticks",23,19
4541,"Rainier Cherries",24,4
4544,"High Heat Canola Spray Oil",19,13
4546,"Organix Butcher & Bushel Grain Free Shredded Chicken Dog Food",40,8
4552,"All Natural Teriyaki Beef Jerky",23,19
4557,"Mango Peach Salsa",67,20
4562,"English Seedless Cucumber",83,4
4564,"Pasilla Pepper",83,4
4565,"Baked Snack Crackers Original",78,19
4567,"Pecorino Romano Cheese",2,16
4569,"Mini Crunchy Chocolate Chip Cookies",61,19
4574,"Organic Fat Free French Vanilla Yogurt",120,16
4576,"Mango Sorbet Pops",37,1
4577,"Spaghetti O's, Meatballs",59,15
4579,"Bottled Root Beer Soda",77,7
4586,"Rustic Tomato Salsa",51,13
4588,"Oral B Glide Cool Mint Deep Clean Floss",20,11
4589,"Fresh Fettuccini",131,9
4590,"Fentimans Curosity Cola",77,7
4591,"Quick 1 Minute Oatmeal",130,14
4593,"Gluten Free Pancake & Waffle Mix",130,14
4595,"Italian Dry Salame",96,20
4600,"All Natural French Toast Sticks",52,1
4603,"Organic Emerald Matcha Whole Leaf Tea",100,21
4605,"Yellow Onions",83,4
4608,"Very Vanilla Soymilk Singles",91,16
4610,"Country Sourdough Bread",112,3
4614,"Burrata alla Panna",21,16
4619,"Original Scent Extra Strength Fabric Refresher Spray",101,17
4620,"Ginger Root",16,4
4635,"Microwaveable 100% Beef Cheeseburgers",129,1
4639,"Crumbled Bacon",89,13
4642,"K-Toos Chocolate Sandwich Cream Cookies",61,19
4647,"Original Salt-Free Seasoning Blend",104,13
4649,"Extra Soft Bathroom Tissue",54,17
4654,"Banana Nut Muffin & Quick Bread Mix",105,13
4656,"Raspberry Preserves",88,13
4657,"Disinfectant, Botanical, Citrus Scent",114,17
4658,"Imported Mineral Water",115,7
4659,"Organic Sloppy Joe Seasoning",104,13
4660,"Sausage Pizza",79,1
4663,"Oatmeal Dark Chocolate Cookies",61,19
4664,"Peppermint Bark Gelato",37,1
4671,"Red Cabbage",83,4
4673,"Comfort Steak Portabella",38,1
4674,"Cherry Limeade",77,7
4675,"Boniato Sweet Potato",83,4
4681,"On the Go Raspberry Lemonade",90,7
4687,"Arnold Palmer Lite Half & Half Iced Tea Lemonade",94,7
4688,"Organic Sparkling Grapefruit Juice",98,7
4692,"Organic Vanilla Bean Greek Yogurt",120,16
4697,"Eggs, Cheese & Turkey Sausage Breakfast Burrito",52,1
4698,"Oscillo Oscillococcinum Quick-Dissolving Pellets",11,11
4699,"Refried Beans, Green Chile & Lime",59,15
4700,"100% Whole Wheat 8 Hot Dog Rolls",43,3
4704,"Pineapple Sausage",106,12
4711,"Sweet Peas Single Serve Bags",116,1
4712,"Organic Ground Mustard",104,13
4713,"Natural Chicken Breast Cutlets",35,12
4714,"Dark Chocolate Crunch",107,19
4715,"Kitchen Cleaner + Bleach, Fresh Scent",114,17
4724,"Broccoli Florettes",32,4
4726,"Original Bread Sticks with Real Garlic",129,1
4731,"Classic Roast",26,7
4734,"Turkey Feast Cat Food",41,8
4736,"Extra Fresh Body and Face Wash",127,11
4746,"Sea Salt  Garden Veggie Chips",107,19
4749,"Chewy Dipps Peanut Butter Granola Bar",3,19
4753,"Organic Apple Raisin & Quinoa Stage 2 Baby Food",92,18
4756,"White Chocolate Macadamia Nut Cookies",61,19
4763,"Pork Potstickers",13,20
4769,"All Natural Sweetener",17,13
4770,"Nantucket Mini Chocolate Chunk Cookies",61,19
4771,"NOTICEables Linen & Sky Dual Scented Oil Refill",101,17
4773,"Dry Valencia Orange Soda, Lightly Sweetened",77,7
4776,"Sparkling Mountain Spring Water Watermelon Lime",115,7
4778,"Wheat Thins Reduced Fat Crackers",78,19
4779,"Muesli",130,14
4781,"Original Coconut Milk Creamer",91,16
4790,"Organic Unsweetened Original Non Dairy Almond Beverage",91,16
4792,"Panda Puffs Peanut Butter Cereal",121,14
4793,"Wild Berry Smoothie",120,16
4796,"Baby Portabella Mushrooms",83,4
4798,"Top Chef Ravioli & Chicken Marinara",38,1
4799,"Shredded Parmesan",21,16
4802,"Sesame Oil, Pure",66,6
4808,"Seafood Stock",69,15
4809,"Greek Whole Milk Blended Blueberry Yogurt",120,16
4812,"Stage 1 Apples & Strawberries Organic Pureed Baby Food",92,18
4813,"Original Acai Juice",31,7
4817,"Cinnamon Apple Sauce",99,15
4821,"Tropical Mix",123,4
4824,"Floravital Iron + Herbs Liquid Extract Formula",47,11
4825,"Paleo Granola Cranberry Lemon",57,14
4834,"Garlic, Elephant",83,4
4835,"Strong Thai Sweet Chili Energy Bar",3,19
4836,"Honey Wheat Flatbread Egg White With Spinach & Mozzarella Style Cheese Product",52,1
4840,"Sponge Scrubber - 3 CT",114,17
4844,"Gotta Have Vanilla Organic Frozen Nonfat Yogurt",37,1
4847,"Organic Low-Fat Medium Black Bean Chili",59,15
4853,"Broccoli Rabe",83,4
4855,"Diced Butternut Squash",123,4
4862,"Raw Coconut Vinegar",19,13
4866,"Chocolate Covered Biscuit Sticks",61,19
4870,"Golden Chai Black Tea",94,7
4871,"Good Buddy USA Rawhide Braid Dog Chews",40,8
4872,"Organic Pepper Jack Cheese",21,16
4874,"Sweet Cream & Coffee Caramel Ice Cream",37,1
4879,"Milk, Fat Free",84,16
4880,"Milk & Caramel Mini Squares",45,19
4885,"91% Isopropyl Alcohol",118,11
4889,"Mini Peeled Carrots",83,4
4895,"Orange Mango Sparkling Water",115,7
4896,"Premium Dog Treats Peanut Butter Flavor, Medium Size",40,8
4897,"Facial Tissue Cube",54,17
4898,"Vitamin C 250 mg 60 Gummies",47,11
4900,"Roasted Vegetable Ravioli",12,9
4907,"Diced Potatoes with Onion",116,1
4913,"Table Water Crackers",78,19
4914,"Original Almond Chai Ready to Drink",91,16
4919,"Unscented Dishwasher Detergents",74,17
4920,"Seedless Red Grapes",123,4
4921,"Organic Roasted Garlic Mushroom Lentil Soup",69,15
4924,"Homestyle Baked Beans",59,15
4925,"Ginger Twist Tea",94,7
4927,"Organic Mint Dark Chocolate Bar",45,19
4931,"Sesame Sticks",117,19
4932,"Vanilla Bean Ice Cream",37,1
4933,"with Olive Oil Mayonnaise",72,13
4938,"Steak Strips",23,19
4940,"Organic Plain Greek Yogurt",120,16
4942,"Vanilla Almond Breeze",91,16
4945,"Large Pineapple Chunks",123,4
4947,"Lafayette Butter Lettuce & Radicchio Salad Blend",123,4
4952,"Unsweet Peach Water",115,7
4956,"White Beauty Bar Soap",127,11
4957,"Total 2% Lowfat Greek Strained Yogurt With Blueberry",120,16
4958,"Disney Pixar Cars Pasta & Broccoli with a Cheese Sauce Entree",38,1
4960,"Three Cheese Mini Pizza Bagels Frozen Snacks",79,1
4962,"Yotoddler Organic Pear Spinach Mango Yogurt",120,16
4966,"37% Less Sodium Soy Sauce",66,6
4967,"Granola Bars, Crunchy, Macaroon Crunch",3,19
4971,"Vitaminwater® Focus Kiwi-Strawberry",64,7
4972,"Mediterranean Fine Sea Salt",104,13
4975,"New York Cheesecake Slice",8,3
4977,"Mushroom Barley Soup",1,20
4981,"Parmesan and Rosemary Microwave Popcorn",23,19
4982,"Organic Stoneground Flakes Cocoa Clusters Cereal",121,14
4983,"Sweets Medley Sea Salt Sweet Potato Chips",107,19
4985,"Homestyle Some Pulp Orange Juice",31,7
4986,"Light Butter with Canola",36,16
4987,"Hint of Mint, Rich Chocolate with a Splash of Mint Fit Frozen Dessert",37,1
4989,"Organic Raspberry Passion Chia Beverage",31,7
4992,"Vidalia Onion",123,4
4995,"Bottled Imported Premium Light Lager Beer",27,5
5002,"Organic Iced Oatmeal Cookie ZBar",3,19
5005,"Coconut Cacao Drink",31,7
5006,"Cornmeal Medium Grind",17,13
5009,"Yuba Tofu Skin",14,20
5013,"Nutty for 'Nana Low-Fat Greek Yogurt",120,16
5014,"Organic White Corn Tortilla Chips",107,19
5015,"Organic Cottage Cheese Classic",108,16
5019,"Nourish & Moisturize Shampoo",22,11
5020,"Organic  Sweet & Salty Peanut Pretzel Granola Bars",3,19
5022,"Apricot",24,4
5023,"Sweeper Dry Sweeping Cloths Refill",114,17
5024,"Dark Red Kidney Beans No Salt Added",59,15
5025,"Green Onions",83,4
5028,"Strawberry Twizzlers",45,19
5031,"Medium Salsa Roja",67,20
5038,"Eggs",86,16
5041,"Chicken Margherita",38,1
5042,"Nighty Night Tea Bags",94,7
5045,"Oregon Oatmeal Cookies",8,3
5047,"Easy Open TabsBags",85,17
5048,"Baby Moisture Wash",102,18
5054,"Organic Kabocha Squash",83,4
5060,"BLUEBERRIES",100,21
5063,"Maple & Pecan Granola Gluten Free",57,14
5065,"Authentic Chinese Noodles",131,9
5067,"Original Syrup",29,13
5068,"Cauliflower Florets",32,4
5069,"Danimals Strawberry Explosion & Strikin' Strawberry Kiwi Smoothies",120,16
5072,"Dark Chocolate Raspberry Ice Cream Bars",37,1
5073,"Kombucha  Bilberry No. 9",31,7
5076,"Orange Ginger Mint Tea Bags",94,7
5077,"100% Whole Wheat Bread",112,3
5082,"Russian Style Gluten Free No Salt Added Farmers Cheese",21,16
5085,"Organic Stage 1 First Peas Baby Food",92,18
5086,"Almondmilk, Pure, Chocolate Protein",64,7
5090,"Marketplace Sweet Sriracha Braised Beef",38,1
5091,"Organic Iced Tea Variety Pack",94,7
5095,"PODS Laundry Detergent, Spring Meadow, 72 count, Designed for Regular and HE Washers Laundry",75,17
5097,"Mexican Style Taco Shredded Cheese",21,16
5098,"Golden Brown Pure Cane Sugar",17,13
5100,"Coffee, Coffee BuzzBuzzBuzz!® Ice Cream",37,1
5101,"Lean Sweet Italian Turkey Sausage",106,12
5102,"Signature Shredded Steak & Three–Cheese Chimichangas",38,1
5103,"Blueberry & Purple Sweet Potato  Super Puffs",92,18
5112,"Danimals Swingin' Strawberry Banana Smoothie",120,16
5114,"Peach,  Apricot & Banana Stage 2 Baby Food",92,18
5115,"Organic Medium Brown Eggs",86,16
5118,"Cranberry Blueberry Blackberry Flavor 100% Juice",98,7
5120,"Organic Vanilla Soymilk",91,16
5122,"Reduced Fat Midnight Chocolate Milk",84,16
5127,"Glutenfree Brownie Mix",105,13
5128,"Paper Towel",54,17
5130,"Organic Herb Blend",123,4
5131,"Superfood Slam Bar",3,19
5132,"Made Good Chocolate Chip Granola Bars",3,19
5134,"Organic Thompson Seedless Raisins",117,19
5141,"Organic Iced Black Tea",94,7
5151,"Lemon Ginger Caffeine Free Herbal Tea Bags",94,7
5157,"Orange 100% Juice",98,7
5161,"Dried Mango",18,10
5163,"Premium Super Sweet Corn Bi-Color",83,4
5165,"Organic Basil Garlic Polenta Pre-Cooked",63,9
5171,"Facial Tissues",54,17
5172,"Original Croccantini",78,19
5181,"Air Effects Linen & Sky Scent Air Freshener Spray",101,17
5183,"Sesame Chicken",38,1
5184,"Organic Red Grape Tomato",83,4
5189,"Jack's Special Mild Salsa",67,20
5190,"Wrigley's Orbit Cinnamint Sugarfree Gum - 14 CT",46,19
5194,"Organic Bunny Fruit Snacks Berry Patch",50,19
5199,"Variety Pack Pudding",105,13
5201,"Apple Turnover",93,3
5206,"Organic Infant Formula With Iron",92,18
5210,"Original Baked Beans",59,15
5212,"Watermelon Chunks",123,4
5214,"Organic Corn Flakes Fruit Juice Sweetened Cereal",121,14
5223,"Fruit & Cream Variety Pack",130,14
5230,"Watermelon Luau Bowl",39,12
5234,"Herb Seasoned Restaurant Style Croutons",89,13
5237,"Miso Mayo",66,6
5240,"Spaghetti  No 12",131,9
5247,"Zero Cola",77,7
5248,"Hot Roll Sausage",106,12
5250,"Blueberry Muffin Bar",3,19
5251,"Shaved Brussel Sprouts",123,4
5257,"Body Butter Shea & Almond Oil Moisturizing Body Wash",127,11
5258,"Sparkling Water",115,7
5259,"Condensed Chicken Noodle Soup",69,15
5262,"Brown Extra Large Grade AA Eggs",86,16
5266,"Fish Sauce",5,13
5268,"Bagel Bites Three Cheese Mini Bagel Pizzas",129,1
5271,"Diced Peaches Fruit Bowl",99,15
5282,"Medium Jalfrezi Curry Indian Simmer Sauce",76,6
5283,"Lager, Jamaican Style",27,5
5296,"Roasted Salted Almonds",117,19
5303,"Organic Roasted Seaweed Snacks Teriyaki",66,6
5306,"Salad Dressing & Marinade Classic Vinaigrette",89,13
5312,"Coconut Cookie Thins",61,19
5314,"Supremely Spicy Hummus, Family Size",67,20
5315,"Fettuccine Pasta",131,9
5318,"Organic Ginger Beet Kraut",110,13
5322,"Gluten Free Dark Chocolate Chunk Chewy with a Crunch Granola Bars",3,19
5323,"Organic Strawberry Lowfat Yogurt Smoothie",120,16
5328,"Tropical Kombucha",31,7
5329,"3Dwhite action Power Toothbrush",20,11
5331,"Chocolate Peanut Butter Toffee Fiber Bar",3,19
5334,"Blue Eucalyptus & Lavender Natural Laundry Detergent",75,17
5337,"Monterey Jack Cheese",21,16
5346,"Mochi Ice Cream",37,1
5349,"Original Plus Vitamins & Minerals Cat Food",41,8
5351,"Smoked Whitefish Salad",1,20
5355,"Happy Baby Stage 1 Sweet Potato Organic Baby Food",92,18
5358,"Lemongrass Basil Chicken With Jasmine Rice",38,1
5364,"Muffin Pan 12 Cup Non Stick",10,17
5367,"Liv A Littles Wild Salmon Treats",40,8
5372,"Oats Apple Cinnamon Blended Low-Fat Greek Yogurt",120,16
5373,"Organic No Salt Added Diced Tomatoes",81,15
5374,"Ultra Soft & Strong Double Roll Toilet Paper",54,17
5375,"Sweet Apple Slices",123,4
5377,"Angel Hair Nests Pasta",131,9
5380,"Organic Mint Bunch",16,4
5383,"Organic Capellini",131,9
5384,"Strawberry Banana Smoothie",98,7
5385,"Country White Bread",112,3
5386,"Strawberry",120,16
5388,"Country French Bread",112,3
5390,"Boneless Beef Chuck Roast",122,12
5391,"2x Ultra Gentle Care Laundry Detergent",75,17
5393,"Organic Whole Chocolate Milk",84,16
5397,"Plus SuperFresh EverFresh Scent Dryer Sheets Fabric Softener",75,17
5412,"Exam Glove Latex Osfm",118,11
5420,"V Fusion Pomegranate Blueberry 100% Vegetable & Fruit Juice",98,7
5422,"Deluxe Everything Bagels",93,3
5426,"Chocolate, 40%, Creamy Milk",45,19
5428,"1 Liter",115,7
5433,"Superfood Bar Maca Maple Organic",3,19
5436,"Diced Green Chiles",81,15
5438,"Prosciutto",96,20
5441,"Artichoke Hearts Quartered",81,15
5445,"Protein Zone Protein Juice Smoothie",31,7
5449,"Margherita Pizza",79,1
5450,"Small Hass Avocado",24,4
5451,"Organic Zucchini Spirals",83,4
5456,"Green Tea With Ginseng and Honey",96,20
5457,"Classic Carbonated Natural Mineral Water",115,7
5459,"Chamomile Tea",94,7
5460,"Butter",36,16
5463,"Original Oat Bar",3,19
5464,"Demerara Sugar",17,13
5467,"Spinach & Cheese Enchilada Verde Meal",38,1
5473,"Ultimate Flora Vaginal Support Probiotic Supplement Vegetable Capsules",126,11
5475,"Organic Blue Agave",29,13
5479,"Italian Sparkling Mineral Water",115,7
5483,"Organic Flax Oil Supplement",47,11
5484,"Hibiscus Mint Frozen Pops",37,1
5487,"Unsweetened Strawberry Kiwi Water",115,7
5488,"With Pineapple Pulp Free Orange Juice",31,7
5490,"Creamy Mushroom Chicken Pot Pie",38,1
5491,"Stage 1 Apples Sweet Potatoes Pumpkin & Blueberries Organic Pureed Baby Food",92,18
5493,"Organic Whole Grain Mustard",72,13
5496,"Cold Brew Coffee Can",26,7
5499,"Organic Cream Of Chicken Condensed Soup",69,15
5513,"Grooves Zesty Cheddar Ranch Crackers",78,19
5514,"Organic Homogenized Whole Milk",84,16
5516,"Bread Machine Yeast",17,13
5517,"Krinkle Cut Dill Pickle Potato Chips",107,19
5518,"Punjabi Tikka Masala Rich Creamy Tomato Cooking Sauce",76,6
5528,"HUMMUS 10OZ  WHITE BEAN EAT WELL",67,20
5531,"Cool Mint Chocolate Energy Bar",3,19
5534,"Simply Venus Pink Women's Disposable Razor",55,11
5535,"Large Brown Free Range Eggs Grade A",86,16
5539,"Organic SprouTofu Silken Tofu",14,20
5545,"Cage Free Real Egg Product",86,16
5546,"Roasted Peanut Protein Bar",3,19
5547,"Roasted Sesame Seaweed Snacks",66,6
5550,"YoBaby Peach Pear Yogurt",120,16
5552,"Toasted Almond Gelato",37,1
5556,"Organic Tuscan Italian Dressing",89,13
5559,"Cream Of Mushroom Soup",69,15
5564,"Original Unsweetened Dairy-Free Beverage",91,16
5566,"Caesar Supreme Salad Kit",123,4
5575,"Cheddar Puffs",107,19
5578,"Okra",83,4
5580,"Smart Ones Tasty American Favorites Tuna Noodle Casserole",38,1
5584,"Vitamin D3 Gummies, 1000 IU, Great Wild Berry Taste!",47,11
5586,"Original Glass Cleaner",114,17
5588,"Organic Saffron",104,13
5589,"Tangerine Fruit Juice",31,7
5600,"Fig Bar",3,19
5602,"Organic Dark Rye Flour",17,13
5603,"Organic Green Peas",116,1
5605,"Sesame Seed",104,13
5606,"Gluten-Free Supergrain Pasta Garden Pagodas",131,9
5609,"Nesquick Chocolate Flavor Drink Mix",90,7
5612,"Reduced Fat Milk",84,16
5614,"Grape Fruit Roll",50,19
5615,"White Miso Soup Mix",66,6
5616,"Mexican Papaya",24,4
5618,"Cauliflower",83,4
5621,"Sea Salt Fine Crystals",104,13
5622,"Cocktail Tomatoes on the Vine",123,4
5634,"Organic Pasture Raised Local Eggs",86,16
5635,"IncrediBites With Salmon Tomatoes Carrots & Wild Rice Dog Food",40,8
5636,"Vanilla and Chocolate Low Fat Ice Cream Sandwiches",37,1
5640,"Vanilla Soy Creamer",91,16
5642,"Organic Stage 3 Spaghetti with Cheese 6 Ounce Jar",92,18
5645,"Meatless and Soy Free Sausage Patties",52,1
5646,"Organic Turkey Bacon",106,12
5648,"100% Recycled 1-Ply Bathroom Tissue",54,17
5649,"La Vodka Cooking Sauce",9,9
5652,"Organic Red Potatoes",83,4
5653,"Chicken Curry Salad",1,20
5657,"Baby Dry Diapers  Size 5",56,18
5670,"Broccoli Pancakes",52,1
5672,"Color Treated Herbal Essences Color Me Happy Hair Conditioner for Color-Treated Hair 23.7 Fl Oz Female Hair Care",22,11
5677,"Children's Silly Strawberry Fluoride Free Toothpaste",20,11
5679,"Strawberry Yogurt Melts",92,18
5680,"All Natural Homogenized Vitamin D Milk",84,16
5681,"Country Bread",112,3
5684,"Gluten Free Multi Seed Rice Thin Crackers",78,19
5688,"Organic Tofu Veggie Burger",14,20
5690,"Organic Tangellos",24,4
5691,"White Corn Chips Tortilla Chips",107,19
5692,"Cinnamon & Spice Instant Oatmeal",130,14
5697,"Italian Pasta Sauce Puttanesca Tomato & Sliced Olives",9,9
5699,"Gluten Free Mushroom Risotto Bowl",38,1
5707,"Dark Chocolate Cinnamon Pecan Bar",3,19
5708,"Original Turkey Jerky",23,19
5710,"Fresh Care* Flushable Cleansing Cloths Refill",54,17
5711,"Mandarin Orange Sparkling Water",115,7
5713,"Original Ranch Salad Dressing",89,13
5716,"Original Buttery Spread",36,16
5718,"Balsamic Capers",110,13
5723,"Popped Corn Chips Kettle",23,19
5725,"Black Pearls Medium Pitted Ripe Olives",110,13
5727,"Sandwich Potato Bread",43,3
5729,"Sea Salt Popcorn",23,19
5730,"Plus Soft Toothbrush",20,11
5732,"Medium Salsa Con Queso",51,13
5734,"Pizzeria-Style Crust Supreme Speciale Pizza",79,1
5737,"Reduced Sugar Tomato Ketchup",72,13
5744,"Unsalted Chicken Stock",69,15
5746,"Heavy Cream",53,16
5748,"Free and Gentle High Efficiency Liquid Laundry Detergent",75,17
5750,"Total Plain Greek Strained Yogurt",120,16
5757,"Nuts & Spices, Dark Chocolate Mocha Almond",3,19
5760,"Natural Gluten-Free Beef Corn Dogs",129,1
5764,"Organic SprouTofu Teriyaki Tofu Cutlets",14,20
5769,"Organic Chicken Stock",69,15
5770,"97% Fat Free Beef Franks",106,12
5771,"Blueberry Muffin Fruit and Nut Bar",3,19
5778,"Ultra Hydrating Coconut Lime Body Lotion",25,11
5779,"Dubliner 100% Natural Cheese Reduced Fat",21,16
5782,"Grade A Large White Eggs",86,16
5785,"Organic Reduced Fat 2% Milk",84,16
5786,"Fruit Punch Super Drink",98,7
5793,"Rehab Tea + Lemonade + Energy",64,7
5794,"House Blend Deep Roast Ground Coffee",26,7
5799,"Mint Chocolate Gelato",37,1
5801,"Turkey, Pepperoni & Cheese Ready to Eat Meal Kit",4,9
5803,"Fresh Tilapia Fillets",39,12
5805,"Stage 2 Chicken Casserole with Vegetables & Rice Organic Baby Food",92,18
5808,"Turkey Pastrami",13,20
5817,"Maifun Rice Sticks",66,6
5818,"White Onion",83,4
5819,"Baby Carrots",123,4
5825,"Organic Celery",83,4
5826,"Organic Mint Confetti Ice Cream",17,13
5831,"Genuine Cookies 'n Creme Non Dairy Protein Shake",65,11
5844,"Lime Ice Cubes",37,1
5851,"Kettle Cooked Mesquite BBQ Potato Chips",107,19
5855,"Whole American Red Snapper",39,12
5856,"Dish Soap Lime Zest",74,17
5857,"Pickles Kosher Dills",110,13
5858,"Three Sisters Chili",67,20
5859,"Dishmate Ultra Grapefruit Dishwashing Liquid",74,17
5860,"Sweet Chili Pistachios",117,19
5865,"Classic Cheddar Popcorn",23,19
5866,"Bianco Organic Whole Peeled Tomatos",81,15
5867,"Gluten Free Popped Apple Cinnamon Rice Crisps",78,19
5869,"Unsweetened Carob Chips",17,13
5875,"Roasted Garlic & Gruyere Cheese Smoked Chicken Sausage",106,12
5876,"Organic Lemon",24,4
5877,"Organic Rose Maqui & Cocao Bar",45,19
5878,"Organic Ground Cardamom",104,13
5883,"Organic Strawberry Lemonade",98,7
5884,"Royal Gala Apples",24,4
5886,"Cinnamon Toast Organic Rice Cakes",78,19
5890,"Kind Organics Plant Calcium",47,11
5899,"Organic Kalamata Olive Spread",51,13
5902,"Rice Crackers, Original",78,19
5903,"Whoppers Robin Eggs",45,19
5905,"The People's Daily Green Tea Bags",94,7
5907,"Apple Cinnamon Fig Bar",48,14
5911,"Hand Soap Lavender & Coconut",25,11
5912,"Organic Tarragon",16,4
5913,"Lite Coconut Milk",66,6
5917,"Craveables Supreme Pizza",79,1
5918,"Single Serve Cheese Pizza",79,1
5922,"Honest Face, Hand, & Baby Wipes",56,18
5923,"Traditional Favorites Four Cheese Pasta Sauce",9,9
5926,"Gluten Free Penne",131,9
5928,"Grillers Original Burgers",42,1
5930,"Pieces Peppermint - 16 CT",46,19
5931,"Organic Sparkling Pomegranate Energy Water",64,7
5933,"Wild Caught Frozen Sockeye Salmon Fillet",39,12
5938,"Savory Salmon",41,8
5941,"G2 Low Calorie Fruit Punch Drink",64,7
5954,"Tequila 100% De Agave Anejo",124,5
5955,"Naturals Balsamic Vinaigrette",89,13
5959,"Four Cheese Thin Crust Pizza",79,1
5962,"Teriyaki Chicken",4,9
5966,"Organic Chicken Meatballs",129,1
5968,"Crushed Tomatoes in Rich Puree",81,15
5969,"Black Bean Tortilla Chips",107,19
5970,"Whole Grain White Bread",112,3
5971,"Salt & Pepper Pistachios",117,19
5973,"Spicy Avocado Hummus",67,20
5976,"Veggie Lover's Salad Blend",123,4
5984,"Clam Juice",95,15
5985,"Red Bell Peppers",32,4
5987,"Mandarins",123,4
5989,"Sliced Tamed Jalapeno Peppers",110,13
5991,"Bok Choy",83,4
5993,"Dishwashing Liquid Original Scent",74,17
5994,"Traditional Refried Beans",59,15
5995,"Asiago Pressato",2,16
6000,"Organic Baby Romaine",123,4
6003,"Berry Valley Blueberries",24,4
6005,"Draft Root Beer",77,7
6006,"Good Buddy Meaty Center Bone",40,8
6007,"Original Pepperoni & Sausage Pizza",79,1
6008,"Organic Apples",24,4
6015,"Milk Chocolate Sea Salt Caramels",45,19
6016,"Sausage, Egg, & Cheese Croissant",52,1
6020,"Organic Crushed Red Pepper",104,13
6022,"Shredded Sharp Cheddar",2,16
6023,"Watermelon Lime Sparkling Mountain Spring Water",115,7
6025,"Spring Roll Wrappers",66,6
6026,"Dark Chocolate Chunk Cookies",61,19
6030,"Original Large Dentastix Oral Care Dog Treats",40,8
6036,"Cinnamon French Toast Sticks",52,1
6041,"Oatmeal Stout Beer",27,5
6046,"Boneless Skinless Chicken Breast",35,12
6047,"100% Vegetable Juice",98,7
6052,"Eggo Chocolate Chip Waffles",52,1
6061,"Wax Paper",10,17
6066,"Mini Moo's Real Cream Half & Half",53,16
6069,"Maple Pumpkin Seeds with Sea Salt Chewy with a Crunch Granola Bars",3,19
6073,"Vanilla Yogurt Rasins",117,19
6074,"Mixed Fruit",116,1
6080,"Organic High Protein Blueberry Harvest Granola",57,14
6087,"Fresh Goat Cheese",21,16
6089,"Super Chunk Extra Crunchy Natural Peanut Butter Spread",88,13
6091,"Oatmeal Squares Hint Of Brown Sugar Cereal",130,14
6098,"Organic Iced Cafe Mocha Nutritional Shake",26,7
6101,"Farfalle No. 93",131,9
6104,"Whole Milk Plain Yogurt",120,16
6105,"Junmai Sake",134,5
6106,"Philadelphia Garden Vegetable Light Cream Cheese",108,16
6107,"Gourmet Jelly Beans 30 Flavors",45,19
6110,"Maifun Brown Rice Noodles",66,6
6111,"Mediterranee Strawberry Yogurt",120,16
6121,"Broccoli Medley",123,4
6128,"Original Fresh Stack Crackers",78,19
6129,"Golden Flaxseed",17,13
6132,"Lemon Tulsi Tea",94,7
6135,"Cream Of Tartar",104,13
6137,"Merlot",28,5
6139,"Original Restaurant Style Party Size Tortilla Chips",107,19
6141,"Low Sodium Beef Broth",69,15
6146,"Zero Root Beer",77,7
6152,"Cilantro Green Olive Salsa with Charred Tomatilla",51,13
6155,"Original String Cheese",21,16
6160,"Tea Tree Essential Oil",101,17
6165,"Light Thousand Island Dressing",89,13
6166,"Baked Whole Grain Wheat Cracked Pepper & Olive Oil Crackers",78,19
6177,"Dijon Mustard Squeeze Bottle",72,13
6178,"Apple Pie",8,3
6179,"Berries & Cherries Paleo Granola",57,14
6182,"Natural Artesian Bottled Water",115,7
6184,"Clementines",32,4
6187,"Raisin Bran Cereal",121,14
6188,"Organic Apple & Butternut Squash Baby Food",92,18
6193,"Organic Fancy Shredded Mozzarella Cheese",21,16
6195,"Eggo Mini Homestyle Waffles",52,1
6201,"Bite Size Tortilla Chips",107,19
6204,"Original Smoked Snack Stick Giant Slim",23,19
6209,"TAB",77,7
6210,"Kitchen Scrubber Sponge",114,17
6213,"Kellogg's Corn Flakes Cereal",121,14
6217,"Pumpkin Spice Protein Bar",3,19
6218,"Organic Avocados",83,4
6224,"Simply Clean Fragrance Free Wipes",56,18
6225,"Baked Pizza Goldfish Crackers",78,19
6227,"Farmer's Market Berry Crumble Protein & Fiber Hot Oatmeal",130,14
6228,"Cardamom SmartFloss",20,11
6234,"All Natural Sodium Free Whole Wheat Bread",112,3
6235,"Gluten Free Vegan Chocolate Chocolate Chip Protein Bar",3,19
6236,"BBQ Ranch Chopped Salad",123,4
6238,"Lettuce Red Butter Organic",123,4
6240,"Green Tea Pomegranate",94,7
6242,"All Natural Boneless & Skinless Chicken Breasts Family Pack",49,12
6244,"Club Soda Lower Sodium",77,7
6245,"Baby Vegetable Medley Steamers",116,1
6249,"Vidalia Onion and Cilantro Dressing Marinade",89,13
6252,"Frijoles Negros Black Beans",59,15
6255,"Multi-Grain Cheerios Dark Chocolate Crunch Cereal",121,14
6258,"Fit Triple Berry Crunch Whole Grain Granola",57,14
6265,"Fruit Gushers Fruit Flavored Snacks Variety Pack",50,19
6271,"Original Havarti Cheese",21,16
6274,"Squeeze Pouch Sour Cream",53,16
6278,"Coconut Cream",76,6
6279,"Warrior Blend Vanilla Raw Vegan Protein",65,11
6282,"Gluten Free Baguettes",112,3
6286,"Half and Half",53,16
6287,"Organic & Raw Strawberry Serenity Kombucha",31,7
6291,"Ezekiel 4:9 Flax Sprouted Grain Bread",121,14
6292,"Organic Fire Roasted Corn",116,1
6297,"Cheese Puffs Original",107,19
6300,"Light & Lean Pasta & Veggie Bowl",38,1
6307,"Citrus Ginger Kraut Pickles",110,13
6309,"Greek Yogurt Flip Smore Smore's Sweet Vanilla Low Fat",100,21
6313,"Creamy Supreme Frosting Cream Cheese",97,13
6317,"Vanilla Sandwich Creme Cookies",61,19
6318,"Oikos Triple Zero Greek Vanilla Yogurt Cups",120,16
6319,"Sweet, Peeled Red Pimientos",81,15
6326,"Extreme Dark Chocolate",45,19
6328,"Casera Medium Salsa",51,13
6332,"Organic Sliced Portobello Mushrooms",81,15
6336,"Organic Soft White Bread",112,3
6338,"Red Classic, Sugar-Free",37,1
6340,"Frosted Flakes Cereal",121,14
6341,"Brown Eggs",86,16
6342,"Santa Cruz OG Apricot Fruit Spread",88,13
6343,"Pizza Poppers, Three Cheese",129,1
6344,"Spicy Pickle Spears",110,13
6347,"Unsweetened Almond Milk",91,16
6348,"Mini Original Babybel Cheese",21,16
6350,"Fettuccini with Chicken Broccoli",38,1
6352,"Triple Zero Peach Oikos Greek Yogurt",120,16
6358,"Natural Artichoke Hearts Quartered",81,15
6359,"Mango Nectar with Alphonso Mangos",98,7
6360,"Mouthwash, Tea Tree Oil",20,11
6361,"Soft Potato Bread",112,3
6366,"Ultra Plush® 3 Ply Double Toilet Paper Rolls",54,17
6368,"Sour Cream And Onion Potato Chips",107,19
6369,"Chunky Peanut Butter",88,13
6371,"Fresh Frozen Strawberries",116,1
6374,"Cat Treats Temptations Seafood Medley",41,8
6375,"High Protein Bar Creamy Peanut Butter",3,19
6376,"White Tea Peach Mango Tea Bags",94,7
6377,"Raspberry Chocolate Chip Gelato",37,1
6380,"Everyday Coconut Hydrating Conditioner",22,11
6381,"Grillers Prime Burgers",42,1
6383,"All Whites 100% Egg Whites",86,16
6384,"Almond Chia Granola Clusters",57,14
6388,"Organic Cocoa Powder",90,7
6390,"Organic Vitality Snack Green Magic Chia",92,18
6396,"Potato Wedges",13,20
6400,"Almond Acai Lite Bar",3,19
6402,"Sprouted Whole Grain & Seed English Muffins",93,3
6403,"Slow Churned Light Mint Cookie Crunch Ice Cream",37,1
6411,"Delights Honey Wheat Flatbread Turkey Sausage, Egg & Cheese",52,1
6414,"Clean Care Big Roll Toilet Paper",54,17
6416,"Little Bites Fudge Brownies",61,19
6422,"Big Roll White Paper Towels",54,17
6427,"Mini Swirls Birthday Party Ice Cream Cones",37,1
6447,"All Natural Bar Peach",3,19
6448,"Smartfood White Cheddar Cheese Popcorn",23,19
6454,"Whole Wheat Bread Loaf",112,3
6455,"Organic Magic Muesli",68,10
6457,"Organic Koala Crisp Chocolate Cereal",121,14
6459,"100% Pure Lavender Oil",101,17
6470,"Simple Favorites Fettuccini Alfredo",38,1
6473,"Bag of Lemons",24,4
6474,"Organic Sparkling Cider",77,7
6475,"Limonata Sparkling Lemon Beverage",77,7
6481,"Vanilla Almond Coffee Creamer",91,16
6482,"Olive Oil Baked Potato Chips",107,19
6483,"Sliced Salmon Canned Catfood Entree",41,8
6484,"Sponge Regular",114,17
6485,"Jarro-Dophilus + FOS Probiotic Supplement",70,11
6489,"Backyard Barbeque Potato Chips",107,19
6491,"Hommus Roasted Eggplant",67,20
6493,"Thai Jasmine Rice",63,9
6497,"Chocolate Sandwch",37,1
6503,"Ground Coriander Seed",104,13
6508,"Oh My Yog! Madagascar Vanilla Trilayer Yogyurt",120,16
6510,"Milk Chocolate",45,19
6512,"Clear Measuring 2 Cup with Measurements",10,17
6515,"All Natural Cocoa Powder Unsweetened",17,13
6518,"California Blend Vegetables",116,1
6519,"Hot Cocoa Mix",105,13
6530,"Organic Popped Corn Simply Salted",23,19
6532,"Organic YoKids Very Berry Smoothies",120,16
6533,"1% Lowfat Organic Milk",84,16
6541,"Organic Baby Food Banana Beet & Blueberry",92,18
6543,"Garam Masala, Organic",104,13
6549,"Oat Bran Gluten Free",121,14
6550,"Fridge and Freezer Baking Soda Pack",17,13
6552,"Crunchy Chocolate Chip Chia Granola & Seed Bars",48,14
6555,"Parmesan Beef Meatballs",122,12
6558,"Cracked Pepper Turkey Breast",96,20
6567,"Chocolate Peanut Butter Protein Bar",3,19
6568,"Snacks Mango",50,19
6571,"Kaedama Ramen Noodles",66,6
6576,"White Cheddar Baked Snack Crackers",78,19
6581,"Cucumber",83,4
6583,"Oraganic Lemon Elation Yerba Mate Drink",98,7
6585,"100% Pure Organic Apple Juice",98,7
6586,"Super Garlic Croutons",112,3
6587,"Lightly Salted Chips",107,19
6592,"Premium Light Beer",27,5
6593,"Geranium Scented Multi-Surface Everyday Spray Cleaner",114,17
6595,"Sourdough Garlic Bread",112,3
6598,"Butternut Spirals Organic",123,4
6600,"Sun Blossom Liquid Fabric Conditioner 60 loads",75,17
6606,"Gluten Free Garden Vegetable Lasagna",38,1
6610,"Mild Hand Picked Miniature Extra Tender Imported Pepperoncini",110,13
6615,"Mozzarella Cheese",21,16
6616,"Raspberry Dark Chocolate bar",45,19
6618,"Classic Bologna",96,20
6620,"Age Defying Classic Night Cream",73,11
6623,"Lunchables Uploaded Deep Dish Pizza with Pepperoni",13,20
6626,"Real Medleys Summer Berry Granola",3,19
6628,"Lemon Verbena Fabric Softener",75,17
6629,"Mangolicious",120,16
6631,"No Pulp Calcium & Vitamin D Pure Orange Juice",31,7
6636,"Organic Power Blend Mixed Vegetables",116,1
6638,"Organic Brown Rice Crisps Cereal",121,14
6644,"Mozzarella Di Bufala",21,16
6646,"Garlic & Parmesan Plentils",107,19
6647,"Navel Orange",24,4
6649,"Organic Oil Canola",19,13
6651,"Organic Spelt English Muffins",93,3
6652,"ECOS Dishmate Free & Clear Dish Liquid",74,17
6655,"Almond Milk Vanilla Frozen Dessert Sandwich",37,1
6656,"Organic California Style Sprouted Bread",112,3
6661,"Sweet Spirulina Sprouted Bar",3,19
6664,"Organic Whole Peeled Plum Tomatoes",81,15
6669,"Breakfast Scramble Wrap",52,1
6677,"Organic Whole Mushrooms",123,4
6679,"Organic 2nd Foods Apples, Blueberries & Spinach Baby Food",92,18
6680,"Potato Gnocchi",4,9
6686,"Beddar with Cheddar Smoked Sausage",106,12
6689,"Complete Clean Power Toilet Bowl Cleaner Value Pack",114,17
6690,"Assorted Bites",45,19
6692,"Lightly Seasoned Chick'n Scallopini",42,1
6694,"Spicy Orange Tofu",66,6
6698,"Chocolate Chip Muffin & Quick Bread Mix",105,13
6699,"Salted Caramel High Protein",65,11
6705,"Crunchy Pumpkin Spice Flax Granola Bars",3,19
6711,"Chocolate, Butterfinger, Butterfinger Fudge Frozen Dairy Dessert Cones",37,1
6716,"Children's Pain and Fever Grape Splash Liquid",11,11
6719,"Mini Babybel White Cheddar Cheese",21,16
6722,"Roasted Jalapeno Tortilla Chips",107,19
6724,"Dark Chocolate Cocoa Roast Almonds 100 Calorie",117,19
6729,"Cookie Tray",8,3
6734,"Black And White Cold Brew Coffee With Almondmilk",26,7
6735,"Applesauce On The Go Apple Cinnamon Pouches",99,15
6740,"Organic Braeburn Apple",24,4
6748,"Original Recipe Tapioca Pudding",71,16
6750,"Cheese Ravioli with Sauce Bowls",38,1
6758,"Hearts Of Palm",81,15
6760,"Organic Iced Green Tea",94,7
6765,"Flat Fillets Anchovies",95,15
6774,"Brown Fertile Large Grade AA Eggs",86,16
6778,"Soup, Golden Quinoa and Kale",1,20
6779,"Traditional Favorites Italian Sausage with Peppers & Onions Pasta Sauce",9,9
6781,"Gala (3 Lb)",24,4
6789,"Whole Mushrooms",123,4
6793,"Mozzarella Sticks",129,1
6795,"Organic Garlic Granules",104,13
6796,"Restaurante Style Sea Salt & Lime Tortilla Chips",107,19
6799,"Revive Zero Vitamin Water",64,7
6801,"Family Pack Bites Juicy Red & Green Apple Mixed",123,4
6806,"Iced Gingerbread Energy Bar",3,19
6809,"Berry Bunnies Cereal Organic",121,14
6813,"Ultra Strong Bathroom Tissue",54,17
6814,"Steamers Tuscan Seasoned Broccoli",116,1
6818,"Watermelon/Mixed Berry Variety Pack Low-Fat Greek Yogurt",120,16
6825,"Breakfast Veggie Bacon Strips",42,1
6835,"Premium Mango Fruit Snack Pack",50,19
6837,"Raw Almond Nut Butter",88,13
6839,"Portabella Veggie Burgers",42,1
6841,"Kids Berry Probiotic Chewables",70,11
6843,"Sweet Gherkins",110,13
6845,"Tomatoes Medley Mix",83,4
6846,"Diet Pepsi Pack",77,7
6848,"Party Tumblers",111,17
6849,"Bone In Beef Rib Steak",122,12
6857,"Pasta Sauce Cherry Tomato Marinara",9,9
6860,"Organic Balsamic Vinaigrette",89,13
6862,"Soothing Hydro Serum Facial Mask",132,11
6863,"Salted Peanut Butter With Chocolate Flecks Ice Cream",37,1
6867,"Lunchables Turkey & American Cheese Cracker Stackers",13,20
6869,"Cinnamon Raisin Bagel Thins",93,3
6870,"Fresh Pressed Coconut Oil",19,13
6871,"Smoked Gouda",2,16
6873,"Organic Iceberg Lettuce",83,4
6878,"Red Blend",28,5
6884,"Crunchy Honey Roasted Granola",57,14
6889,"Whole Natural Almonds",117,19
6890,"Red Wine Vinegar",19,13
6891,"Apple Peach Oatmeal Stage 2",92,18
6898,"Green Tea, Organic",94,7
6901,"Raisin Bran",121,14
6902,"Caramel Fudge High Protein Bar",3,19
6905,"Marinated Cabecou",21,16
6908,"Naturals Flushable Moist Refill Wipes",54,17
6912,"Big Slice Cheddar Sharp Cheese Slices",21,16
6913,"Mashed Potatoes Sour Cream & Chives",129,1
6919,"California Balsamic Oak Aged Olive Oil",19,13
6920,"Cave-Aged Kaltbach Gruyere Cheese",2,16
6927,"Mixed Fruit Salad",123,4
6933,"Strained Whole-Milk Yogurt Blueberry",120,16
6934,"Chubby Hubby Ice Cream",37,1
6935,"Liv A Littles Chicken Cat & Dog Treats",40,8
6937,"American Yellow Shingle Pack Slices Cheese",21,16
6942,"Organic Crunchy Salted Peanut Butter",88,13
6948,"Organic Original Almond Milk",91,16
6956,"Steamed White Rice",38,1
6962,"Organic Whole Milk Plain Kefir",84,16
6966,"Fruit Naturals No Sugar Added Red Grapefruit in Artificially Sweetened Water Fruit",99,15
6967,"Graduates Strawberry Apple Puffs",92,18
6969,"Original Unsweetened Apple Sauce",99,15
6970,"Organic Chocolate Chip Cookie Dough Ice Cream",37,1
6971,"Hemp Vanilla Unsweetened Non-Dairy Beverage",91,16
6972,"Mayo Made With Avocado Oil",72,13
6974,"Chicken & vegetable dumplings with rice in an Asian-style dipping sauce. Asian-Style Pot Stickers",38,1
6975,"World Cuisine Certified Halal Chicken Tikka Masala With Basmati Rice",38,1
6979,"S'mores",3,19
6980,"Toma",2,16
6981,"Vanilla Snakaroons",61,19
6985,"Alfredo Sauce",9,9
6991,"Crunchy Oats 'n Honey Granola",48,14
6992,"Cherries",99,15
6996,"Ice Cream , Cookie Dough",37,1
6998,"Milk Chocolate Candy Bar",45,19
6999,"Organic Fresh Pressed Pure Lemon Juice",98,7
7009,"Bluebell Hand Soap",25,11
7010,"Organic White Basmati Rice",63,9
7014,"Dishwasher Gel Free & Clear",74,17
7017,"Potato Original",107,19
7018,"Pasta Sauce, Vodka Sauce",9,9
7021,"Organic Tomato Paste",81,15
7026,"Sparkling Mineral Water, Natural Lemon Flavor",115,7
7029,"Cold Brew Coffee With Milk Chocolate",26,7
7035,"Peanut Butter Ice Cream Cup",100,21
7041,"Pecorino Romano",2,16
7042,"Rutabagas",83,4
7043,"Wheat Hot Dog Buns",43,3
7051,"Happy Tot Banana, Peach, Prune & Coconut Organic Superfoods",92,18
7054,"Low Fat Plain Yogurt",120,16
7057,"6-18 Months Ultra Soft Toothbrush",102,18
7058,"Vidalia Onions",83,4
7060,"Coconut & Chia Greek Yogurt",120,16
7064,"IPA, Black, Back In Black",27,5
7067,"Juice, Watermelon + Peach, Comfort",31,7
7070,"Guacamole Seasoning Mix",5,13
7076,"Grain Free Chicken Formula Cat Food",41,8
7077,"Thin Crust Cheese Pizza Savory Italian Recipes",79,1
7079,"Organic Alfalfa Sprouts",83,4
7085,"Spearmint Antibacterial Toilet Bowl Cleaner",114,17
7088,"Organic Cheddar Bunnies",78,19
7090,"Ciabatta",112,3
7091,"Peanut Butter Pretzel Mojo",3,19
7113,"Dishmate Lavender DIsh Liquid",74,17
7114,"Recharge Thirst Quencher With Electrolytes Grape",98,7
7116,"Large Enriched Bread",112,3
7118,"Chocolate Chip Energy Bars",3,19
7120,"Organic Whole Wheat Sourdough Bread",112,3
7121,"Chocolate Covered Banana Bites",37,1
7126,"Original Ground Coffee",26,7
7131,"Light Semisoft Cheese",21,16
7136,"Herbal Laxative, Tabs",70,11
7139,"Sooo Good Light Roast Coffee",26,7
7146,"Green Tea",94,7
7147,"Classic Baby Creamers Potatoes",83,4
7150,"Organic Raw Honey",29,13
7155,"Apple Kombucha",100,21
7156,"Traditional Plain Greek Yogurt",120,16
7158,"Light Vanilla Almond Milk",91,16
7163,"Grape Sports Drink",64,7
7164,"Green Tea Lemon Ginger Organic Tea",94,7
7165,"Clear Plastic Wrap",85,17
7170,"Dark Magic Extra Bold Dark Roast Coffee K Cups",26,7
7173,"Organic Ville Organic Pasta Sauce Marinara",9,9
7175,"Organic Whipped Naturally Buttery Spread",91,16
7177,"Mini Babybel Mozzarella Cheese",21,16
7179,"Chopped Pecans",117,19
7185,"Rosemary Mini Croccantini",78,19
7189,"Medium Square Containers & Lids",85,17
7205,"Coconut Vanilla Creme Miracle Tart",61,19
7206,"Cilantro Avocado Yogurt Dressing",89,13
7212,"Organic Quinoa Fusilli Pasta Gluten Free",131,9
7213,"Free & Clear Laundry Detergent, 3x Concentrated, HE",75,17
7225,"Organic Mint Galactica Non-Dairy Frozen Dessert",37,1
7228,"Organic Italian Dressing",89,13
7230,"Ramen Noodle Soup, Beef Flavor, Family Pack",4,9
7237,"Ocean Middles Cat Treats Salmon & Tuna",41,8
7240,"Quick Grits Potato Crisps Stax",107,19
7241,"Vegan Cheddar Mac & Cheese",4,9
7242,"Ultimate Flora Mega Potent 150 Billion Probiotic Vegetabe Capsules",70,11
7243,"G Series Perform Lemon-Lime Sports Drink",64,7
7244,"Sliced Mangos",123,4
7247,"Organic Boneless Skinless Chicken Thighs",49,12
7249,"Crunchy Rice Rollers",78,19
7252,"Deep Green Blends Kale",32,4
7260,"Milk Chocolate Almond Bar",45,19
7274,"Cheese & Pepperoni Mini Bagels",129,1
7279,"Greek Yogurt Flip Carrot Cake Creation",100,21
7280,"Plantain Chips, Sweet",107,19
7283,"Sprouted Wheat Bread",112,3
7285,"Mr Pita Plain Pita Bread",128,3
7286,"Broccoli Crowns",83,4
7294,"SportsDrink, Orange Flavored",98,7
7295,"Pop-Tarts Frosted Brown Sugar Cinnamon Toaster Pastries",48,14
7301,"Diet Cranberry Pomegranate Juice",98,7
7303,"Unsweet Blackberry Sparkling Water",115,7
7304,"Vanilla Maple Frozen Dessert",37,1
7306,"Oats & Peanut Butter Chewy Bars",48,14
7308,"Organic Hazelnut Spread",88,13
7313,"Slow Roasted Pumpkin Seeds Chili Lime",117,19
7314,"Organic Quick Rolled Oats",68,10
7315,"Gluten Free Sprouted Seed Bread",112,3
7317,"Sriracha Popcorn",23,19
7318,"Sourdough Rye Thin Crispbread",78,19
7324,"Gluten Free Breaded Chicken Patties",34,1
7325,"Dark Blackout Organic Chocolate",45,19
7326,"Sliced Cooked Ham",96,20
7328,"Pet High Traffic Area Foam Easy Clean Pro Refill Cleaner",114,17
7332,"Sliced Buns",43,3
7335,"Plain Panko Bread Crumbs",5,13
7344,"Zucchini Soufflé",38,1
7347,"Kiwi Beet & Pear Strawberry Pouch",92,18
7349,"Bread, Sliced, Extra Sourdough",112,3
7350,"Natural Lime Flavor Sparkling Mineral Water",115,7
7351,"Multi-Cat Extra Strength Clumping Unscented Cat Litter",41,8
7353,"Dill, Sea Salt & Olive Oil Crackers",78,19
7358,"Verde Salsa",30,6
7360,"Jalapenos, Nacho Sliced",30,6
7361,"Herb Crackers",78,19
7364,"Red Mild Enchilada Sauce",30,6
7365,"Organic Bake at Home French Bread",112,3
7369,"Organic Selled Edamame",116,1
7371,"Chocolate Chip Cookie Dough Bar",3,19
7376,"Stainlifters Small & Mighty Super Concentrated Liquid Laundry Detergent",75,17
7379,"French Beans",123,4
7380,"Chicken Sausage, Smoked, Pineapple & Bacon",106,12
7381,"Dark Chocolate Frozen Dessert bars",37,1
7383,"Click Regular Unscented Tampons",126,11
7384,"Lump Crab Meat",95,15
7387,"Smooth as Silk Shampoo",22,11
7388,"Salsa, Roja, Hot",67,20
7389,"Premium Diet Black Cherry Soda",77,7
7391,"Beef Bologna",96,20
7398,"Indian Samosa Wrap",38,1
7400,"The Original Ranch Buttermilk Recipe Salad Dressing And Seasoning Mix",89,13
7401,"Raw Chocolate Cacao Nibs",117,19
7403,"Squeezable Pouches Apple Sauce",99,15
7405,"Rising Crust Sausage & Pepperoni Pizza",79,1
7407,"Freshmates Double Pack Adult Flushable Wipes",54,17
7411,"Chicken & Dumplings Organic Soup",69,15
7412,"Gluten-Free Red Hot Blues Made with Organic Blue  Corn Tortilla Chips",107,19
7413,"Chocolate Peppermint Stick Bar",3,19
7414,"Wheat Hamburger Buns",43,3
7419,"Sweet Red Grape Tomatoes",83,4
7446,"Chocolate Flavored Milk Powder",90,7
7452,"Base Peanut Butter Chocolate Protein Bar",3,19
7456,"Organic Poblano Pepper",100,21
7461,"Pinto Beans No Salt Added",59,15
7463,"ConcenTrace Trace Mineral Drops",47,11
7468,"Slow Churned Light Vanilla Bean Ice Cream",37,1
7471,"Pickles, Okra, Crisp, Hot",110,13
7472,"100% Pure Olive Oil",19,13
7474,"Organic Shallot",83,4
7477,"Classic Pate Mariner's Catch Cat Food",41,8
7480,"Popcorn Vegan Buttery Flavor",23,19
7483,"Chive & Onion Cream Cheese Spread",108,16
7484,"Southern Butter Pecan Gelato",37,1
7485,"Garlic Hummus",67,20
7489,"Swaddlers Size 4 Giant Pack Diapers",82,18
7492,"Cultured Buttermilk",84,16
7493,"Mediterranean Thin Crust Pizza",79,1
7494,"0% Fat Black Cherry Greek Yogurt y",120,16
7500,"Organic Vanilla Extract",17,13
7503,"Whole Almonds",117,19
7505,"Marvel Avengers Assemble Ice Pops",37,1
7509,"Vanilla Almond Milk",91,16
7512,"2nd Foods Ham & Ham Gravy",92,18
7515,"Spinach And Ricotta Ravioli",2,16
7519,"Meatless Country Potato Sausage",106,12
7521,"New Orleans Iced Coffee",26,7
7528,"Mushroom Pieces & Stems",81,15
7533,"Low-Fat Strawberry Banana on the Bottom Greek Yogurt",120,16
7538,"Doubleshot Light Espresso and Cream Coffee Drink",26,7
7539,"Organic Chewy Chocolate Banana Bites",117,19
7542,"Ready to Serve Brown & Wild 4.4 Oz Rice",4,9
7547,"Blueberry Mini Muffins",93,3
7548,"Chipotle Chile Pepper",104,13
7552,"Organic Capellini Whole Wheat Pasta",131,9
7554,"Organic Maca Mocha Elixir",31,7
7557,"Natural Monterey Jack Cheese",21,16
7559,"Cinnamon Rolls with Icing",105,13
7560,"Flame Grilled Beef & Onion Patty",34,1
7567,"White Meat Chicken Taquitos",129,1
7569,"Sweet Cream Unsalted Sweet Butter Sticks",36,16
7571,"Vegetarian Vegetable Condensed Soup",69,15
7574,"5 Cobalt Cooling Peppermint Sugar Free Gum",46,19
7577,"Hakata Noodle Ramen",69,15
7578,"Quince",83,4
7581,"One All-In-One Nutritional Shake Chocolate Drink Mix",65,11
7585,"Most Pulp 100% Orange Juice",31,7
7588,"Clean Linen Concentrated Bleach",75,17
7589,"Organic Chopped Roasted Garlic",123,4
7598,"Organic Unsweetened Creamy Cashewmilk",91,16
7600,"Mild Chunky Salsa",51,13
7606,"Greek 100 Protein Vanilla Fat Free Yogurt",120,16
7607,"Cinnamon Roll Bar",3,19
7615,"Pure Goat Milk Cheese Log",21,16
7620,"Reese Whole Water Chestnuts",66,6
7622,"Organic Chicken & Wild Rice Soup",69,15
7625,"Dual Action Cherry Cough Drops",11,11
7628,"Dressing, Jersey Sweet Onion, Calorie Free",83,4
7631,"Broccoli Bunch",83,4
7632,"Old Style Whole Grain Dijon Mustard",72,13
7633,"Coke Classic Soda",77,7
7641,"Gluten Free Extra Crispy Fast Food French Fried Potatoes",129,1
7644,"Scoops! Tortilla Chips",107,19
7645,"Superior Club Soda",115,7
7646,"Artisan Sesame Seeds Nut & Rice Cracker Snacks",78,19
7647,"Turkey Meatballs",13,20
7648,"Red Raspberry Preserves",88,13
7649,"Whole Wheat Tandoori Naan",128,3
7658,"Soft Baked Chocolate Chip Cookies Gluten Free",61,19
7660,"Pull 'n' Peel Candy, Cherry",45,19
7667,"The Original Charcoal Briquets",87,17
7669,"Premium Ginger Ale",77,7
7671,"Organic Yogurt Baby Food",92,18
7673,"Organic SprouTofu Super Firm Tofu",14,20
7675,"Riesling",62,5
7676,"Organic Lowfat Plain Yogurt",120,16
7677,"Strawberry Banana Flavored 4 Juice Smoothie Blend",98,7
7678,"Kronos 6 Inch Handmade Pita Bread",128,3
7681,"Master Brew Kombucha, Tart Cherry",31,7
7683,"Everyday Coconut Water Balancing Toner",109,11
7687,"Strawberry Peach Juice",98,7
7690,"Orzo",131,9
7693,"Cran-Raspberry Flavored Sparkling Water",115,7
7694,"Gluten Free Rice Pasta & Cheddar Single Serving Macaroni & Cheese",4,9
7695,"Dark Chocolate Pot De Creme",71,16
7698,"Feta Crumbled Mediterranean Herb Cheese",21,16
7700,"Lavender Aloe Liquid Soap",25,11
7702,"Macaroni & Mild Cheddar Cheese",4,9
7704,"Liquid Aminos All Purpose Seasoning",104,13
7711,"Garcinia Weight Support",47,11
7715,"Rosemary Ham",96,20
7722,"C-Boost Fruit Juice Smoothie",31,7
7728,"White Balsamic Vinegar",19,13
7731,"Organic Broccoli Florettes",100,21
7734,"Lotus Forbidden Rice Ramen",66,6
7736,"Premium Original Saltine Crackers",78,19
7746,"Oregano",104,13
7748,"Medium Roast Cafe Domingo Ground",26,7
7749,"Bedtime Underwear for Girls Jumbo Pack - Size S",56,18
7751,"Tomato Ketchup",72,13
7753,"Dark Chocolate Pumpkin Seed Bark",45,19
7761,"Peanut Butter",37,1
7762,"Vodka Pasta Sauce",9,9
7768,"Ginger Dressing",89,13
7773,"Hazelnut Toffee Dark Chocolate Bar",45,19
7777,"Whole Wheat Shells & Extra Cheesy Cheddar Sauce Creamy Deluxe Mac & Cheese",4,9
7778,"Spirals Macaroni & Cheese Dinner",4,9
7779,"Bag of Bones",107,19
7781,"Organic Sticks Low Moisture Part Skim Mozzarella String Cheese",21,16
7786,"Marketplace  Asparagus & Cheese Ravioli",38,1
7788,"Deli Fresh Smoked Ham, 97% Fat Free, Gluten Free",96,20
7789,"Evening Soothe Wet Cleansing Towelettes",73,11
7793,"Parma Rosa Sauce Mix",5,13
7794,"Greek 100 Calories Apple Pie Fat Free Yogurt",120,16
7806,"Soft Pretzel Burger Buns",43,3
7807,"Cinnamon Vanilla Creme Liquid Coffee Creamer",6,2
7808,"Mango Grapefruit Water",98,7
7812,"Salisbury Steak Home Style Meals",38,1
7815,"Grape Blended Low-Fat Greek Yogurt Pouches",120,16
7819,"Artichoke Hearts, Quartered",81,15
7821,"Olive Oil & Vinegar Dressing",89,13
7823,"Chewable Super Papaya Enzyme Plus",70,11
7825,"Strawberry Candy Twists",45,19
7826,"Butter Pound Cake",8,3
7828,"Lasagna with Meat Sauce",38,1
7835,"Tomato Basil Cooking Sauce",9,9
7836,"Apple Ale",27,5
7837,"Bologna",96,20
7838,"Seasoned Curly Fries",129,1
7853,"Classic Mashed Potatoes",13,20
7854,"Freeze Dried Mango Slices",117,19
7860,"Jasmine Ready Rice",4,9
7861,"Organic Pure Fruit Pomegranate Juice Blend",98,7
7862,"Raw Shrimp",34,1
7863,"Organic Diced Tomatoes with Italian Herbs",81,15
7867,"Passover Whole Wheat Matzos",63,9
7872,"Original Chabis Pure Goat Milk Cheese",2,16
7874,"Non-Aerosol Extra Hold Hairspray",22,11
7877,"Chicken Thighs",49,12
7881,"BelVita Golden Oat Breakfast Biscuit Packets",48,14
7882,"Chocolate Coconut Almond Protein Nut Bar",3,19
7883,"Jumbo Cotton Balls",132,11
7886,"Organic Traditional Soba",66,6
7891,"Pinot Noir California",28,5
7893,"Gluten-Free Lemon Wafers",61,19
7896,"Whole Dried Blueberries",117,19
7898,"Ginger Beer",77,7
7901,"Ice Pops Sugar Free, Orange, Cherry, Grape",37,1
7908,"Peanut Butter Nutrition Bar",3,19
7909,"Chile Con Queso",13,20
7911,"Organic Fruitful Os Cereal",121,14
7912,"Little Big Sprouted Grain Bread",112,3
7914,"Organic Asparagus",83,4
7916,"Grilled Chicken Breast",13,20
7917,"Original Hazelnut Liqueur",124,5
7922,"Blueberry Sheep Milk Yogurt",120,16
7923,"Apple Puffs Finger Foods",92,18
7925,"Extra Lean Ground Turkey Breast",49,12
7926,"Pacific Kombu",66,6
7929,"Cho-Coco Organic Nutrition Bar",3,19
7930,"Apples & Cinnamon Instant Oatmeal",130,14
7934,"All Natural Super Washing Soda",75,17
7936,"Organic Garlic Hummus",67,20
7944,"Smooth and Creamy Sour Cream",108,16
7947,"Frogs Gummi Candy",45,19
7948,"Organic Unsalted Butter",36,16
7952,"Chicken & Apple Breakfast Sausage",106,12
7955,"Karamel Sutra Core Ice Cream",37,1
7956,"Veggie Blends Purple Power",98,7
7960,"Sandwich Thins Whole Wheat Flax and Fiber Rolls",112,3
7963,"Gluten Free Whole Grain Bread",58,1
7964,"Unsweetened Black & White Cold Brew Coffee With Almond Milk",26,7
7968,"Select Fat Free Skim Milk",84,16
7969,"Lime",24,4
7970,"Graduates Lil Crunchies Veggie Dip",92,18
7976,"One Plant-Based Chocolate Flavor Nutritional Shake Drink Mix",65,11
7977,"Organic Tomato Bisque Soup",69,15
7980,"Unscented Cat Litter",41,8
7987,"Hazelnut Spread with Cocoa",88,13
7989,"Creamy Root Beer Natural Cane Soda",77,7
7992,"Natural Choice Honey Deli Ham",96,20
7999,"Fully Cooked Original Pork Sausage Links",106,12
8006,"Chopped Organic Garlic",110,13
8008,"Red Velvet Yogurt",120,16
8011,"Gluten Free Sugar Crisp Crunchy Cookies",61,19
8012,"Pizza 4 Cheese",79,1
8013,"Cup Noodles Chicken Flavor",4,9
8016,"Healthy Request Chunky Chicken Noodle Soup",69,15
8017,"Sesame Street Big Bird's 100% Apple Juice",98,7
8021,"100% Recycled Paper Towels",54,17
8022,"Spinach Pizza",79,1
8025,"Uncured Beef Hot Dogs",106,12
8027,"Wheat & Gluten Free Snickerdoodle Cookies",8,3
8029,"Fanta Zero Sugar Free Orange Soda Fridge Pack",77,7
8031,"Fully Cooked Black-Eyed Peas",116,1
8042,"Singles Deep Dish Supreme Pizza",79,1
8048,"Packaged Grape Tomatoes",32,4
8049,"Beef Jerky Original",23,19
8053,"Organic Pineapple Chunks",123,4
8056,"Berry Bounty Trail Mix",125,19
8057,"Organic Chicken & Mozzarella Ravioli",12,9
8061,"Pineapple Yogurt 2%",120,16
8064,"Mini Toasts",78,19
8067,"Thirst Quencher Tropical Cooler",64,7
8069,"Rice Vinegar",66,6
8070,"All Natural Black Forest Ham",96,20
8071,"Pure Cane Sugar",17,13
8072,"Donettes Powdered Mini Donuts",61,19
8073,"Basmati Ready Rice",4,9
8075,"Small Compostable Waste Bag",60,17
8076,"Euro Classic Brioche Hot Dog Buns",43,3
8079,"Premium Lots of Pulp Orange Juice",98,7
8087,"Florida Orange Juice With Calcium & Vitamin D",31,7
8088,"Organico Bello Tomato Basil Pasta Sauce",9,9
8092,"Organic Garlic & ButterCroutons",89,13
8098,"Seasoned Collard Greens",81,15
8103,"Irresistible Dairy Free Slices Provolone Style Cheese Alternative",21,16
8104,"Instant Espresso Coffee",26,7
8106,"Everyday Shea Unscented Body Wash",25,11
8109,"Keurig Decaf Light Roast Coffee K Cups",26,7
8112,"Almond Mozzarella Style Cheese Alternative",21,16
8123,"Petite French Baguette",112,3
8127,"Mild Traditional Enchilada Sauce",30,6
8128,"Stage 1 First Apples",92,18
8136,"Bathroom Cleaner Natural Tub + Tile Cleaner",114,17
8137,"Face Wash, Original",109,11
8138,"Traditional Hummus",67,20
8143,"Baker's Pure Cane Ultrafine Sugar",17,13
8146,"Giant Chile Picante  v",107,19
8149,"Ready to Serve Long Grain White Rice",4,9
8153,"Plain Non-Fat Greek Yogurt",120,16
8163,"Alfredo Cheezy Mac",42,1
8169,"Organic Vegetable Lentil & Roasted Red Pepper Soup",69,15
8173,"Boneless Ham Steak",96,20
8174,"Organic Navel Orange",24,4
8175,"Baby Bella Whole Mushrooms",83,4
8176,"Bite Size Dry Salami Nuggets",96,20
8177,"Organic Summer Corn & Vegetable Soup",69,15
8181,"Kettle Cooked 40% Less Fat Jalapeno Cheddar Potato Chips",107,19
8184,"Whole Grain White Hearty Sliced Bread",112,3
8186,"Baby Food Pouch - Butternut Squash, Carrot & Chickpea",92,18
8187,"Triple Chunk Brownie",105,13
8188,"Wisconsin Cheese Edam",2,16
8192,"Ginger Ale Jamaican Style",77,7
8193,"Russet Potato",83,4
8194,"Fruit on the Bottom Greek Blueberry Nonfat Yogurt",120,16
8195,"Paper Towels",54,17
8197,"PlusShot Blueberry Acai Probiotic Juice Drink",31,7
8198,"Frozen Sliced Peaches",116,1
8203,"Ground Ginger",104,13
8204,"Traditional Favorites Tomato & Basil Pasta Sauce",9,9
8205,"100% Juice, Pear Nectar",98,7
8208,"Lamb Loin Chops",7,12
8209,"Organic Weightless Cranberry Herbal Tea",94,7
8214,"Easy Mac Original Flavor Macaroni & Cheese Dinner",4,9
8216,"Organic Sea Salted Caramel",37,1
8223,"Cheese Stuffed Crust Three Meat Pizza",79,1
8224,"Chicken Bouillon Cubes",69,15
8225,"Pull-Ups Training Pants Learning Designs 3T-4T 32-40 Lbs",56,18
8226,"Reduced Fat Cream Cheese",108,16
8228,"Zero XXX Acai Blueberry Pomegranate",64,7
8229,"Pain Reliever and Fever Reducer Tablets",133,11
8230,"100% Recycled Bathroom Tissue",54,17
8236,"Imported Italian Peeled Tomatoes",81,15
8239,"Peanut Butter Creamy With Salt",88,13
8242,"Whole Grain White Hot Dog Buns",43,3
8246,"Total Clean Mint Toothpaste",20,11
8251,"Roasted Mushroom Pizza",79,1
8257,"Mocha Nitro Cold Brew Coffee With Almond Milk",100,21
8260,"Flavored with Meat Italian Sauce",9,9
8262,"Hot Mexican-Style Chili Powder",104,13
8264,"Orange Juice, California",98,7
8266,"Pear Juice from Concentrate",92,18
8274,"Fresh Cut Cauliflower & Broccoli Steam in Bag",123,4
8277,"Apple Honeycrisp Organic",24,4
8281,"Head of Lettuce",123,4
8286,"Ale",27,5
8290,"Cream of Chicken and Mushroom Condensed Soup",69,15
8297,"Organic Heavy Cream",53,16
8308,"Organic High Fiber Pancake & Waffle Mix",130,14
8309,"Nonfat Icelandic Style Strawberry Yogurt",120,16
8311,"Sheep Milk Yogurt Vanilla",120,16
8320,"Organic Einkorn Checkerboard Cookies",61,19
8321,"Italian Blend Fancy Shredded Cheese",21,16
8322,"Organic Instant Oatmeal Maple and Brown Sugar",130,14
8324,"Organic Bagged Mini Milk Peanut Butter",45,19
8326,"Extra Butter Popcorn",23,19
8328,"Performax Intense Lubricated Ultra Fine Latex Condoms",6,2
8329,"Indian Samosa Organic Wrap",26,7
8339,"Crackers Almond Flour Rosemary Sea Salt",78,19
8348,"Organic Red Seedless Grapes",24,4
8349,"Shredded Coconut Unsweetened",17,13
8351,"Instant Chocolate Pudding & Pie Filling",105,13
8352,"Outshine Tangerine Fruit Bars",37,1
8357,"100% Juice No Sugar Added Pure Pineapple",98,7
8358,"Uncooked Corn Tortillas",128,3
8362,"Feta Cheese",21,16
8366,"Lemon Clean Furniture Spray",114,17
8367,"Creamy Peanut Butter High Protein Bars",3,19
8368,"Old Fashioned Sourdough Spelt Bread",112,3
8373,"Muffin Mix Blueberry",105,13
8375,"Ice Sugar Free Peppermint Gum",46,19
8376,"Way Better Snacks Simply So Sweet Chili Tortilla Chips",107,19
8377,"Ibuprofen Tablets 200mg Coated Caplets Pain Reliever/Fever Reducer",133,11
8379,"Wild Smoked Sockeye Salmon",15,12
8380,"Selects Turkey Breast Slow Roasted",96,20
8381,"34% Cacao Milk Chocolate Bar",45,19
8382,"Organic Tomato Bisque",1,20
8384,"Powdered Sugar",17,13
8385,"Sliced Genoa Salami",96,20
8386,"4X Ultra Concentrated Natural Laundry Detergent, Geranium Blossoms & Vanilla",75,17
8390,"Diet Ginger Ale",77,7
8396,"Ultra Max Fresh Solid Antiperspirant Deodorant",80,11
8409,"Advance White Fluoride Anticavity Tartar Control Extreme Whitening Fresh Mint Flavor Toothpaste",20,11
8412,"Green Peas No Salt Added",116,1
8413,"Soft Baked Cookies Chocolate Chip",61,19
8414,"Traditional Scottish Style Smoked Salmon",15,12
8415,"Flex Wand Lighter",87,17
8421,"Maxi Pads",126,11
8424,"Broccoli Crown",83,4
8425,"Organic Acai Berry Sorbet",37,1
8428,"Fresh Squeezed IPA",27,5
8429,"Oysters, Smoked, Fancy, in Cottonseed Oil",95,15
8432,"Poppy Seed Chopped Salad Kit",123,4
8437,"Gluten Free Multigrain English Muffins",43,3
8441,"Farmland Hickory Smoked Bacon 24oz",106,12
8442,"Caffeine Free Peach DeTox Tea",94,7
8444,"Gluten Free Crispy Battered Cod",34,1
8446,"Utility Lighter",87,17
8448,"Arrabiata Pasta Sauce",9,9
8449,"Low Moisture Part Skim Mozzarella Shredded Cheese",21,16
8451,"Cheese Tortellini",38,1
8453,"Vitamin D-3 Liquid",47,11
8454,"Fruit & Veggie Strip, Wildberry Apple",50,19
8456,"Soymilk Nog",91,16
8460,"Hearty Thick Cut Bacon",106,12
8461,"Fat Free Original Ranch Salad Dressing",89,13
8465,"Free and Clear Baby Wipes",56,18
8467,"Cinnamon Raisin Bread",112,3
8474,"Natural Swiss Cheese Slices",21,16
8475,"Diet 12 Oz Ginger Ale",77,7
8478,"Tortilla Chips, Clasico, Bacon Habanero",107,19
8479,"Original Black Box Tablewater Cracker",78,19
8480,"Organic Fuel High Protein Vanilla Milk Shake",65,11
8481,"Cracked Black Pepper Shaved 98% Fat Free Turkey Breast",96,20
8484,"Original Dressing",72,13
8488,"Italian Four Cheese Baked Snack Crackers",78,19
8490,"Strawberry Rhubarb Yogurt",120,16
8493,"Salt N' Pepper Bean and Rice Chips",107,19
8500,"Bonito Flakes, Aged and Dried",66,6
8501,"Breakfast Blend Medium Keurig Brewed K-Cups Ground Coffee",26,7
8506,"Yellow Corn Taco Shells",30,6
8509,"Organic Nacho Corn Tortilla Chips Creamy Farmhouse Cheddar With Paprika",100,21
8512,"Whole Young Chicken",49,12
8514,"Egg Whites",86,16
8516,"Ancient Grain Granola Cranberry Pecan",57,14
8518,"Organic Red Onion",83,4
8519,"Cool Mint Antiseptic Mouthwash",20,11
8523,"Scoops",107,19
8528,"Flax Plus Red Berry Crunch Cereal",121,14
8529,"Organic Jalapeno Crackers",78,19
8535,"Oregon Peppermint Cacao-Nectar Bar",8,3
8536,"Green Leaf Shreds",123,4
8538,"Honey Mustard Dressing Topping & Spread",89,13
8539,"Organic Chicken with Lemongrass Bone Broth",69,15
8542,"Oil-Free Liquid Acne Wash",73,11
8548,"Organic Sparkling Cucumber Lemon Coconut Water",98,7
8555,"Sweet Potato Tortilla Chips",107,19
8559,"Acti-Fresh Body Shape Thin Unscented Pantiliners",126,11
8561,"Ocean Charge Men's 2-in-1 Shampoo + Conditioner",22,11
8567,"Scented Soy Lavender Candle",101,17
8568,"Rice, Jasmine, Organic Brown",63,9
8571,"Baby Cucumbers",32,4
8572,"Meat Lovers Breakfast Bowl",52,1
8574,"Squash & Sweet Peas Stage 2",92,18
8575,"Unprocessed American Singles Colby-Style Cheese",21,16
8580,"VitaminWater Zero™ XXX Acai Blueberry Pomegranate",64,7
8583,"Plus Febreze Sport Active Fresh Scent Liquid Laundry Detergent, 46 oz, 24 loads Laundry",75,17
8584,"Original Medium Taco Sauce",72,13
8587,"Family Pack Bean & Cheese Burritos",38,1
8590,"Ground Turkey",49,12
8592,"Kale, Apple, Ginger, Romaine, Spinach, Cucumber, Celery, Parsley, Lemon Cold Pressed Juice Beverage",31,7
8594,"Organic Country Style Barbeque Potato Chips",107,19
8596,"Lemonade Drink Mix",90,7
8607,"Mango Slices",117,19
8611,"Dual Action Moisturizer, Oil-Free",73,11
8613,"Dark Roast Coffee",31,7
8614,"Organic Greens & Pineapple Juice Blend",31,7
8615,"Sparkling Pomegranate",77,7
8617,"Assorted Nuggets",45,19
8619,"Organic Letter of the Day Very Vanilla Cookies",61,19
8620,"Cheese Natural Extra Sharp Cheddar",21,16
8626,"Spruce Point Smoked Salmon",15,12
8631,"Family Size Bag of French Green Beans",83,4
8637,"Diet Pepsi",77,7
8638,"Vanilla Milk Chocolate Almond Ice Cream Bars",37,1
8639,"Organic Frozen Blueberries",117,19
8644,"G Series Perform Low Calorie Glacier Freeze Sports Drink",64,7
8645,"Buffalo Style Boneless Chicken Wyngz",129,1
8650,"Ultra Premium Bath Tissue Double Rolls",54,17
8654,"Pasta Joy Ready Organic Brown Rice Pasta Penne",131,9
8656,"Pearl Barley",63,9
8661,"Organic Vanilla Ice Cream",37,1
8662,"Fudge & Mint Grasshopper Cookies",61,19
8663,"Old Fashioned Crunchy Peanut Butter",88,13
8664,"Foaming Bleach Bathroom Cleaner",114,17
8667,"Organic Pure 85% Dark Chocolate Bar",45,19
8668,"Homemade Vanilla Ice Cream",37,1
8670,"Diced Tomatoes",81,15
8671,"Semi-Sweet Chocolate Premium Baking Chips",17,13
8678,"Gallon Zipper Storage Bags",85,17
8685,"Any'tizers Buffalo Style Hot Wings",129,1
8695,"Hot! Jalapeno Potato Chips",107,19
8699,"G2 Sports Drink Orange",64,7
8707,"Cheddar & Sour Cream Potato Chips",107,19
8710,"Dairy Free Coconut Milk Blueberry Yogurt Alternative",120,16
8717,"Ezekiel 4:9 Original Sprouted Grain Crunchy Cereal",121,14
8721,"Lite Rice Vinegar",66,6
8723,"Creamy Chocolate Frosting",97,13
8725,"Pure Granulated Sugar",97,13
8727,"Peperoncini, Greek, Sliced Golden",110,13
8728,"Truffle Popcorn",107,19
8730,"Comfort Roasted Turkey Breast Dinner",38,1
8732,"Dipps Chocolatey Covered Chocolate Chip Granola Bars",3,19
8736,"Synergy Organic & Raw Cosmic Cranberry",31,7
8743,"Fully Cooked Turkey Sausage Patties",106,12
8744,"Mixed Vegetables",116,1
8747,"Bathroom Cleaner with Lemon Scent",114,17
8754,"Iron + Herbs Liquid Extract Formula",47,11
8758,"Orignial Recipe Chocolate Pudding",71,16
8762,"Premium Kids+ Orange Juice",31,7
8767,"3D White Mint Toothpaste",20,11
8769,"Mandarins in Orange Gel Fruit Bowls",99,15
8771,"Charcoal Lighter Fluid, Odorless",87,17
8773,"Cuties Non Dairy Chocolate Frozen Dessert Sandwiches",37,1
8774,"Whole Grain Pita Bread",128,3
8775,"Italian Chopped Tomatoes",81,15
8776,"Advanced Therapy Body Lotion",127,11
8777,"Organic Chili Ginger Lime Cleaning Probiotic Tonic",31,7
8781,"Premium Baking Chips Milk Chocolate",17,13
8792,"90% Less Fat Organic Powdered Peanut Butter",88,13
8797,"Food Storage Large Green",85,17
8802,"Organic Goji Berries",24,4
8803,"Fully Husked & Trimmed Super Sweet Corn",32,4
8805,"Vanilla Frozen Yogurt",37,1
8809,"Organic Carrots",83,4
8815,"Bite Size Premium Tortilla Chips",107,19
8817,"13 Gallon Kitchen Drawstring Trash Bags",60,17
8824,"Moist Supreme Premium Devil's Food Cake Mix",105,13
8830,"Sweet Peas, Greens & Brown Rice Organic Baby Food",92,18
8832,"Cinnamon Bread",112,3
8833,"Smoothie Fruits, Squished, The Green One, Over 6 Months",92,18
8834,"Raspberry Lime Sparkling Seltzer Water",115,7
8835,"Dark Chocolate Chia Bar",3,19
8838,"French Bread Pizza Deluxe",79,1
8843,"Milk Chocolate Covered Raisins",45,19
8848,"Green Goodness 100% Fruit Juice Smoothie",31,7
8854,"Seasoning, Italian",104,13
8859,"Natural Spring Water",115,7
8865,"Original Sea Salt Vegetable Chips",107,19
8866,"Organic White Chocolate Peanut Butter Cups",45,19
8873,"Builder's® Chocolate Peanut Butter Protein Bars",3,19
8876,"8\"" Pumpkin Pie",8,3
8879,"Surfer Bath Soak",25,11
8884,"Lunchables Cracker Stackers Ham & American Cheese",13,20
8896,"Southern Style White Corn Grits",130,14
8898,"Little Bites Chocolate Chip Muffins",61,19
8903,"Semi-Sweet Mini Chocolate Chips",17,13
8910,"Smooth Almond Butter",88,13
8912,"Pears, Kale & Spinach Organic Baby Food",92,18
8915,"Rosewater",25,11
8920,"Reduced Fat Sliced Swiss Cheese",21,16
8923,"Chocolate Milk Cartons 2% Reduced Fat",84,16
8929,"Organic Chicken Pot Pie",38,1
8930,"ProActive Health Adult Chicken Dry Cat Food",41,8
8939,"Green Onion Dip Mix",51,13
8940,"Organic Pizza Snack Mix Crackers",125,19
8945,"Assorted Citrus Flavor Supplement Drops",11,11
8952,"Multigrain Pancake & Waffle Mix",130,14
8953,"Key Limes",32,4
8954,"Premium Pepperoni Pizza in Garlic Buttery Crust Sandwiches",38,1
8955,"Basil",16,4
8956,"Coconut Breaded Chicken Breast Tenders",34,1
8958,"Danish Variety Pack",93,3
8959,"Organic Balance Vanilla Bean Milk Protein Shake",65,11
8960,"Original Raw Tigernuts",6,2
8968,"Tangerine Juice",98,7
8974,"Ready-Cut Diced No Salt Added Tomatoes",81,15
8981,"No. 01 Organic Vegan Cold Pressed Juice Kale Spinach Romaine Celery Cucumber Apple Lemon",31,7
8986,"Vanilla Coconut Milk Yogurt",120,16
8988,"Organic Garlic Powder",104,13
8993,"Fruit Tea Sampler Herbal Tea",94,7
8996,"Squirrelly Sprouted Grain Bread",112,3
8997,"Organic Creamy Chocolate Fudge Nutritional Shake",84,16
9000,"Organic Yellow Zucchini",83,4
9006,"Naturе's Calorie-Free Sweetener",17,13
9007,"Frosted Flakes",121,14
9009,"Fuji  Apples",24,4
9015,"Bits Cheese Cracker Sandwiches Munchpack",78,19
9018,"All Natural Virgin Lemonade",31,7
9020,"Boneless Skinless Chicken Thighs",35,12
9028,"Virginia Ham",96,20
9032,"Organic Earl Grey Black Tea",94,7
9036,"Unsweetened Vanilla Cashew Milk",91,16
9038,"American Cheese slices",21,16
9039,"Breakfast Essentials® Complete Nutritional Drink Rich Milk Chocolate Naturally & Artifically Flavored",90,7
9042,"Curl Perfection Moisturizing Shampoo",22,11
9047,"Premium Epsom Salt",133,11
9051,"Organic Lowfat Creamy Australian Style Orange Passion Fruit Yogurt",120,16
9054,"Dancy Tangerines",83,4
9055,"Farmstyle Greek Strained Yogurt Oregon Strawberry, 2% Milkfat",120,16
9058,"Gluten Free Pizza Crust",128,3
9065,"Mint Chocolate Cookie Ice Cream",37,1
9067,"100% Natural Crunchy Peanut Butter",88,13
9068,"Baked Whole Grain Reduced Fat Crackers",78,19
9070,"Gluten Free Sea Salt & Cracked Black Pepper Rice Thin Crackers",78,19
9071,"Navel Oranges Bag",24,4
9075,"Zero Rise Orange",64,7
9076,"Blueberries",116,1
9077,"Herbal Tea Lemon & Ginger Caffeine Free Tea Bags",94,7
9078,"Pepper Jack Baked Snack Crackers",78,19
9079,"Large Rectangle Containers",85,17
9080,"Brioche Slider Buns",43,3
9084,"Chopped Onion",104,13
9088,"Disinfecting Toilet Wand Refills",114,17
9092,"Organic Vegetable Broth",69,15
9094,"Organic Fruit Spread Apricot",88,13
9095,"Organic Morning Harvest Apples + Walnuts Macrobar",3,19
9104,"Rice Crust Roasted Vegetable Pizza",79,1
9106,"Chocolate Pudding",71,16
9107,"No More Tears Hand and Face Wipes",56,18
9116,"Stock-In-A-Box",69,15
9120,"Lunchables Pizza with Pepperoni",13,20
9122,"Organic Gluten Free Summer Berries Granola",57,14
9124,"Broccoli & Cheddar Bake Meal Bowl",38,1
9127,"Organic Poultry Blend",16,4
9130,"Honey Graham Snacks",61,19
9133,"Original Long Grain & Wild Rice Mix",4,9
9137,"Organic YoKids Squeeze! Straw-Nana-Rama Yogurt",120,16
9138,"Lemon Italian Sparkling Mineral Water",115,7
9145,"Fusilli Bucati No. 98 Macaroni",131,9
9154,"Organic Classic Saltine Crackers",78,19
9155,"Spinach Dip",67,20
9159,"Chopped Ginger",110,13
9163,"Cranberry Walnut Salad Cafe Bowl",123,4
9171,"Organic Balsamic Vinaigrette Dressing",89,13
9172,"Crepes",128,3
9175,"Diet Coke Caffeine Free Soda",77,7
9176,"Sesame Stir Fry with Chicken",38,1
9177,"Friends Honey, Chocolate & Chocolate Chip Bunny Grahams Whole Grain Snacks",61,19
9178,"Vegan Hickory & Sage Benevolent Bacon",14,20
9182,"EnviroKidzGluten Free Cheetah Berry Blast Crispy Rice Bars",3,19
9185,"Anti Slip Grip Cardboard Applicator Lites/Regular/Super Multi Pack Tampons",126,11
9186,"Culinary Coconut Milk",91,16
9187,"Vanilla Creme Nutritional Shake",65,11
9189,"Organic Avocados 5 Count",32,4
9192,"Jumbo Turkey Franks",106,12
9196,"Organic 2nd Foods Carrots Apples & Mangoes Baby Food",92,18
9199,"Original Corn Chips",107,19
9201,"Stoned Wheat Thins Low Sodium",78,19
9203,"Dairy Free Coconut Milk Raspberry Yogurt Alternative",120,16
9206,"Gold Pearl Onions",83,4
9208,"Eggo Bites Chocolatey Chip Pancakes",52,1
9210,"Fresh Whole Chicken",49,12
9213,"Cauliflower Crumbles",123,4
9215,"Fully Cooked Bacon",106,12
9216,"Chicken Breast Patties, 100% All Natural, Fully Cooked & Breaded",34,1
9217,"Cold Brew Coffee With Coconut Milk",26,7
9218,"Snap-On Kids Toothbrush Sanitizer (Assorted Colors)",20,11
9224,"Gluten-Free Supergrain Pasta Elbows",131,9
9225,"Selects Turkey Hot Dogs",106,12
9226,"Gluten Free Rice Spirals Pasta",131,9
9227,"Dulse, Wild Atlantic Sea Vegetable",66,6
9238,"Cooking Sauce, Spicy Arrabbiata",9,9
9242,"Plantain Bananas",24,4
9243,"Herb Cilantro Clamshell",16,4
9244,"Skinless Smoked Sausage",106,12
9261,"Tomato & Basil Tomato Sauce",9,9
9266,"Organic Cheddar Classics Baked Crackers",78,19
9267,"Muffin & Cake Mix, Almond Flour, Chocolate",17,13
9270,"French Onion Dip Mix",51,13
9273,"Szechuan Spicy Stir Fry Sauce",66,6
9275,"Classics Parmesan Garlic Wings",42,1
9277,"Almond Milk Beeswax Hand Creme",25,11
9282,"Spearmint Antibacterial Bathroom Cleaner",114,17
9283,"Organic Bucatini",131,9
9284,"All Natural Classic Guacamole Snack",67,20
9285,"Boneless Pork Shoulder Butt",7,12
9286,"Organic Sesame Oil",19,13
9290,"Country Cheddar Bowl",38,1
9292,"Half And Half Ultra Pasteurized",84,16
9295,"2nd Food Organic Pear Peach & Strawberries",92,18
9300,"Oatmeal Cookie Mix",105,13
9310,"Chicken Broth Natural Goodness, 33% Less Sodium",69,15
9322,"Gluten Free The Perfect 10 Crackers",78,19
9323,"100% Pure Jojoba Oil",109,11
9324,"Organic Apricots",117,19
9327,"Garlic Powder",104,13
9336,"Honey Maid Mini Honey Teddy Grahams",61,19
9337,"Purity Farms Ghee Clarified Butter",36,16
9339,"Organic Chicken & Apple Sausage",106,12
9340,"Homestyle Classics Meatloaf",38,1
9346,"Organic Apple Cider Vinegar Drink, Concord Grape-Acai",98,7
9351,"Jalapeno Almond Jack Cheese Alternative",21,16
9352,"Barbeque Green Peas",50,19
9356,"Swaddlers Size 2 Diapers",56,18
9358,"April Fresh Liquid Fabric Softener",75,17
9359,"Sushi Nori Toasted Sea Vegetable",66,6
9360,"Pepperoni Pizza Frozen Sandwiches",129,1
9362,"Original Fat Free Liquid Creamer",53,16
9364,"Mild Green Chile Enchilada Sauce",30,6
9365,"French Demi Baguette",112,3
9366,"Penne Rigate #41 Pasta",131,9
9371,"Goldfish Colors Cheddar Baked Snack Crackers",78,19
9372,"Prunes & Oatmeal",92,18
9373,"Organic 2% Buttermilk",84,16
9383,"Viva Big Roll White Paper Towels",54,17
9385,"Hazelnut Bite Size Wafer Cookies",61,19
9387,"Granny Smith Apples",24,4
9389,"Oreo Mini/Nutter Butter Bites/Mini Chips Ahoy! Cookies",61,19
9390,"Frozen Peaches",116,1
9397,"Beef Hot Dogs",106,12
9403,"Sandwich Resealable Bags",85,17
9404,"Kava Extract",47,11
9405,"Calcium Enriched 100% Lactose Free Fat Free Milk",91,16
9407,"Organic Frosted Blueberry Toaster Pastries",48,14
9408,"Oil-Free Gentle Eye Makeup Remover",132,11
9409,"Dry Roasted Peanuts",117,19
9411,"Unsweetened Iced Coffee",26,7
9416,"Mayo Sriracha",72,13
9419,"Blueberry Yogurt",120,16
9420,"Iced Chai, Original",31,7
9421,"Organic Raw Multigreen Kobmbucha",31,7
9422,"Hummus",67,20
9424,"Organic Saltine Baked Cracker Classic Crackers",78,19
9426,"Nine Grain Sourdough Dough",112,3
9430,"Organic Flax Plus Pumpkin Raisin Crunch Cereal",121,14
9434,"Bag of Large Lemons",34,1
9436,"Organic Vidalia Onion",83,4
9437,"Fresh Chipotle Salsa",51,13
9438,"Honey Graham Sticks",61,19
9444,"Original Tortilla Strips",107,19
9445,"Cookie, Sugar",61,19
9446,"Classic White Dessert Plate",111,17
9450,"Beef Top Round Steak",122,12
9454,"Goat Cheese",2,16
9458,"Classic Lemonade",115,7
9459,"Sea Salt & Cracked Pepper Deli Style pretzel Crisps",107,19
9462,"Classic Chili with Beans",59,15
9463,"Meatless & Soy Free Frozen Chik'n Tenders",42,1
9470,"Homemade Garden Vegetable Sauce",9,9
9471,"Plain Sliced Bagels",93,3
9472,"Organic Red Cherry Tomato",83,4
9473,"Cabernet Sauvignon, California, 2011",28,5
9474,"Garden Peas",116,1
9477,"Medium Cheddar Cheese",21,16
9480,"Spinach Tortillas 8 Count",58,1
9482,"Diapers Size 1",56,18
9486,"Olive Oil & Garlic Pasta Sauce",9,9
9487,"Cod Fillets",15,12
9493,"Seasoned Croutons",89,13
9496,"On the Go Peach Mango Green Tea Drink Mix",90,7
9497,"Smoothie Fruits Squished The Purple One Over 6 Months",92,18
9499,"Thai Peanut Sauce",66,6
9500,"Sugar-Free Wintergreen Chewing Gum",46,19
9505,"Organic Original Rice Pilaf",63,9
9507,"Honey Turkey Breast",96,20
9508,"Layer Sugar Free Gum - Wild Strawberry and Tangy Citrus",46,19
9510,"Chicken Breast Tenders",35,12
9515,"Natural Classic Pork Breakfast Sausage",52,1
9517,"Havarti Cheese",21,16
9519,"Organic Vegetarian No-Chicken Low Sodium Broth",69,15
9521,"Organic Whole O's Gluten Free Cereal",121,14
9523,"Cornichons",2,16
9526,"Conditioner, Herbal",22,11
9530,"Premium Strawberry Banana Fruit Smoothie Blend",31,7
9531,"Organic Hearts Of Palm",81,15
9532,"Twilight Delight 72% Cacao Intense Dark Squares",45,19
9534,"Organic White Bread Done Right",112,3
9535,"Carnitas Fried Pork",13,20
9544,"Jif Natural Crunchy Peanut Butter",88,13
9547,"Turkey Franks",106,12
9550,"Ancient Grain Original Granola",57,14
9551,"Natural Chunky Peanut Butter",88,13
9554,"Mocha Almond Fudge Minis Almond Milk Frozen Dessert",37,1
9557,"Chicken Breast Fillet",34,1
9558,"Non-Fat Vanilla Blended Greek Yogurt",120,16
9561,"Persimmon Sharon Fruit Cv",24,4
9564,"Square Tip Tweezers",132,11
9565,"Gluten Free Apple Breakfast Bars",48,14
9571,"Organic Grade B Maple Syrup Bear Jugs",29,13
9576,"Grapefruit Sculpin",27,5
9580,"Multi Cat Scented Scoopable Cat Litter",41,8
9582,"Dairy Free Coconut Milk Beverage",91,16
9583,"Brass Tacks Blend Whole Bean Coffee",26,7
9584,"Low Sodium Original 100% Vegetable Juice",98,7
9587,"Organic Shiitake & Vegetable Potstickers",129,1
9594,"Cumin",104,13
9595,"Organic Homestyle Mini Waffles",52,1
9596,"Organic Sweet & Savory Almond Green Superfood Bar",3,19
9597,"Sweet Kale Chopped Salad",123,4
9598,"Gogo Squeez Organic Apple Strawberry Applesauce on the Go",99,15
9601,"Organic Yellow Onions",83,4
9604,"Hibiscus Organic Raw Kombucha",31,7
9605,"Reese Puffs",121,14
9608,"Natural Cane Soda, Creamy Root Beer flavor",77,7
9618,"Wild Berry Sparkling Energy Water",64,7
9621,"Cornbread & Muffin Mix",105,13
9623,"Sparkling Natural Spring Water",115,7
9628,"Red Label Blended Scotch Whiskey",124,5
9631,"Mesclun Salad",123,4
9633,"Matzos, Thin, Tea",33,6
9634,"Light Butter Microwave Popcorn",23,19
9637,"Black Forest Berry Caffeine-Free Tea",94,7
9641,"Action Pacs, Fresh Scent with Dawn",74,17
9643,"Organic Balsamic Vinegar of Modena",19,13
9644,"Danimals Drinkable Yogurt Smoothie Strawberry Explosion & Strikin' Strawberry Kiwi",120,16
9648,"Tomato and Basil Bombolina Pasta Sauce",9,9
9652,"Sandwich Stuffers Kosher Dill Pickle Slices",110,13
9656,"Triple Clean Mint Floss Picks",20,11
9659,"Blueberry Cashew Bar",100,21
9660,"100% Papaya Juice",98,7
9666,"Country Morning White Bread",112,3
9673,"Salt and Vinegar Chips",107,19
9681,"Chicken Tikka Masala with Cumin Infused Basmati Rice Frozen Meal",38,1
9687,"Grain Free Maple Granola",57,14
9689,"Whole Hearts of Palm",81,15
9690,"Organic Dark Chocolate Whey Protein",65,11
9692,"Crunchy Cheese Flavored",107,19
9694,"Hickory Ham & Cheddar in a Croissant Crust",38,1
9698,"Apricot Fruit Spread",88,13
9703,"Blueberry Scones",93,3
9710,"Angel Food White Cake Mix",105,13
9714,"Tostitos Simply Organic Blue Corn Tortilla Chips",107,19
9718,"Lemon Chicken",38,1
9725,"All One Hemp Lavender Castile Soap Bar",25,11
9736,"Salted Caramel Yoghurt",120,16
9737,"Sliced Sharp Cheddar",2,16
9738,"Organic Portabello Mushroom Caps",123,4
9739,"Freeze Dried Instant Coffee",26,7
9741,"Cheese Pizza",79,1
9743,"Real Vegetable Chips Original Sea Salt Non GMO",107,19
9747,"Francese Rolls",43,3
9748,"Organic Roasted Lemon Thyme Hummus",51,13
9751,"Uncured Applewood Smoked Ham",7,12
9755,"Original Popcorn",23,19
9756,"Original Antacid & Pain Relief Tablets 36 Ct",70,11
9759,"Cabernet Marinara w/ Herbs Pasta Sauce",9,9
9762,"Freshly Made. Filled with Creamy Ricotta, Aged Parmesan and Romano Cheeses Mixed Cheese Tortellini",12,9
9766,"Avocado Oil Himalayan Salt Chips",107,19
9771,"Classic New York Style Cheesecake",119,1
9772,"Sugarfree Spearmint Chewing Gum",20,11
9776,"Homestyle Meals Sweet Peas, Green Beans, Spinach & Quinoa Organic Baby Food",92,18
9779,"Shepherd's Pie",38,1
9783,"Max Force Laundry Stain Remover",75,17
9786,"Organic Whole Wheat Pita",112,3
9788,"Himalayan Fine Pink Salt",104,13
9796,"Gluten Free Tapioca Pudding",71,16
9799,"YoKids Strawberry Banana Organic Lowfat Yogurt",120,16
9804,"Four Cheese Pizza",79,1
9805,"Chlorine Free Ultra-Thin Regular Pads",126,11
9806,"ColdCare, Soothing Hot Drink, Lemon Flavor",11,11
9807,"Organic Shells & White Cheddar Macaroni and Cheese",4,9
9808,"Organic Cottage Cheese",108,16
9809,"Diet Lemon Decaffeinated Iced Tea Mix",90,7
9810,"100% Lactose Free 1% Lowfat Milk",91,16
9811,"Barbecue Pulled Pork",7,12
9814,"Fruit Bars, Dark Chocolate Covered, Creamy Strawberry",37,1
9816,"Asiago Cheese Artisan Nut Thins",78,19
9819,"Lite Pear Halves In Light Syrup",99,15
9822,"Dessert Shop Chocolate Brownie Cookies",61,19
9824,"Pet Stain & Odor Remover + Oxy, Fresh Blossoms",114,17
9825,"Organic Multigrain Waffles",52,1
9829,"Pure Life Water",115,7
9834,"Berry Rainbow Sherbert",37,1
9836,"Soft French-Style Nut Cheese",108,16
9837,"Original Cooking Spray",19,13
9838,"Salted Whipped Butter",36,16
9839,"Organic Broccoli",83,4
9848,"Balsamic Reduction Traditional Balsamic",72,13
9849,"Ancient Grain Pasta Gluten-Free Fusilli",131,9
9850,"Crema Mexicana",21,16
9851,"Everyday Fresh 85% Lean Ground Turkey",49,12
9852,"Bakery Classics 100% Whole Wheat Hamburger Buns",43,3
9853,"Dill",16,4
9859,"Wavy Potato Chips",107,19
9864,"Madras Lentils Indian Cuisine",76,6
9869,"Hearty Crispbread",78,19
9871,"Beef Loin New York Strip Steak",122,12
9878,"8 Piece Fried Chicken",13,20
9881,"Vegan Aged White Cheddar Flavor Puffs",107,19
9883,"Garlic Asiago Brazilian Cheese Bread",58,1
9885,"Organic Crushed Tomatoes",81,15
9887,"Dha 1000",47,11
9890,"Whole Lychees in Heavy Syrup",99,15
9894,"Panko Crispy Bread Crumbs",5,13
9896,"Uncured Applewood Smoked Bacon",106,12
9897,"Turkey W/Beans 99% Fat Free Chili",59,15
9901,"Original Strawberry Banana Yogurt",120,16
9913,"Garden Vegetable Salad Roll",13,20
9915,"Clams, Whole Cooked & Farm Raised",34,1
9924,"Irish Instant Oatmeal, Variety Pack",130,14
9932,"Natural Creamy Peanut Butter",88,13
9933,"Maxi Regular Pads",126,11
9934,"Organic Australian Style Vanilla Lowfat Yogurt",120,16
9943,"Garlic 'n Herb",104,13
9948,"Driscoll Sunshine Raspberries",24,4
9955,"Unsweetened Organic Coconut Milk",91,16
9956,"Body Deodorant Spray",80,11
9957,"Original Hemp Burgers",34,1
9963,"Ultra Thin Pepper Jack Cheese Slices",21,16
9973,"Applesauce On The Go Apple Strawberry Pouches",99,15
9976,"100% Natural Stewed Tomatoes",81,15
9979,"Olive Oil",19,13
9995,"Sesame Seed New York Style Bagels",93,3
9996,"Less Sodium Soy Sauce",66,6
10006,"Low Sodium Refried Black Beans",59,15
10017,"Tilapia Filet",39,12
10022,"Sweet & Sour Chicken",38,1
10025,"Freeze Dried Strawberry Slices",116,1
10029,"Smooth & Silky Touchable Softness Shampoo",22,11
10032,"Cola Soft Drink",77,7
10036,"Mighty 4 Kale, Strawberry, Amaranth & Greek Yogurt Tots Snack",92,18
10038,"Hamburger Oval Dill Pickle Chips",110,13
10045,"Fruit On The Bottom Strawberry Banana Yogurt",120,16
10049,"Deli Sliced Sharp Cheddar Cheese",21,16
10053,"Bag of Russet Potatoes",83,4
10054,"Kellogg's Nutri-Grain Apple Cinnamon Cereal",48,14
10059,"Quinoa Salad Pistachio Citrus",1,20
10060,"Original BBQ Sauce",72,13
10062,"Cookies N Cream Ice Cream",37,1
10065,"Imitation Crab Meat",34,1
10070,"Organic 1% Low Fat Milk",84,16
10076,"Chunk Light Yellowfin",95,15
10077,"with Olive Oil Mayonnaise Dressing",72,13
10078,"Soft Baked Oats and Chocolate Breakfast Biscuits (Cookies)",48,14
10080,"Double Roasted Tomato Medium Salsa",51,13
10082,"Multigrain Cereal",121,14
10084,"Classic Tender Beef Feast Cat Food",41,8
10087,"Simply 100 Black Cherry Blended  Non-Fat Greek Yogurt",120,16
10089,"Dolmas",13,20
10092,"Chicken Lower Sodium Rice Mix",4,9
10094,"Decaffeinated Tea",94,7
10096,"Corn Meal Pizza Crust",58,1
10102,"Carrot and Celery Sticks",123,4
10106,"Honey & Maple Turkey Breast",96,20
10107,"Light Corn Syrup with Real Vanilla",29,13
10108,"Artisan Sausage Pineapple Uncured Bacon Hardwood Smoked with Vermont Maple Syrup",24,4
10110,"Organic Sumac",104,13
10111,"Organic Smooth Move Herb Tea Bags",94,7
10112,"Baby Mum-Mum Organic Rice Rusks Original",92,18
10114,"Classic French White Bread",112,3
10115,"Nutramigen with Enflora LGG Powder",92,18
10116,"Original Maximum Odor Control Cat Litter",41,8
10117,"Sausalito Milk Chocolate Macadamia Cookies",61,19
10120,"Mini Artisian Crackers Croccantini Roasted Garlic",78,19
10121,"Wild Sockeye Salmon",15,12
10125,"Yokids Organic Strawberry Banana Lowfat Yogurt Squeeze",120,16
10126,"All Natural Gluten Free Teff Wraps",128,3
10129,"Swiss Muesli",121,14
10132,"Organic American Cheese Singles",21,16
10144,"Barrel Pickles",110,13
10145,"Simple Favorites Chicken Enchilada Suiza",38,1
10151,"Bolthouse Baby Carrots",123,4
10159,"Click Super Plus Compact Tampons",126,11
10160,"Veggies On-the-Go, Stage 2 (6 Months and Up), Pumpkin, Zucchini & Apple Blend",92,18
10162,"Squash Baby Food Stage 2",92,18
10163,"Roasted Red Pepper Hommus",67,20
10166,"Almond Milk Cookies N' Cream Non-Dairy Frozen Dessert",37,1
10172,"Quinoa Chips Sea Salt",107,19
10173,"Organic Creamy Tomato Basil Soup",69,15
10174,"Sicilian Recipe Crispy Thin Crust Pizza",79,1
10176,"Original Spelt Organic English Muffins",93,3
10177,"German Barrel Sauerkraut",110,13
10180,"Popped Salted Caramel Granola Bars",3,19
10181,"Classic Guacamole",67,20
10182,"Grand Reserve Balsamic Vinegar",19,13
10189,"100% Grass-Fed Organic Plain Creamline Yogurt",120,16
10193,"Shredded Carrots",123,4
10199,"Watermelon Agave Frozen Pops",37,1
10208,"Probugs Pretty Plain Whole Milk Kefir",84,16
10210,"Cherry, Dark Chocolate & Almond Granola bar",3,19
10212,"Everything Inside Bagels",93,3
10221,"All Natural New England Style Clam Chowder Soup",69,15
10224,"Organic Hunza Golden Raisins",18,10
10226,"Everyday Assorted Heavy Duty Flatware",111,17
10227,"Whole Bean French Roast Dark Roast Blend Extra Bold Coffee",26,7
10234,"Organic Coconut Almond in Chocolate Frozen Non-Dairy Desert",37,1
10238,"Deodorizing Aerosol Spray Apple Cinnamon",101,17
10241,"Powdered Confectioners Sugar",17,13
10243,"Parchment Paper",85,17
10246,"Organic Celery Hearts",83,4
10248,"Kosher Dill Pickles",110,13
10251,"Africa Single Origin 1 Coffee",26,7
10252,"BelVita Cranberry Orange Breakfast Bar",48,14
10255,"Clean Care Mega Rolls Toilet Paper",54,17
10258,"Pistachios",117,19
10261,"Original Whipped Topping With Real Cream",53,16
10263,"Very Emollient Bath & Shower Gel Sparkling Mint",25,11
10267,"Organic Classic Kombucha Maqui Berry Mint",31,7
10268,"Vanilla Organic Coconut Milk Yogurt",120,16
10272,"Fabric Refresher",101,17
10273,"Tilapia Fillet",39,12
10275,"Go-Gurt Strawberry Splash and Cool Cotton Candy Tubes",120,16
10278,"Men's One Tablets - 30 CT",47,11
10279,"Lunchables Pepperoni Pizza",13,20
10280,"Organic Easy Leaves Butter Lettuce Salad",123,4
10286,"Claw Crab Meat",15,12
10291,"Red Swisschard",83,4
10292,"Family Size Shells & White Cheddar Macaroni & Cheese",4,9
10296,"Lori's Lemon Tea",94,7
10299,"Congestion Non-Drowsy Maximum Strength Phenylephrin HCl Tablets",11,11
10300,"Glazed Chicken",38,1
10301,"Dark Chocolate Cherry Chia Bar",3,19
10305,"Black Plum",24,4
10307,"Soft Serve Fruit Pop Strawberry",37,1
10308,"Crunchy Granola Raisin Bran",121,14
10309,"Low Sodium Condensed Cream of Mushroom Soup",69,15
10310,"Wheat Thins Original",78,19
10312,"Zen Tea",94,7
10313,"Lotion for Everybody 3 in 1 Mint And Coconut Lotion",109,11
10314,"Organic Breakfast Blend Whole Bean Coffee",26,7
10315,"Stuffed Grape Leaves",67,20
10321,"Grands! Flaky Layers Buttermilk Biscuits",105,13
10326,"Organic Fuji Apples",24,4
10328,"Corn Tortillas 24 Count",100,21
10333,"Rice Krispies Treats Original Crispy Marshmallow Squares",61,19
10335,"Corn Flakes Cereal",121,14
10337,"UDI'S GLUTEN FREE WHOLE GRAIN BREAD",112,3
10339,"Unsweetened Blackberry Water",115,7
10341,"Organic Honey Green Tea Drink",94,7
10342,"Sencha Shot Japanese Green Tea",94,7
10343,"Teriyaki Chicken Bowl",38,1
10346,"Bread Co New York Rye",112,3
10349,"Gluten Free Maple Pecan Chocolate Chip Cookies",61,19
10350,"Cosmic Brownies With Chocolate Chip Candy",61,19
10351,"Sparkling Probiotic Drink Blueberry Cherry",31,7
10358,"Organic White Mushrooms",83,4
10360,"Dragon Fruit",24,4
10365,"100% Orange Strawberry Banana Juice",31,7
10366,"Pizza Bagels",33,6
10369,"Organic Genoa Salami",96,20
10374,"Flip Peanut Butter Dream Greek Yogurt",120,16
10375,"Self-Rising Flour",17,13
10376,"Organic Caraway Seeds",104,13
10385,"Organic English Cucumber",83,4
10386,"Au Jus Gravy Mix",5,13
10387,"Crinkle Cut Sweet Potato Fries with sea salt and black pepper",129,1
10388,"Classic Mixed Vegetables",116,1
10394,"Blanched Unsalted Hazelnuts (Filberts)",117,19
10402,"Pronamel Gentle Whitening Toothpaste",20,11
10403,"Honey Low Fat Grahams",78,19
10407,"Rustic Sourdough Bread",112,3
10409,"Essentials Organic Green Delight Juice",98,7
10411,"Cauliflower Head",83,4
10421,"Chopped Spinach Steamers",116,1
10423,"Vegetable Cooking Stock",69,15
10424,"Triple Creme Brie",2,16
10436,"Granola, Original Honey",57,14
10439,"Hard Candies",45,19
10441,"Dry Roasted Almonds",117,19
10446,"12 Grain Hearty Sliced Bread",112,3
10447,"Pearled Barley",63,9
10448,"Chili Lime Beef Jerky Pack",23,19
10453,"Double Caramel Ice Cream Bars",37,1
10454,"Limited Edition Ice Cream",37,1
10463,"Sonic Energy Refreshed",64,7
10467,"Organic Bernie O's",59,15
10468,"Natural Bliss All Natural Coffee Creamer Sweet Cream Flavor",53,16
10469,"Brown Rice Pasta Shells",131,9
10473,"Half And Half Cream",53,16
10477,"Caramel Chocolate Sandwich",37,1
10478,"Lightly Salted Potato Chips",107,19
10479,"Kellogg's Special K Red Berries Cereal",48,14
10480,"Aioli, Roasted Garlic",72,13
10482,"Beyond Chicken Lightly Seasoned Strips",14,20
10489,"Orange Flavor Chewable Aspirin Tablets",133,11
10490,"Organic Broccoli and Cauliflower",83,4
10492,"Coconut Milk",66,6
10497,"Organic Star Pasta & Chicken Soup",69,15
10498,"Pancake & Baking Mix",130,14
10499,"Jalapeno Nacho Slices, Mild",30,6
10500,"Cool Mint® Antiseptic Adult Mouthwash",20,11
10504,"Yukon Gold Potatoes 5lb Bag",83,4
10509,"Organic Animal Crackers",78,19
10513,"Awaken Aloe & Wheatgrass Beverage",98,7
10514,"Assorted Compostable Flatware",111,17
10517,"Capretta Greek Original Goat Yogurt",120,16
10518,"Traditional Basil Pesto Sauce",9,9
10521,"Carb Balance Small Fajita Whole Wheat Tortillas",128,3
10523,"Pro Health Fresh Clean Mint Whitening Gel Fluoride Toothpaste",20,11
10524,"Bold & Spicy Bloody Mary Mix",6,2
10527,"Whipped Butter",36,16
10528,"Cheddar Cheese Medium",2,16
10530,"Sport Plant-Based Vanilla Flavor Performance Protein Drink Mix",65,11
10534,"Organic Traditional Udon",66,6
10540,"Whole Medjool Dates",18,10
10545,"Chocolate Belgian Waffles",52,1
10547,"Gourmet Vanilla Nut Coffee",26,7
10549,"Grands! Flaky Layers Butter Tastin' Biscuits",105,13
10551,"Banana Bread Fruit & Nut Bar",3,19
10554,"Cocoa Crunchies Cereal",121,14
10558,"Organic Peanut Butter Granola",57,14
10562,"Berry Harvest Spread",88,13
10565,"Mellow White Miso",66,6
10567,"Sanitizing Wipes",6,2
10569,"Mini Dog Treats",40,8
10570,"Organic Dark Chocolate Salted Almond Butter Cups",45,19
10571,"Seasoning Adobo Seasoning",104,13
10574,"Apple Scent Liquid Hand Soap",25,11
10580,"Pepperoni",96,20
10585,"Spinach & Roasted Garlic Crackers",78,19
10586,"Green Dragon with Passion Fruit Tea",94,7
10598,"Yorkshire Gold Tea Bags",94,7
10599,"Premium English Breakfast Black Tea Bags",94,7
10602,"Brioche Hamburger Buns",43,3
10603,"93% Ground Beef",122,12
10605,"Gluten Free White Bread",112,3
10606,"Organic Teriyaki Seaweed",50,19
10607,"Prosecco",134,5
10613,"Cut & Peeled Baby Carrots",123,4
10616,"Frappuccino Vanilla Chilled Coffee Drink Coffee Substitutes",26,7
10619,"Toothpaste, Fluoride, Brisk Mint, Paste",20,11
10621,"Organic Purple Kale",83,4
10622,"Plastic Frame Grater",10,17
10623,"Special K Red Berries Crunchy Rice & Wheat Flakes with Strawberries",121,14
10626,"Sandwich Stuffers Kosher Dill Pickles",110,13
10642,"Fuji Apple Fruit Chips",117,19
10644,"Italian Extra Virgin Olive Oil",19,13
10648,"Rice Noodles",66,6
10655,"Sparkling Seltzer Water",115,7
10656,"Boneless Chicken Thighs",34,1
10662,"Cheese Pizza In A Pocket Sandwich",38,1
10666,"Organic 100% Pure Honey",29,13
10667,"Imported Butter",36,16
10668,"Organic Mixed Herbs",16,4
10673,"Original Nooks & Crannies English Muffins",93,3
10675,"Apple & Cherry Simple Combos Organic",92,18
10676,"Classic Clean Anti-Dandruff Shampoo",22,11
10680,"Sliced Canadian Style Bacon",106,12
10681,"Brick Oven Pepperoni",79,1
10685,"Organic Fudge Bars",37,1
10690,"Natural Lemon Flavored Sparkling Water",100,21
10691,"Gluten Free Rigatoni",131,9
10697,"Beneful Chopped Blends Chicken Dog Food",40,8
10699,"Rosemary & Sea Salt Fries",129,1
10700,"Organic Low Sodium Black Beans",59,15
10702,"California Red Wine",28,5
10709,"Non Dairy Chunky Monkey",37,1
10710,"Tiny Twists Pretzels, Cheddar",107,19
10714,"Real Medleys Super Grains Maple Pecan Raisin Oatmeal Cup",130,14
10715,"Meatless Veggie Sausage",42,1
10716,"Femdophilus Oral Probiotic Supplement",70,11
10724,"Dark Chocolate Coconut Almond Bark",45,19
10729,"Gluten Free Special K Touch of Brown Sugar Cereal",121,14
10732,"Sensitive Skin Experts Cleansing Facial Wipes",73,11
10734,"Brown 'N Serve Turkey Sausage Links",52,1
10735,"Peach Pie",119,1
10737,"Chewy Peanut Butter Chocolate Chip Granola Bars",3,19
10749,"Organic Red Bell Pepper",83,4
10753,"Peanut Butter Bar",3,19
10755,"Peanut Butter & Grape Jelly Sandwiches",119,1
10761,"Organic Yokids Lemonade/Blueberry Variety Pack Yogurt Squeezers Tubes",120,16
10763,"Sprouted Khorasan Honey O's",121,14
10765,"Organic Watercress",83,4
10768,"Organic Raspberry Lowfat Yogurt",120,16
10776,"Au Gratin Potatoes",4,9
10779,"Blue Machine 100%  Juice Smoothie",31,7
10782,"Spot's Stew Wild Salmon Recipe Cat Food",41,8
10787,"Soft Flour Tortillas",128,3
10793,"Naked Paleo Pizza Crust",58,1
10796,"Cracker Cuts Extra Sharp Cheddar",21,16
10798,"Organic Salted Individually Wrapped Quarters Butter",36,16
10804,"Organic Cinnamon Raisin Bread",112,3
10807,"Wild Arugula Salad",123,4
10814,"Applewood Smoked Bacon",106,12
10819,"Original Craisins",117,19
10826,"Gluten Free Crackers Multigrain",78,19
10827,"Organic Apple Cider Vinegar All Natural Drink Apple Cinnamon",98,7
10831,"Yobaby Organic Plain Yogurt",120,16
10833,"Instant French Vanilla Pudding & Pie Filling",105,13
10834,"Organic Butter Beans",59,15
10840,"Blueberry Crisp Energy Bar",3,19
10848,"Organic Kidney Beans",59,15
10849,"Hickory Smoked Ham",96,20
10851,"Natural Alpine Spring Water",115,7
10852,"Uncured Sliced Bacon",106,12
10854,"Unbleached Enriched Artisan Bread Flour",17,13
10855,"Natural Basil Pesto with Romano Cheese Sausage",106,12
10862,"Natural Chocolate Flavor Whey Protein Powder",65,11
10863,"Grain Free Turkey & Salmon Formula Cat Food",41,8
10866,"Organic Bunny-Luv Fresh Carrots",83,4
10867,"Delight Sea Salt Popcorn",23,19
10869,"Total All Purpose Grease Cutting Lemon Cleanser",114,17
10872,"Cranberries",117,19
10874,"Zero Calorie Lemon Lime Twist Soda",77,7
10875,"Sushi Chef Traditional Japanese Style Mirin Sweetened Sake",66,6
10878,"Organic Garden Vegetable Pasta Sauce",9,9
10880,"Grade A Cage Free Omega-3 Enriched Medium Eggs",86,16
10885,"Live Butter Lettuce",123,4
10888,"Organic Gummy Worms",45,19
10889,"No Pulp Calcium + Vitamin D 100% Pure Orange Juice",31,7
10890,"Original Pancakes & Sausage On a Stick",52,1
10892,"Baked Crunchy Cheese Flavored Snacks",107,19
10895,"Mexican Finely Shredded Cheese",21,16
10896,"Banana Bam Bam Paleo Muffins",93,3
10897,"Vegetable Recipe Mix",69,15
10898,"3 Minute Triple Mint Freshness Antibacterial Denture Cleanser Tablets",20,11
10900,"Crumbled Gorgonzola Cheese",21,16
10902,"Kosher Reduced Fat Beef Franks",106,12
10904,"Original Paleo Krunch Granola",57,14
10908,"Brown Sugar Cubes",17,13
10911,"100% Stone Ground Whole Wheat Pastry Flour",17,13
10912,"Lowfat Vanilla Yogurt",120,16
10915,"Organic Short Brown Sprouted Rice",68,10
10916,"Original Real Crumbled Bacon",89,13
10919,"Original Meatballs",34,1
10926,"Pelmeni with Chicken",38,1
10930,"IB Pain Reliever/Fever Reducer Liquid Gels",133,11
10933,"Organic Wild Blueberry Bars",3,19
10944,"Organic Russian Banana Fingerling Potato",24,4
10948,"Organic Brown Rice Flour Gluten Free",100,21
10957,"Fridge Pack Cola",77,7
10960,"Nutritional Yeast Seasoning",104,13
10962,"Extra Strength Energy Shot",64,7
10965,"Cinnamon & Maple Flapjack On The Go",130,14
10970,"Chocolate Chip Cookie Mix",105,13
10978,"Organic Tomato Puree",81,15
10983,"Organic Lightly Salted Butter",36,16
10984,"Cherry Honey Soothing Relief Drops",11,11
10990,"Rich & Hearty Creamy Roasted Chicken Wild Rice Soup",69,15
10991,"Exotic Harvest Sea Salt Vegetable Chips",107,19
10995,"Baked Beans with Tomato Sauce",59,15
10998,"Yellow Corn Organic Tortillas",128,3
10999,"Organic Lemon Thyme",16,4
11000,"Soup, Creamy, Portobello Mushroom",69,15
11005,"Organic Cream Cheese Bar",108,16
11008,"Clean Linen Jar Candle",101,17
11009,"Apple Apple Applesauce On The Go Pouches",99,15
11014,"Cool Ranch Tortilla Chips",107,19
11020,"Oatcakes",78,19
11022,"Mini Peppers",123,4
11023,"Wildflower Honey",29,13
11029,"Sea Salt And Vinegar Potato Chips",107,19
11030,"Cayenne Cleanse Probiotic Tea",31,7
11034,"5 Peppermint Cobalt Cooling Sugar-Free Gum",46,19
11035,"Sugar Free Strawberry-Banana Low Calorie Gelatin Dessert Mix",105,13
11039,"European Style with Sea Salt Butter",36,16
11046,"Humboldt Fog",2,16
11051,"Everyone Aromatherapy Essential Oil Diffuser",133,11
11058,"Carrot Rainbow Baby Peeled",123,4
11067,"100% Whole Wheat Hot Dog Buns",43,3
11068,"Medium Cheddar Cheese Block",21,16
11069,"Organic Kale Pesto Hummus",67,20
11072,"Traditionally Crafted Soba Pasta",66,6
11073,"Diet Orange Diet CSD",77,7
11075,"Dishwasher Detergent ActionPacs Fresh Scent",74,17
11076,"Banana Nut Bread Energy Bar",3,19
11078,"Macaroni Elbows",131,9
11081,"Sweet Sliced Apples",123,4
11087,"Organic Unsweetened Black Tea",94,7
11088,"Spicy Ginger Teriyaki Yummy Marinade & Simmer Sauce",66,6
11089,"Opadipity Greek Yogurt Creamy Ranch Dip",51,13
11090,"Organic Fat Free Cottage Cheese",21,16
11097,"Chipotle Pepprs in Adobo Sauce",30,6
11104,"Giovanni Avocado & Olive Oil Ultra-Moist Shampoo",22,11
11107,"Organic Rice Ramen Millet & Brown",66,6
11109,"Organic 4% Milk Fat Whole Milk Cottage Cheese",108,16
11110,"Dark Chocolate Mocha Almond Fruit & Nut Bars",3,19
11112,"Beef Ribeye",7,12
11121,"Original Whipped Topping",119,1
11123,"Vitamin Water Zero Squeezed Lemonade",64,7
11128,"Pure Breeze Super Odor Killer Gel Air Freshener",101,17
11129,"Banana Bread Mix",105,13
11130,"Single Serve Crispy Wheat Crackers",78,19
11132,"Organic Promise Berry Fruitful Cereal",121,14
11136,"Organic Low Sodium Chicken Cooking Stock",69,15
11138,"Organic Kids Apple Juice Pouches",98,7
11140,"Organic Romaine Leaf",123,4
11143,"Defense Up Cold Pressed Fruit Smoothie",31,7
11152,"Eggplant Large",83,4
11153,"Chocolate Hempmilk",91,16
11154,"Corn Pops Cereal",121,14
11158,"Grands! with Cream Cheese Icing Cinnamon Rolls",105,13
11162,"Bac-Out Stain + Odor Remover Live Enzyme Cultures & Lime Extract",75,17
11169,"Raw Local Wildflower Honey",29,13
11173,"Barnum's Animals Crackers",61,19
11174,"Peach Yogurt Melts",92,18
11175,"Game Day Barbecue Trail Mix",125,19
11178,"Spring Fling",100,21
11182,"Baby Spinach",123,4
11185,"Large Croissants",93,3
11187,"Revel Berry Yerba Mate",94,7
11193,"Ancient Grain Blueberry Hemp Granola",57,14
11195,"Unsweet Strawberry Kiwi Sparkling Water",115,7
11198,"Seasoning Paprika",104,13
11199,"Organic California Sushi Rice",63,9
11201,"Mint Chocolate Chip Grand Ice Cream",37,1
11203,"Cottage Doubles Peach, 2% Milkfat Lowfat Cottage Cheese & Peach Topping",108,16
11210,"Extra Large Grade A Eggs",86,16
11212,"Apple Blueberry Fruit Yogurt Smoothie",92,18
11215,"Santitas White Corn Tortilla Chips",107,19
11218,"Whole Oregano",6,2
11224,"Organic Cashew Nondairy Blueberry Yogurt",100,21
11226,"Original Chik'n Made with Non-GMO Soy Vegan Soy Protein Nuggets",42,1
11230,"Cashew & Ginger Spice Fruit & Nut Bar",3,19
11231,"Chicken Sesame Bbq Bar",45,19
11233,"100% Whole Wheat Pre-Sliced Sandwich Thins",43,3
11247,"Shortbread Cookies",61,19
11249,"Nacho Cheese & Bean Snacks",129,1
11250,"Organic Hot Salsa",51,13
11256,"Original Magic Eraser",114,17
11257,"Seasoned Squid Salad",13,20
11258,"Dino Buddies Chicken Breast Nuggets",129,1
11259,"2% Low-fat Cottage Cheese",108,16
11262,"Extra Thick Whole Grain Rolled Oats",130,14
11265,"100% Natural Diced Tomatoes",81,15
11266,"Dried Mangos",117,19
11270,"Dried Apples",117,19
11277,"Traditional Yerba Mate Tea Bags",94,7
11281,"Double Stuf Oreo Sandwich Cookies",61,19
11288,"Organic Indian Curry Baked Sproutofu",91,16
11292,"The Original Irish Creme Liquer",124,5
11300,"100% Pure Concord Grape Juice",98,7
11301,"Free Range Organic Chicken Broth",69,15
11307,"Goat Cheese Logs",2,16
11308,"Murphy Oil Soap Liquid Wood Cleaner",114,17
11309,"Fancy Sliced Bamboo Shoots",66,6
11310,"Chana Masala Roti Paratha",76,6
11314,"Chicken Vindaloo with Basmati Rice",38,1
11319,"Sugar Free Mountain Menthol Flavor",11,11
11323,"Medium Roast Extra Bold K-Cup Packs Coffee",26,7
11325,"Organic Hemp Plus Granola",68,10
11331,"Deluxe Mixed Nuts",117,19
11339,"F/C Turkey Patties",122,12
11344,"Facial Tissue Family Size",54,17
11345,"Irish Whiskey Ireland",124,5
11348,"Cocktail Sauce",72,13
11350,"Just Organic Strawberries",50,19
11352,"Organic Mini Sandwich Crackers Peanut Butter",78,19
11361,"Pure Almond Unsweetened Original Almond Milk",91,16
11362,"Whips! Raspberry Mousse Lowfat Yogurt Mousse",120,16
11365,"Leaf Spinach",32,4
11366,"Cheese & Garlic Croutons Restaurant Style",89,13
11367,"Chocolate Soy Milk",91,16
11375,"Bbq Ranch Chopped Salad Kit",123,4
11381,"Broccoli, Carrots, Cauliflower, & Cheese Sauce",116,1
11383,"Original Soda Crackers",78,19
11384,"Naturally Brewed Soy Sauce",66,6
11390,"Bathroom Tissue Rolls",54,17
11392,"Ultra Plates",111,17
11403,"Original Barbeque Sauce",5,13
11404,"Triple Size Cotton Balls",132,11
11408,"Crushed Tomatoes",81,15
11412,"Fabric Softener Dryer Sheet Free & Gentle Fabric Enhancers",75,17
11421,"Moroccan Mint Herbal Tea",94,7
11422,"Plain Greek Yogurt",120,16
11432,"Chopped Kale",123,4
11434,"Defense Sugar Free Vitamin C Drops",11,11
11437,"Gluten Free Blueberry Oat Muffin Tops",52,1
11440,"Chicken Breast Tenders Breaded",129,1
11447,"Chorizo Seitan",14,20
11448,"Strained Non Fat Orange & Ginger Yogurt",120,16
11452,"Honey Dijon Potato Chips",107,19
11456,"Sour Cream & Onion Flavored Potato Chips",107,19
11460,"ProteinPLUS Multigrain Thin Spaghetti Pasta",131,9
11461,"White Corn Tortillas",128,3
11463,"Honey Ham",96,20
11471,"Temptations Tasty Chicken Flavor Cat Treats",41,8
11472,"Baked Scalloped Potatoes With Real Cheddar Cheese & Whole Milk",13,20
11473,"Pasilla Pepper (Chile Negro)",100,21
11475,"Scarlet Citrus Rooibos Herbal Tea Filterbags",94,7
11477,"Ezekiel 4:9 Golden Flax Sprouted Grain Crunchy Cereal",121,14
11479,"Hair Expertise EverSleek Reparative Smoothing Conditioner",22,11
11481,"Organic Quinoa & Brown Rice With Garlic",63,9
11484,"Vanilla Almond Builder's Bar",3,19
11487,"Shreds Iceberg Lettuce",123,4
11488,"Vegetable Oil & Nonfat Yogurt Spread",36,16
11492,"Zero Ultra Energy Drink",64,7
11494,"Cookie Dough Ice Cream Chocolate Chip",100,21
11499,"Organic Lowfat Black Cherry Yogurt",120,16
11502,"Natural Tea Tree Oil & Neem Wintergreen Toothpaste",20,11
11512,"Honey Yoghurt",120,16
11513,"1 Apple + 1 Pear Fruit Bar",3,19
11516,"Hot Italian, Lean Turkey Sausage",49,12
11517,"Positively Radiant Daily Moisturizer Broad Spectrum SPF 15",73,11
11520,"Large Alfresco Eggs",86,16
11521,"Shoestring French Fried Potatoes",129,1
11526,"Napa Cabbage",83,4
11535,"First Quality Bamboo Round Tooth Picks",111,17
11538,"Organic Carrot Juice",31,7
11540,"Full-Size Chocolate Bars",45,19
11543,"Vanilla Protein Protein Shake",31,7
11555,"Dark Chocolate Almond with Sea Salt",45,19
11556,"Quadratini Chocolate Cream Wafers",61,19
11563,"Premium Romaine",123,4
11568,"Greek 100 Calories Black Cherry Fat Free Yogurt",120,16
11570,"Sesame Cooking Sauce",66,6
11571,"Lemon Lime Soda Caffeine Free",77,7
11574,"Light & Lean Black Bean and Cheese Enchilada",38,1
11576,"Corn Chips",107,19
11577,"Pure Ground Black Pepper",104,13
11580,"Cooked Shrimp",34,1
11586,"Chunks In Heavy Syrup Pineapple",99,15
11597,"Wheat Protein Cubed",14,20
11598,"Direct Trade Organic El Gallo Breakfast Blend Whole Bean Coffee",26,7
11599,"Clean Day Liquid Hand Soap Refill Basil Scent",25,11
11610,"Organic Chocolate Syrup",29,13
11611,"Strawberry Fruit Snacks",50,19
11614,"Pumpernickel Dark Pump Bread",112,3
11615,"Original Prepared Cheese Product",21,16
11619,"Dairy Free Coconut Milk Chocolate Yogurt Alternative",120,16
11628,"Authentic Israeli Fresh Classic Hummus",67,20
11629,"Classic Meatless Meatballs",14,20
11631,"Mixed Berry Lowfat Yogurt",120,16
11636,"Premium Green Tea Bags",94,7
11642,"Dark Chocolate Squares With Raspberry Filling",45,19
11644,"Light In Sodium Beans and Rice Burrito",38,1
11645,"Parmesan Crusted Fish",38,1
11648,"Spray & Go Aloe Fresh Moisturizer",127,11
11651,"Chorizo Style",14,20
11662,"Organic Green Kale",83,4
11668,"Egg White Chips Aged White Cheddar",107,19
11669,"Tuscan White Beans",59,15
11673,"Mild Diced Green Chiles Fire Roasted",81,15
11676,"Midnight Reverie Intense Dark Chocolate",45,19
11678,"Kosher Dill Pickle Spears",110,13
11679,"Deli Fresh Rotisserie Seasoned Chicken Breast",96,20
11683,"Miracle Whip Light Dressing",72,13
11686,"Pizza, Thin & Crispy, Ionian Awakening",79,1
11688,"Lemon Fruit & Nut Food Bar",3,19
11689,"On the Go Low Fat Cottage Cheese",108,16
11707,"Peanut Butter Chocolate Chip Macrobar",3,19
11710,"Fresh Mozzarella Snacking Cheese",2,16
11712,"Cage Free Large White Eggs",86,16
11714,"Pop-Tarts Frosted Brown Sugar Cinnamon Pastries",48,14
11729,"Vietnamese Brown Rice Noodles With Green Tea",66,6
11731,"Wild Collection Bearglove Men's Deodorant",80,11
11732,"Seeds The Day Organic Bread",112,3
11737,"Organic Lemon Lowfat Yogurt",120,16
11738,"Kale Apple Lemon Cold Pressed Juice",31,7
11740,"Boneless Skinless Thighs",35,12
11741,"Organic Fuel High Protein Chocolate Shake",65,11
11744,"Macrobar Cherries N Berries",3,19
11750,"Lorna Doone Shortbread Cookies",61,19
11755,"Chili Powder",104,13
11758,"Arrowroot Starch/Flour",17,13
11759,"Organic Simply Naked Pita Chips",107,19
11760,"7 Whole Grain Nuggets Cereal",121,14
11766,"Organic Wheat-Free & Gluten-Free Onion Crackers",78,19
11768,"Cookie Baking Sheets, Pre-Cut Parchment Paper",10,17
11770,"Ibuprofen 200mg Coated Tablets Pain Reliever/Fever Reducer",133,11
11773,"Classic Roast Medium Ground Coffee",26,7
11776,"Baked Sea Salt & Vinegar Potato Chips",107,19
11777,"Red Raspberries",123,4
11778,"Organic Tomato Lower Sodium Soup",69,15
11780,"Ultra Last Clumping Litter",41,8
11781,"Mushroom, Spinach, and Salsa Tamales",30,6
11782,"Bing Cherries",24,4
11784,"Duck Eggs",86,16
11786,"Free & Clear All-Purpose Natural Cleaner",114,17
11790,"Natural Vanilla Marshmallows",17,13
11794,"Quinn Butter and Sea Salt Popcorn",23,19
11796,"Grape Soda",77,7
11798,"Premium Selects Brussels Sprouts",116,1
11806,"Paleo Blueberry Muffin",100,21
11807,"Rustic Italian Vegetable Soup",69,15
11811,"Raw Probiotics Vaginal Care  50 Billion 38 Strains",70,11
11812,"XCT Oil",47,11
11817,"Roarin' Waters Grape Flavored Water Beverage",98,7
11819,"Laundry Detergent Free & Clear",75,17
11821,"Organic Milk Whole",84,16
11826,"Dark Chocolate Almond Milk",91,16
11827,"Chunky Medium Salsa",51,13
11837,"Pure Dark Brown Cane Sugar",17,13
11843,"Wildberries Organic Probiotic Whole Milk Kefir",120,16
11844,"Dolmas Stuffed Grape Leaves",110,13
11845,"100% Mango Juice",98,7
11849,"Natural Toothpaste Creme de Peppermint",20,11
11857,"Kickstart Pineapple Orange Mango",77,7
11865,"Light & Lean Spaghetti Italiano with Meatless Meatballs",38,1
11869,"String Cheese",21,16
11870,"Salsa Con Queso With Smoked Jalapeno Medium",51,13
11874,"Italian Ground Turkey, Lean",49,12
11877,"Mach3 Sensitive Shave Gel",55,11
11885,"Sparkling Water, Bottles",115,7
11887,"Cream Oil Intensive Body Lotion",127,11
11888,"Chickpea Salad",1,20
11889,"Kombucha Green Tea",94,7
11891,"Kidz Baked Chicken Nuggets",129,1
11895,"Mild Red Pepper Sauce",72,13
11896,"Organic Ice Cream Chocolate Chocolate Chip",37,1
11900,"Original Hard Lemonade",27,5
11903,"Beef Chuck Roast",6,2
11906,"Pinenuts",117,19
11909,"White Instant Enriched Long Grain Rice",4,9
11912,"Roka Blue Cheese Salad Dressing",89,13
11913,"Shelled Pistachios",117,19
11925,"Total 2% with Raspberry Pomegranate Lowfat Greek Strained Yogurt",120,16
11926,"Organic Cheddar Squares",78,19
11930,"Sea Salt Baked Lentil Chips",107,19
11933,"Grated Parmigiano Reggiano",2,16
11934,"Organic Greens & Apple Juice",31,7
11937,"Mixed Berries",123,4
11941,"Tortillas, Corn, Organic",128,3
11943,"Mixed Apple Slices",123,4
11945,"Organic Gluten & Wheat Free Homestyle Waffles",52,1
11947,"Dishwashing Liquid, Ultra, Cucumber and Melon Scent",74,17
11950,"Madagascar Vanilla Ice Cream",37,1
11951,"Singles Deep Dish Meat Trio Pizzas",79,1
11959,"Chipotle Salsa",67,20
11961,"Organic Nuts & Vanilla Beverage",31,7
11972,"Black Cherry Dairy-Free Yogurt Alternative",120,16
11974,"Goat Milk Yogurt Vanilla",120,16
11980,"Heritage Flakes Cereal",121,14
11983,"Simply 100 Strawberry Blended Non-Fat Greek Yogurt",120,16
11984,"Clean Day Fabric Softener Lavender Scent",75,17
11985,"Buttermilk Pancakes",52,1
11987,"Homemade Style Basil Pesto",9,9
11988,"Unscented One-Ply Bathroom Tissues",54,17
11992,"Organic Carrots & Ranch Dip",123,4
11993,"Sharp Cheddar Cheese Slices",21,16
11995,"Mediterranean Extra Virgin Olive Oil",19,13
11996,"Milk Chocolate Cookie & Caramel Fun Size",45,19
12000,"Baked Organic Sea Salt Crunchy Pea Snack",72,13
12004,"Organic Colorado Cracked Wheat Bread",112,3
12006,"Original Ravioli",42,1
12007,"Organic All Day Fresh Deodorant Lavender",80,11
12008,"Plain Organic Coconut Milk Yogurt",120,16
12009,"Umbrian Lentil Soup",69,15
12011,"12 Grain Bread",112,3
12013,"Pinot Noir",28,5
12015,"Asparagus Spears",83,4
12016,"Organic Bran Flakes Cereal",121,14
12018,"Organic Ghee",19,13
12020,"Mighty 4 Sweet Potato, Blueberry, Millet & Greek Yogurt Tots Snack",92,18
12023,"Toasted Coconut Chips Original Recipe",117,19
12026,"Organic Russian Banana Fingerling Potatoes",83,4
12029,"Unfrosted Strawberry Toaster Pastries",48,14
12030,"Herbs Ginger Blend Spices",16,4
12031,"Taco Seasoning, No. 4",104,13
12032,"Coconut Milk INon Dairy Frozen Dessert Coconut",37,1
12033,"Raspberries Dark Chocolate Bar",45,19
12036,"Gluten-Free Supergrain Pasta Organic Corn & Quinoa Blend Penne",131,9
12039,"Organic Pear Juice",98,7
12044,"Sweet Garden Peas",116,1
12053,"Panama Peach Antioxidant Infusion",31,7
12055,"Salad Kit, Endless Summer",123,4
12057,"Fresh Pasta Sauce, Marinara Sauce",9,9
12060,"Unsweetened Whole Milk Mixed Berry Greek Yogurt",120,16
12061,"Scar Treatment Sheets",118,11
12068,"Ritz Peanut Butter Cracker Sandwiches",78,19
12069,"Organic Campari Cocktail Tomatoes",123,4
12070,"Multi Surface Glade® Rainshower Scent Everyday Cleaner",114,17
12074,"Quick Enriched White Hominy Grits",130,14
12075,"Spicy Hummus",67,20
12078,"Shredded Mexican Blend Cheese",21,16
12080,"Sourdough Cracked Wheat Bread",112,3
12086,"Antibacterial Kitchen All Purpose Spray Cleaner, Lemon Fresh",114,17
12087,"Chicken Flavor Ramen Noodle Soup",4,9
12089,"Citrus + Mint Soap",25,11
12099,"Honey Greek Yogurt",120,16
12102,"Super Omega 3 Gems 500mg EPA & DHA Fish Oil 1000 Mg Softgels",47,11
12107,"Peppered Turkey Breast",96,20
12109,"Multigrain Waffles",52,1
12113,"Corn Starch",17,13
12115,"French Onion Chips",107,19
12118,"Organic Whole Grain Spanish Rice",63,9
12121,"Chewy Peanut Peanut Butter Granola Bars",3,19
12124,"Organic Strawberry Greek Yogurt",120,16
12125,"Organic Peace Pasta & Parmesan Macaroni & Cheese",4,9
12126,"Chopped Baby Spinach",116,1
12129,"12 Oz Lager",27,5
12130,"Premium Chunk White Albacore in Water Tuna",95,15
12134,"Organic Red Palm & Coconut Shortening",17,13
12135,"Premium Dog Treats, Salmon & Sweet Potato",40,8
12139,"White Cheddar Bunnies",78,19
12140,"Diet Soda",77,7
12144,"Gluten-Free Chicken Nuggets",34,1
12145,"Tofu Miso Ramen",66,6
12149,"Grade AA Extra Large Eggs",86,16
12154,"Wheat Free Oatmeal Snackimals",61,19
12157,"Tamari Gluten Free Soy Sauce Reduced Sodium",66,6
12159,"Light Red Raspberry Yogurt",120,16
12162,"Miso Soup Bowl",66,6
12163,"Organic Coconut Bliss Frozen Dessert",37,1
12178,"Maximum Hydration 3-in-1 Body Wash",127,11
12183,"Butter Unsalted 4 ct",36,16
12186,"Organic Mint Mélange Herbal Tea",94,7
12191,"Kettle Cooked Original Potato Chips",107,19
12192,"Nut Delight Fruit & Nut Bar",3,19
12193,"100% Florida Orange Juice",98,7
12196,"Chicken Quesadilla",13,20
12204,"Vegetable Medley",116,1
12206,"Basil Pesto",9,9
12207,"Organic Cheddar & Broccoli Quinoa Squares",78,19
12210,"Organic Bunashimeji Mushrooms",123,4
12211,"Gluten Free Organic Taco Sliders Corn Tortillas",30,6
12212,"Unscented 1000 Sheets Per Roll Bathroom Tissue",54,17
12218,"Classic Wheat Bread",112,3
12220,"Traditional Style Pink Salmon",95,15
12223,"Light & Lean Roasted Polenta With Swiss Chard",38,1
12232,"Original Diced Tomatoes & Green Chilies",81,15
12237,"Organic Sour Rye Bread",112,3
12240,"Vanilla Protein Almond Milk",91,16
12250,"EF California White Basmati Eco-Farmed 2 lb Rice",63,9
12252,"Organic Chocolate  Chip Cookie Vanilla Bean Ice Cream Sandwiches",37,1
12253,"90 Calorie Chocolate Chip Cookie",48,14
12254,"Organic Cherries",123,4
12255,"Seltzer Peach Pink Bellini",100,21
12258,"Organic White English Muffins",93,3
12259,"Organic Grain Free Smooth Chocolate Plant Protein",65,11
12260,"Ground Cinnamon",104,13
12271,"Smoked Pulled Pork",96,20
12276,"Chocolate Chip Cookie Dough Ice Cream",37,1
12279,"Italian With Aged Romano Dressing",89,13
12284,"Jamaican Style Premium Brew Ginger Ale",77,7
12285,"Chunk Light Tuna in Water Pouch",95,15
12289,"All Natural Smoothies Orange Dream Machine",113,1
12290,"Brie",2,16
12299,"Dried Blueberries",117,19
12302,"Sparkling Water, Natural Mango Essenced",115,7
12304,"Caffe Mocha Iced Coffee",26,7
12305,"Unflavored with Electrolytes Water",115,7
12312,"Lavender Hand Soap",25,11
12313,"Corn Bread Mix, Restaurant Style, Original, Low Fat",105,13
12314,"Organic Celery Salt",104,13
12315,"Dairy Free Hazelnut Coconut Milk Creamer",91,16
12316,"Hazelnut Gourmet Coffee Creamer",53,16
12320,"Organic Italian Herb Pasta Sauce",9,9
12322,"Extra Sweet, Extra Creamy Coffee Creamer",53,16
12324,"Indian Paneer Tikka",38,1
12326,"Anchovy Fillets in Olive Oil",95,15
12332,"Liquid Water Enhancer Orange Tangerine",90,7
12333,"Milk Chocolate Minatures",45,19
12336,"Organic Vanilla Bean Whole Milk Yogurt",120,16
12339,"Traditional Pasta Sauce",9,9
12340,"Free & Clear Size 4 Baby Diapers",56,18
12341,"Hass Avocados",32,4
12342,"Organic Sprinkle 24 Herbs & Spices Seasoning",104,13
12343,"Kale, Apple & Mango Pouch",92,18
12351,"Smooth & Sweet Citrus Punch",31,7
12354,"Liquid Soap Ultimate Clean Hair + Body Wash",127,11
12357,"Purple Cauliflower",83,4
12358,"Hamburger Dill Chips",110,13
12361,"Mild Cheddar Flavored Cheese Dip",51,13
12376,"Sourdough Demi Baguette",112,3
12381,"Bowls Tortilla Casserole & Black Beans",42,1
12382,"Original Coconut Water",98,7
12383,"Organic Elbows & Creamy Mild Cheddar Sauce Creamy Deluxe Macaroni Dinner",4,9
12384,"Organic Lactose Free 1% Lowfat Milk",91,16
12385,"Vegetable Base, Organic",69,15
12392,"Organic Love Crunch Granola Dark Chocolate & Red Berries",57,14
12395,"Plain Goat Milk Yogurt",120,16
12397,"Earl Grey Tea Bags",94,7
12398,"Caprese Salad",1,20
12403,"Original Mashed Potatoes",4,9
12405,"Scribblers Ice Pops",37,1
12409,"Organic Distilled White Vinegar",19,13
12412,"Organic Coco Whip",6,2
12415,"Venus Razor +2 Cartridges",55,11
12419,"Organic Sage",16,4
12427,"Original Beef Jerky",23,19
12432,"Tartar Sauce",72,13
12440,"California Lemonade",31,7
12442,"Basil Dish Soap",74,17
12448,"Original Dish Liquid",74,17
12455,"Reduced Sugar Craisins",117,19
12456,"Organic Sunday Bacon",106,12
12457,"Tea Tree Scalp Treatment Conditioner",22,11
12464,"Muscat Grapes",24,4
12466,"Alkaline C Batteries",87,17
12467,"Italian Dill Spears Hot",110,13
12469,"Strawberry Flavor Fermented Dairy Probiotic Acidophilus+C",70,11
12471,"Classic Potato Gnocchi",12,9
12474,"Chai Green Tea Bags",94,7
12475,"Deadman's Reach Organic Dark Roast Whole Bean Coffee",26,7
12476,"Raisin Bread",112,3
12477,"Vanilla Dairy-Free Yogurt",120,16
12480,"Sliced Pancetta Americana",96,20
12481,"Oreo Chocolate Sandwich Cookies",61,19
12487,"Yellow American Cheese Singles",21,16
12492,"Baby Food Pears Squash",92,18
12493,"100% Pure Grade A Dark Amber Maple Syrup",29,13
12496,"Radish",83,4
12500,"Organic Gluten Free Selections Dark Chocolate Chip Waffles - 6 CT",52,1
12504,"Orbit Spearmint",46,19
12508,"Red Bell Pepper",83,4
12513,"Light Strawberries 'n Bananas Fat Free Yogurt",120,16
12515,"Lychee",24,4
12516,"Kids' Cavity Protection Bubble Mint Toothpaste",20,11
12524,"Cafe Steamers Grilled Chicken Marinara With Parmesan",38,1
12533,"Minced Garlic Squeeze",72,13
12536,"Colby & Monterey Jack Cheese Sticks 12 Count",21,16
12538,"Chicken Parmigiana & Penne",38,1
12541,"Organic Jazz Apple",24,4
12542,"Organic Creamy Almond Butter",88,13
12544,"Mezze Penne Pasta",131,9
12545,"French Vanilla Coconut Milk Creamer",91,16
12547,"Round Dish Scrubber",10,17
12548,"Vanilla Enriched Rice Drink",91,16
12550,"Organic Daikon Radish Sprouts",123,4
12551,"Natural Stain Remover",75,17
12555,"Navel",24,4
12557,"Organic Chewy Dark Chocolate Almond Granola Bars",3,19
12562,"Beefaroni",59,15
12564,"Rigatoni Pasta",131,9
12565,"Family Pack Beef & Bean Chimichangas",38,1
12571,"Smokey Chipotle Raw Sauerkraut",110,13
12572,"6 OZ LA PANZANELLA CROSTINI ORIGINAL CRACKERS",78,19
12573,"Original Pancake Mix",105,13
12575,"Beet, Apple, Carrot, Lemon, Ginger Cold Pressed Juice Beverage",31,7
12576,"Kiwi Sandia Sparkling Water",115,7
12581,"Gluten Free Supreme Pizza",79,1
12583,"Organic Gold Beets",83,4
12587,"Ultra Thin Super with Flexi-Wings Unscented Pads",126,11
12590,"Baby Wash & Shampoo",102,18
12591,"Peach Mango Stage 2 Baby Food",92,18
12592,"Miso, Organic, Mellow, White",66,6
12597,"Organic Bakery Tortillas Whole Spelt",128,3
12604,"Deli Fresh Mesquite Smoked Turkey Breast Family Size",96,20
12606,"100% Natural Spring Water",115,7
12611,"Jumbo Ice Cream Cup Cones",103,19
12614,"Yellow Grape Tomatoes",83,4
12615,"Sparking Apple Cider",77,7
12616,"Certified Organic Oranges",123,4
12618,"Organic Bananas Bananas Bananas Super Smooth Puree Stage 1",92,18
12620,"Garlic Bread",112,3
12621,"Buttery Spread Light With Flaxseed Oil",36,16
12624,"Fresh Tomato & Basil Sauce",9,9
12630,"Pineapple Orange 100% Juice",31,7
12635,"4 Pack Apple Turnover",8,3
12637,"Cherry Echinacea Zinc Lozenges",47,11
12639,"Organic, Whole Bean, Espresso Roast Coffee",26,7
12640,"Sport Bottle with Flip Cap Natural Spring Water",115,7
12644,"Organic Wraps Wheat",13,20
12648,"Sugar Free Chewy Caramel",45,19
12652,"Advantage Oral-B Complete Deep Clean Soft Bristles Toothbrush",20,11
12654,"Max Cockroach Killer",87,17
12657,"Peanut Almond & Dark Chocolate Protein Chewy Bars",3,19
12658,"Cashew Milk Snickerdoodle Non-Dairy Frozen Dessert",37,1
12659,"Double Chocolate Chip Cookies with Dirty Mint Chip Ice Cream",37,1
12661,"Gluten Free  Herb Crusted Fish Fillet",39,12
12664,"Turmeric Ginger Aid Elixir",31,7
12667,"Ground Espresso Coffee Medium Roast",26,7
12671,"Once Daily Probiotic",70,11
12672,"G Series Perform Lemon Lime Sports Drink",64,7
12674,"Cocoa Noir Cold Brew Coffee With Almondmilk",31,7
12679,"Peppercorn Medley Grinder",104,13
12682,"Ethiopia Limu Gale Kemise Medium Roast Coffee",26,7
12683,"Dry Roasted 100 Calorie Packs Almonds",117,19
12686,"Organic Jalapeno Cilantro Hummus",67,20
12690,"Wonderful 100% Pomegranate Blueberry  Juice",31,7
12697,"Sliced Pepper Jack Cheese",21,16
12700,"Blue Cheese Dressing & Dip",89,13
12701,"Unfrosted Buncha Blueberries Toaster Pastries 6 Count",48,14
12703,"Organic Mung-Bean Sprouts",123,4
12706,"Hot Pocket Sausage Egg & Cheese Breakfast Sandwich",52,1
12713,"Snack Size Candy Bar",45,19
12714,"Cheese, Sheep & Goat's Milk, Barrel-Aged, Feta",21,16
12715,"Organic Vanilla Lowfat Milk",84,16
12716,"Plain Baked Pita Chips",107,19
12717,"Green Tea 6pk",94,7
12719,"Gluten-Free Lemon Thyme Linguine",12,9
12720,"Light Spread Butter Substitute",36,16
12727,"Diet Caffeine Free Soda",77,7
12732,"Organic Ground Turkey",35,12
12734,"Jalapeno Swirls",42,1
12738,"Original Spray",36,16
12741,"Chocolate Almond Coconut High Protein & Fiber Bar",3,19
12743,"Special K Chocolatey Delight Cereal",121,14
12745,"Yogurt, Lowfat, Strawberry",120,16
12748,"Mexican Style Hominy",30,6
12752,"101 Bourbon Whiskey",124,5
12754,"Organic Stage 2 Pear Apricot Barley Baby Food",92,18
12756,"Multigrain Oat Bread",112,3
12770,"Goat Cheese and Roasted Tomato Mezzelune Pasta",12,9
12771,"Organic Tomato",83,4
12772,"Classic Macaroni and Cheese Cups",38,1
12779,"Spaghetti Squash",83,4
12782,"Bun Length Beef Franks",106,12
12784,"Organic Cara Cara Orange",83,4
12785,"Deluxe Original Cheddar Macaroni & Cheese Dinner",4,9
12788,"Butter Lover's Microwave Popcorn",23,19
12791,"Organic Protein Chewy Peanut Butter Chocolate Chip Granola Bars",3,19
12792,"Steamers Green Beans & Almonds",116,1
12795,"Sno Balls",61,19
12796,"Cheese Flavor Puffcorn",107,19
12797,"Organic Whole Peeled Tomatoes",81,15
12798,"Organic Nine Grain",112,3
12802,"Ultimate Flora RTS Daily Probiotic 15 Billion",70,11
12806,"French Vanilla Granola",57,14
12807,"Organic Gunpowder Green Tea",94,7
12811,"Milano Dark Chocolate Cookies",61,19
12813,"Calorie Free Sweetener",17,13
12816,"Heavy Duty 18\"" Aluminium Foil",85,17
12817,"Original Baked Whole Grain Wheat Crackers",78,19
12818,"Multigrain Sandwich Rounds",128,3
12820,"Organic Fruit Yogurt Smoothie Mixed Berry",92,18
12822,"Pureed Baby Food Strawberries Carrots",92,18
12827,"Sport Milk Chocolate With Cornflakes Bar",45,19
12831,"HE Turbo Clean Plus Downy April Fresh Scent Liquid Laundry Detergent",75,17
12832,"Extra Fresh Body Wash with Pump",127,11
12834,"Teriyaki Marinade",5,13
12838,"Sweet Red Chili Dipping & All-Purpose Sauce",66,6
12839,"Premium Sprouted Artisan Seven-Grain Wraps",112,3
12845,"Chopped Walnuts",117,19
12846,"Pomegranate Blackberry Probiotics Juice Drink",31,7
12847,"Organic Green Lemonade",31,7
12850,"Original Denture Adhesive Cream",20,11
12853,"100% Whole Wheat Fusilli No. 34",131,9
12857,"Mint Chocolate Chip High Protein Bar",3,19
12858,"Pecan Pie Fruit & Nut Food Bar",3,19
12862,"Three Cheese Tortellini with Bacon",12,9
12863,"Bread, Double Fiber",112,3
12864,"Organic Turkey Gravy",5,13
12871,"Wild Caught Sockeye Salmon Fillets",15,12
12872,"Penne Rigate",131,9
12875,"Toll House Milk Chocolate Morsels",17,13
12879,"Rotisserie Deli Shave Chicken Breast",96,20
12886,"Enriched Gold Peanut Oil",19,13
12888,"Non-Dairy Low Fat Strawberry Almond  Yogurt",120,16
12891,"Ground Pork",7,12
12892,"Premium Healthy Kids No Pulp Orange Juice",31,7
12893,"Mushroom Cabbage Pierogi with Fresh Sauerkraut & Onion",38,1
12894,"Honey Nut Chex Cereal",121,14
12896,"Light Rye Crispbread",78,19
12897,"Creamy Spicy Pepper Jack Cheese Wedge",21,16
12899,"Fresh Mozzarella All-Natural Sliced Cheese",21,16
12901,"Baby Lima Beans & Butter Sauce Steamers",116,1
12902,"Prepared Meals Beef Stew Wet Dog Food",40,8
12904,"Pure Zero Cola",77,7
12909,"Crunchy Flamin' Hot",107,19
12910,"Butternut Squash Pasta Sauce",9,9
12911,"Liquid Laundry Detergent, Original scent",75,17
12914,"Corn Tortilla Chips",107,19
12916,"Ginger Ale",77,7
12919,"Coconut Sparkling Water",115,7
12920,"Applewood Bacon",106,12
12927,"Original Muesli Cereal",121,14
12932,"Super Greens Veggie Burgers",42,1
12933,"Reserva Malbec Red Wine",28,5
12935,"Organic Pasture Raised Brown Eggs",86,16
12939,"Jumbo Garlic",83,4
12941,"Morning Oat Crunch",121,14
12945,"Signature Recipes Vodka Sauce Pasta Sauce",9,9
12950,"Gluten Free Organic Oat Based Cereal",130,14
12951,"Fruit and Nut Granola",57,14
12953,"Organic Just Tart Cherry Juice",98,7
12955,"Super Foods/Organic Apples, Spinach, Peas & Broccoli + Super Chia Snack Pouch",92,18
12957,"Gluten Free Matzo Style Squares",33,6
12959,"Baby Kosher Dills Wholes Pickles",110,13
12962,"Apricot Preserves",88,13
12968,"Chocolate Cashew Milk",84,16
12972,"Popping Corn, Gourmet, Simply Salted",23,19
12974,"Organic Horseradish Mustard",72,13
12975,"100% Baby Kale",83,4
12976,"Go Fresh Nutrium Moisture Cucumber & Green Tea Body Wash",127,11
12980,"Large Greenhouse Tomato",83,4
12985,"Cherry Pomegranate Juice Drink",98,7
12986,"Cinnamon Multigrain Cereal",121,14
12987,"Provolone Style Slices",21,16
12993,"Four Cheese Cannelloni with ricotta, mozzarella, Parmesan & Romano cheese. Four Cheese Cannelloni",38,1
13004,"Tree Ripe Peaches",24,4
13005,"Grow Well Muscle Baby Food",92,18
13007,"Deli Snackers Turkey Breast/Bacon Pieces/Colby & Monterey Jack Cheese Portable Protein Pack",7,12
13009,"Chicken Alfredo Florentine",38,1
13011,"Hawaiian Aloha Febreze Freshness Tall Kitchen Bags",60,17
13012,"Nut Butter Coconut Almond Butter",3,19
13014,"Organic Gluten Free Spaghetti",131,9
13017,"Sparkling Blood Orange Soda",77,7
13018,"Banana Chips",50,19
13021,"Commerical Cleanser With Bleach",114,17
13025,"Happy Baby Stage 2 Brown Rice Pudding with Banana, Apple  & Cinnamon",92,18
13027,"Raspberry Beret Trail Mix",125,19
13029,"Ready Pac Salad Santa Fe Caesar Bowls",1,20
13031,"Pizza Roasted Vegetable No Cheese",79,1
13032,"Cinnamon Toast Crunch",121,14
13039,"Creme Fraiche, Organic",108,16
13040,"Bold Sriracha Flavored Almonds",117,19
13042,"with Crispy Almonds Cereal",121,14
13045,"Potato Chips Sea Salt & Vinegar",107,19
13049,"Nonfat Plain Greek Yogurt",120,16
13050,"Glazed Original Walnuts",117,19
13055,"Just Once Prenatal One Multivitamin",47,11
13061,"Chocolate Chip Little Muffins",61,19
13062,"Master Brew Kombucha, Pineapple Peach",31,7
13064,"Sweet Water Hand Wash",127,11
13070,"Impressions Napkins",54,17
13071,"Zingz Chipotle Cheddar Baked Snack Crackers",78,19
13076,"Crimini Delight Mushrooms",123,4
13077,"Pepperoni Pizza",79,1
13079,"Gluten Free Oatmeal Classic with Flax & Chia",130,14
13082,"Organic Pureed Garlic",72,13
13083,"Lowfat Small Curd Cottage Cheese",108,16
13085,"Organic Hot Cocoa Mix",64,7
13092,"Refried Beans Fat Free",59,15
13093,"Camembert",2,16
13097,"Fresh Cut Butternut Squash",32,4
13098,"Chia Squeeze Cherry Beet",99,15
13107,"The Complete Cookie Double Chocolate",3,19
13108,"Vegetable Oil, Pure & 100% Natural",19,13
13110,"Cozy Chamomile Herbal Tea",94,7
13113,"Organic Apple Juice Boxes",98,7
13114,"Organic Sprouted Mung Beans",63,9
13115,"Natural Squeeze Grape Spread",88,13
13116,"Sensitive Skin Moisturizing Body Wash",127,11
13117,"Go Gurt Burstin Melon Berry",100,21
13119,"Pretzel Bread Roasted Turkey, Bacon & Cheese",38,1
13126,"Seitan, Chipotle Style, Ground",14,20
13128,"Purified Alkalkine Water with Minerals pH10",115,7
13129,"Delifresh Mesquite Turkey Breast, 98% Fat Free, Gluten Free",96,20
13130,"Triple Blade Cartridges",55,11
13133,"Special K Protein Dark Chocolate Granola Bars",48,14
13143,"Lavender Hand Sanitizer Wipes",25,11
13145,"Double Zipper Freezer Bags",85,17
13147,"GOLEAN Crisp! Toasted Berry Crumble Cereal",121,14
13157,"Pibb Xtra Soda",77,7
13159,"Beer Battered Fish Fillets",34,1
13166,"Organic Milk Reduced Fat, 2% Milkfat",84,16
13171,"Organic Whole Grain Black Beans & Rice Rice & Seasoning Mix",4,9
13173,"Beef Ramen Noodle Soup",69,15
13174,"Lavender & Vanilla Candle",101,17
13176,"Bag of Organic Bananas",24,4
13178,"Spicy Indian Veggie Burger",42,1
13181,"Country Loaf",112,3
13187,"Original Chicken Patties",42,1
13193,"Special Sauce",72,13
13194,"Chewy Granola Bars Variety Pack",3,19
13196,"Sheep's Milk Halloumi Cheese",21,16
13198,"85% Lean Ground Beef",122,12
13203,"Natural Bliss Salted Caramel Flavor All-Natural Coffee Creamer",53,16
13210,"Italian Style Shredded Parmesan Cheese",21,16
13212,"Ground Black Pepper",104,13
13219,"Organic Unsweetened Plain Soymilk",91,16
13220,"Hawkridge Body Wash",127,11
13221,"Toilet Bowl Cleaner - Emerald Cypress and Fir",114,17
13223,"Grape Seed Oil, All Natural",19,13
13225,"Lowfat Milk",84,16
13230,"Wasabi & Soy Sauce Almonds",117,19
13231,"Organic Cayenne Pepper",104,13
13237,"Original Egg Substitute",86,16
13241,"Premium Double Chocolate Hot Cocoa",90,7
13242,"No Pulp 100% Pure Florida Orange Juice",31,7
13245,"Natural Artesian Water, Mini & Mobile",115,7
13249,"Skim Milk",84,16
13250,"Double Protein Oatmeal English Muffins",93,3
13251,"Organic Chamomile with Lavender Herbal Tea Bags",94,7
13252,"Baguette Sourdough",112,3
13255,"Family Size Cookie Pack",61,19
13259,"Organic Variety Pack",98,7
13263,"Non Fat Acai & Mixed Berries Yogurt",120,16
13269,"Oh My Yog! Pacific Coast Strawberry Trilayer Yogurt",120,16
13276,"Nickelodeon SpongeBob SquarePants Mild Bubble Fruit Flavor Cavity & Enamel Protection Toothpaste",20,11
13277,"Microwaveable Hamburgers",38,1
13280,"Unfiltered Extra Virgin Olive Oil",19,13
13284,"Parmesan Garlic & Herb Pita Chips",107,19
13286,"Dairy Pure Fat Free Milk",84,16
13287,"Bistro Bowl Chicken Caesar Salad",123,4
13289,"Organic Alfredo Risotto",4,9
13291,"Organic Cabbage",83,4
13292,"Juice Beverage, Cold Pressed, Kale Apple Ginger Romaine Spinach Cucumber Celery Parsley Lemon",31,7
13303,"Pinot Noir, California",28,5
13304,"Whole Peeled Tomatoes",81,15
13308,"Anticavity Fluoride Fresh Mint Mouthwash",20,11
13310,"Rice Thin Sesame Seed Gluten Free Crackers",78,19
13314,"Immune Support Supplement Assorted Fruit Flavored",11,11
13318,"Organic YoToddler Pouch Pear Spinach Mango Yogurt",120,16
13323,"Petite Broccoli Florets",116,1
13326,"Bare Apple Cinnamon Chips",107,19
13329,"Cranberry Almond Granola  Gluten Free",57,14
13332,"Buttermilk Pancake Mix",130,14
13337,"Cheese, Gouda, Apple Smoked",21,16
13338,"Gluten Free Smoked Gouda Mac and Cheese",38,1
13340,"Extra Strength Glacier Mint Drops With Natural Menthol",11,11
13342,"Gluten Free Plain Bread",112,3
13346,"Mandarin Liquid Hand Soap",25,11
13350,"Vine Ripened Golden Berries",50,19
13351,"Total 0% Peach Yogurt",120,16
13352,"Sesame Oil, Premium, Hot",66,6
13363,"Juice, Vegetable & Fruit, Purify",31,7
13364,"Complete Adult Dog Food",40,8
13366,"Ultimate Softening Foot Cream",118,11
13368,"Organic Cooked Vanilla Pudding & Pie Filling Mix",71,16
13370,"Packaging Tape High Performance",87,17
13372,"High-Traffic Foam Large Area Carpet Cleaner",114,17
13375,"Vitaminwater Zero Focus Kiwi-Strawberry",37,1
13377,"Swaddlers Diapers Jumbo Pack Size",56,18
13378,"Stir Fry Vegetables",116,1
13380,"Organic Blue Corn Tortilla Chips",107,19
13385,"Italian Style Smoked Chicken Sausage With Mozzarella Cheese",106,12
13388,"Land O' Lakes Mini Moo's Half & Half",53,16
13391,"Perfect Pinch Italian Seasoning",104,13
13396,"Chicken Corn Chowder Soup",69,15
13402,"Rich & Sassy Barbeque Sauce",5,13
13409,"Dubliner Wedge Pre Cut Cheese",2,16
13410,"White Cherry Sports Drink",64,7
13414,"All Natural Marjoram",104,13
13417,"Strawberry Frozen Greek Yogurt Bars",37,1
13418,"24 Hour Infection Protection Pain Relief Ointment",118,11
13423,"Grands! Flaky Layers Original Biscuits",105,13
13424,"Almonds",45,19
13425,"Blueberry Bliss Luna Bar",3,19
13431,"Flaky Biscuits",105,13
13440,"Chili Garlic Sauce",66,6
13447,"Margherita With Cherry Tomatoes Pizza",79,1
13449,"Peter Rabbit Organics Beet, Carrot & Pear Sauce",92,18
13451,"Organic White Sesame Seeds",104,13
13453,"Organic Unrefined Coconut Sugar",17,13
13454,"Nuts Coffee Honey Organic Snack Bar",3,19
13457,"Pad Thai Brown Rice Noodles",66,6
13459,"English Breakfast Tea",94,7
13475,"Coconut Almond Granola",6,2
13477,"Rich Milk Chocolate Hot Cocoa Mix",90,7
13478,"Antigingivitis Rinse Peppermint Twist",20,11
13479,"Coffee All Natural Lowfat Yogurt",120,16
13481,"Extra Noodle Soup Mix",69,15
13488,"Bucatini",131,9
13490,"Jalapeno Slices",110,13
13496,"Tofu Shirataki",66,6
13497,"Gluten and Dairy Free Sonoma Veggie Burger",42,1
13499,"Unsweetened Rose Green Tea",94,7
13500,"Mild Sliced Cheddar Cheese",21,16
13504,"Baked Chicken",38,1
13510,"Simply Organic Garlic Salt",104,13
13511,"Low Fat Strawberry Yogurt Bars",37,1
13512,"Organic Smoked Chicken Breast",96,20
13514,"Old Fashioned Apple Cider",98,7
13516,"Laundry Stain Remover Spray",75,17
13517,"Whole Wheat Bread",112,3
13519,"Original Cracklebred",78,19
13521,"Splash Mango Peach Juice",98,7
13523,"Great Lash Curved Brush Washable Mascara - Very Black",132,11
13524,"Gluten Free Plain Tortilla",58,1
13525,"Balsamic Vinegar",19,13
13526,"Canola Oil Non Stick Cooking Spray",19,13
13535,"Organic Medium Salsa",51,13
13536,"Shredded Parmesan Cheese",21,16
13541,"100% Whole Wheat Bagels",93,3
13542,"Oreo Cookies & Cream Bars",37,1
13544,"3 Color Deli Coleslaw",123,4
13545,"Green Tea & Honey Lemon Multi-Symptom Pain Reliever/Fever Reducer",11,11
13553,"Cooling After Shave",55,11
13554,"Organic Gluten Free Dude Ranch Multigrain Snack Chips",107,19
13557,"Decaffeinated Green Tea Bags",94,7
13558,"Smooth Caramel Hard Candy",45,19
13560,"A+ Cinnamon Sweet Potato Pancakes",52,1
13563,"Mushroom Baby Bella",123,4
13565,"No Salt Added Gluten-Free Blue Chips Made with Organic Blue Corn",107,19
13573,"Mini Butter Croissant",43,3
13575,"Apples",24,4
13577,"Peach & Pecan in Milk Chocolate",45,19
13578,"Natural Sliced Gouda Cheese",21,16
13581,"Pranqster Belgian Style Golden Ale",27,5
13589,"Dried Porcini Mushrooms",123,4
13590,"Taster's Choice Original Sticks Instant Coffee House Blend",26,7
13592,"Frothed Milk & Cold Pressed Espresso Draft Latte",100,21
13595,"337 Cabernet Sauvignon Wine",28,5
13596,"Unsweet Pineapple Water",115,7
13597,"Strawberry C Monster Smoothie Blend",31,7
13598,"Soy & Dairy Free Plain Unsweetened Almond Milk Yogurt",100,21
13603,"Tarragon Chicken Salad",1,20
13605,"Frosted berry Strawberry Toaster Pastries",48,14
13609,"Heirloom Brown Eggs, Cage Free",86,16
13622,"Charcoal Briquettes Mesquite",87,17
13623,"Heirloom Navel Orange",24,4
13627,"English Breakfast Tea Bags",94,7
13629,"Organic Snipped Green Beans",83,4
13636,"100% Natural Diced Fire Roasted Tomatoes",81,15
13637,"Salt & Vinegar Potato Chips",107,19
13639,"Sliced Almonds",17,13
13640,"Asian Pears",24,4
13641,"Earl Grey  Black Tea Blend",94,7
13642,"Whole Grain Blends Wheat Couscous Roasted Garlic & Olive Oil",4,9
13643,"Zero Calorie Lemon Lime Soda",77,7
13645,"Organic Spaghetti No. 12",131,9
13646,"Lemon Hummus",67,20
13649,"Applesauce On The Go Pouches, Variety",92,18
13650,"Maple Nut Hot Oatmeal",130,14
13654,"Savory Butter Rolls",43,3
13655,"Pizza for One Deluxe Frozen Pizza",79,1
13660,"Original Kombucha",94,7
13668,"Powersmile Peppermint Toothpaste",20,11
13672,"Natural Raw Almonds",117,19
13673,"Organic Cheddar Snack Mix Bunnies",78,19
13675,"Pure Tart Cherry 100% Juice",98,7
13679,"Original Bacon",106,12
13694,"9 Grain English Muffins",93,3
13697,"Lavender Scent Glass Cleaner",114,17
13702,"Good Seed Organic Thin Sliced Bread",112,3
13707,"Essential Red",28,5
13708,"Liquid Hand Soap, Refill, Lavender Scent",25,11
13709,"Organic Dailt Vitamin Pops",45,19
13712,"Cold Brew Coffee Double Espresso with Almond Milk",91,16
13713,"100% Pure Sensitive Skin Care Grape Seed Oil",25,11
13716,"Rich Milk Chocolate Complete Nutritional Drink",48,14
13718,"Grape with Electrolytes & Vitamins Water Beverage",64,7
13721,"Organic Alphonso Mango Lassi",120,16
13724,"Fresh Tartar Sauce",72,13
13727,"Immunity Probiotic",70,11
13729,"Sweet & Simple Lemon Cookies",61,19
13732,"Outshine Fruit Bars Assorted Fruit",37,1
13733,"Red Potatoes",83,4
13740,"Organic Summer Strawberry Bunny Fruit Snacks",50,19
13746,"Best Sloppy Joe Skillet Sauce",5,13
13748,"Diced San Marzano Style Organic Plum Tomatoes",81,15
13749,"Outshine Fruit & Veggie Bars Tangerine Medley",119,1
13751,"Organic Sea Salt Dark Chocolate",45,19
13755,"Instant Oatmeal Maple & Brown Sugar",130,14
13757,"Fruit Gushers Strawberry Splash/Tropical Variety Pack Fruit Flavored Snacks",50,19
13765,"Mango Chia Bar",3,19
13767,"Beef Franks 8 Count",106,12
13768,"Ground Pork, Extra Lean, 4% Fat",7,12
13772,"Cherry Garcia Frozen Yogurt",37,1
13774,"Sun Blossom Probiotic Kombucha",31,7
13775,"Organic Curry Leaves",104,13
13776,"Summer Strawberry Fruit Strip",50,19
13779,"Carrot Squash & Apple 100% Vegetable & Fruit Puree",92,18
13780,"Thyme",16,4
13782,"18-in-1 Hemp Pure-Castile Soap Lavender",25,11
13783,"Any'tizers Homestyle Chicken Fries",129,1
13791,"Oh Berries Pacific Blackberry Jam",88,13
13793,"Fig Newmans Strawberry Fig and Strawberry filled Cookies",61,19
13795,"Organic Spicy Very Veggie Juice",98,7
13798,"French Roast Organic Whole Bean Coffee",26,7
13800,"Organic Chocolate Cakes",119,1
13801,"Free & Clear Overnight Diapers Size 5",56,18
13802,"Salted Sweet Cream Butter",36,16
13803,"Vegetarian Fed Hens Grade A Brown Eggs Large",86,16
13804,"Pasta Sauce, Hearty, Tomato & Basil",9,9
13805,"Gluten Free Everything Baked Cracker",78,19
13806,"1% Milkfat Low Fat Vitamin A & D Milk",84,16
13807,"Light and Lean Macaroni and Cheese",38,1
13811,"Dressing with Olive Oil Mayonnaise",72,13
13815,"Honey Maple Ham",13,20
13819,"Roasted Salted Cashews",117,19
13820,"Peanut Butter Cookies",8,3
13822,"Super Soft Flour Tortillas",128,3
13823,"Nutrish® Real Chicken & Veggies Super Premium Dog Food",40,8
13824,"Makeup Remover Face Wipe",132,11
13828,"Garlic & Herbs Spreadable Cheese",2,16
13829,"Mild Salsa",51,13
13834,"Ultra Thin Oven Roasted Turkey Breast",96,20
13835,"Chicken Mozzarella Tortelloni",12,9
13838,"Natural Free & Clear Dish Liquid",74,17
13841,"Caffe Verona Dark Keurig Brewed K-Cups Ground Coffee",26,7
13843,"Kickin' Chicken Recipe Dog Food",40,8
13844,"Italian Style Whole Peeled Tomatoes With Basil Leaf",81,15
13845,"9\"" Strawberry Rhubarb Pie",8,3
13848,"Goat Cheese & Basil Ravioli",12,9
13850,"Nutmeg, Ground",104,13
13851,"Organic Classic Sea Salt  Oven Crinkles Fries",129,1
13852,"Organic Broccoli Crown",83,4
13853,"Caesar Salad Dressing",89,13
13854,"Ylang Ylang + Cedarwood Hand Soap",25,11
13858,"Organic All Stars Pasta In Tomato & Cheese Sauce",59,15
13866,"Deluxe Plain Bagels",93,3
13867,"Crumbled Gorgonzola",21,16
13869,"Small Soft and Fluffy Flour Tortillas",128,3
13870,"Lightly Salted Baked Snap Pea Crisps",107,19
13873,"Crunch Chocolate Dipped Mixed Nuts",3,19
13874,"Organic Pumpkin",17,13
13876,"Laredo Chili With Beans",59,15
13877,"Smoked Salmon",15,12
13882,"Goat Milk Yogurt Blueberry",120,16
13884,"Chocolate Chip Muffins",93,3
13885,"Caramel Cookie Crunch Gelato",37,1
13889,"Cashew Milk Salted Caramel Cluster Non-Dairy Frozen Dessert",37,1
13893,"Marble Pound Cake",8,3
13895,"London Dry Gin England",124,5
13898,"Dark Chocolate with Marzipan",45,19
13907,"Organic Seedless Raisins",117,19
13909,"Jasmine Rice",63,9
13911,"Lager",27,5
13913,"Sparkling Citrus Beverage, with Orange Pulp!",77,7
13914,"Cheez-It Baked Snack Crackers",78,19
13920,"Orange, Cherry, & Grape Ice Pops",37,1
13921,"Vegetable Classics Garden Vegetable Soup",69,15
13924,"Curry Powder",104,13
13926,"Shredded Italian Five Cheese Blend",21,16
13932,"Blackcurrant Jelly",88,13
13935,"Hot Chocolate All Natural",84,16
13936,"Naturally Hickory Smoked Bacon",106,12
13939,"Organic Potato Quinoa & Spinach Soup",69,15
13941,"ProActive Health Adult Chicken Dry Dog Food",40,8
13944,"Pure Water",115,7
13946,"V-Fusion Light Strawberry Banana Juice",98,7
13947,"Montanas Chocolate Chip Cookies",61,19
13948,"Wastebasket Liners",60,17
13949,"Organic Extra Large Omega 3 Grade AA Eggs",86,16
13951,"Mixed Fruit Snacks",50,19
13955,"Colby Jack Shredded Cheese",21,16
13958,"Protein Power Gluten-Free Black Bean And Quinoa Pasta Elbows",131,9
13963,"Rain Forest Incense of Auroville",101,17
13966,"Chicken Pot Pie",38,1
13968,"Rustic Tomato Basil Sauce",9,9
13974,"Reduced Fat Creamy Peanut Butter Spread",88,13
13977,"Caramel & Chocolate Milk Duds",45,19
13984,"Organic Mint",16,4
13988,"Snow Peas",83,4
13991,"Hearty Style 100% Whole Grain Whole Wheat Bread",112,3
13995,"One Chocolate Cherry Almond Meal Bar",65,11
13997,"Braeburn Apple",24,4
13998,"Sonoma Pinot Noir Wine",28,5
14001,"Baguette",112,3
14005,"Ultimate Caesar Salad Kit",123,4
14006,"Mixed Berry Fruit On The Bottom Yogurt",120,16
14010,"Organic Mango Yogurt",100,21
14011,"Oven Roasted Chicken Breast",49,12
14018,"Citrus Soda Mini Cans",77,7
14021,"Thick Meatless Wild Mushroom Pasta Sauce",9,9
14027,"Smoothing Sea Kelp Conditioner",22,11
14028,"White Buttermints",56,18
14029,"Glaze With Balsamic Vinegar Of Modena",19,13
14032,"Tortilla Chips",107,19
14034,"Sweet Tea",94,7
14036,"Mini Semisoft Gouda Cheeses",21,16
14043,"Ice Cream, Mint Chip",37,1
14057,"Gluten Free Chocolate Chip Snack'n Go Packs",61,19
14058,"Pain Reliever Fever Reducer Extra Strength For Adults Acetaminophen",133,11
14060,"A Trois Silk Red",28,5
14063,"Triscuit Original Baked Whole Grain Wheat Crackers",78,19
14064,"Wide Noodles",33,6
14065,"Cottage Cheese 2% Milkfat Lowfat,Blueberry Topping",21,16
14069,"Vietnamese Brown Rice Spring Roll Wrappers",66,6
14073,"Snacking Cheese, Fresh Mozzarella",2,16
14074,"Cheese Alternative, American Style, Slices",21,16
14077,"Homemade Marinara Sauce",9,9
14084,"Organic Unsweetened Vanilla Almond Milk",91,16
14086,"Sparkling Apple Juice",98,7
14087,"Original/Ranch/BBQ/Chile Picante con Limon Variety Pack",107,19
14088,"Oregon Raspberry Lowfat Yogurt",120,16
14089,"Organic Freeze Dried Bananas",117,19
14090,"Mexican Traditional Chipotle Cooking Sauce",30,6
14095,"Green Beans, Organic, Cut",81,15
14096,"Roasted Garlic",9,9
14097,"Velveeta Original Shells & Cheese",4,9
14102,"Frozen Desserts 150 Calories Per Pint Strawberry",37,1
14104,"Pike Place Roast Medium Keurig Brewed K-Cups",26,7
14111,"Light, Very Vanilla",120,16
14112,"Organic Coconut Bliss Vanilla Island Ice Cream",37,1
14114,"Orange Chicken",38,1
14117,"Premium Traditional Homestyle Cream Style Corn",81,15
14118,"Pretzel Bread Grilled Chicken with Jalapeno Cheddar Sandwiches",38,1
14124,"Fat-Free Refried Beans",30,6
14126,"Gluten and Dairy Free Rice Macaroni and Cheeze",38,1
14127,"Tesora Medium Roast",26,7
14129,"Organic Chicken Bone Broth",69,15
14131,"Traditional Hearty Chicken and Rotini Soup",69,15
14133,"Lean Protein & Fiber Bar Chocolate Almond Brownie",3,19
14134,"Ice Cream Grand Rocky Road",37,1
14136,"Whitening Plus Scope Crest Complete Whitening + Scope Multi-Benefit Minty Fresh Striped Toothpaste 12.4oz Twin Pack  Dentifrice",20,11
14140,"Ultra Soft & Strong",54,17
14142,"Organic Cowgirl Ranch Dressing",89,13
14143,"Hot Roasted Habanero Salsa",51,13
14146,"Sliced Wheat Bread",112,3
14147,"Sweet Cream Salted Butter",36,16
14150,"Deli Slices, Bologna Style",14,20
14154,"Reduced Fat Sharp Cheddar Cheese",21,16
14159,"Seedless Watermelon",24,4
14161,"Kiwi",24,4
14162,"Dual-Force Foamer Clog Remover",114,17
14163,"Ready to Bake! Chocolate Chip with Hershey's Chocolate Chips Cookies",105,13
14164,"Heath Milk Chocolate English Toffee Bar Frozen Dairy Dessert",37,1
14165,"Peanut Butter Candy",45,19
14166,"Get Relaxed Tea",94,7
14168,"Penne Pasta",131,9
14173,"Popped Corn Just The Caramel Corn",23,19
14175,"Hot Stuff Potato Chips",107,19
14179,"Miso Paste",66,6
14180,"Steamers Asparagus Cuts",116,1
14182,"Caffeine Free Peppermint Herbal Tea",94,7
14183,"Fruit & Nutty Almonds Raisins Cranberries Pecans Granola",57,14
14187,"Bold & Crispy Zesty Twirls",129,1
14190,"Greek Strawberry Nonfat Yogurt",120,16
14197,"Tomato Paste",9,9
14199,"Black Cherry Gelato",37,1
14209,"Organic Raspberry Energy Chews",3,19
14211,"Baby Food Stage 2 Pumpkin Banana",92,18
14218,"Grade A Large Eggs Cage Free Omega 3",86,16
14221,"Three Cheese Ravioli In Egg Pasta",12,9
14223,"Fettuccine  No. 6 Pasta",131,9
14228,"Cran Raspberry Juice Drink",98,7
14233,"Natural Artesian Water",115,7
14235,"Three Cheese Semolina Loaf",112,3
14237,"Cheeseburger",38,1
14240,"Organic Sunflower Butter Chocolate Macrobar",3,19
14242,"Organic Sweetened Condensed Milk",17,13
14251,"Large Fresh Fruit Tart",8,3
14252,"Coke Zero Diet Soda",77,7
14254,"Original Rice Pudding",71,16
14259,"Organic Vegetable Quinoa Soup",69,15
14261,"Snickers Candy Bars",45,19
14265,"Mini & Meatballs in Tomato Sauce Beef Ravioli",59,15
14266,"Flax Oil, Fresh",47,11
14267,"Organic Refried Black Beans",59,15
14269,"Prenatal DHA",47,11
14272,"Toasted Coconut Almond Chip Ice Cream",37,1
14275,"Stir Fry Teriyaki Sauce Marinade",66,6
14276,"Draught Beer Keg",27,5
14277,"Kava Stress Relief Tea",94,7
14280,"Wieners",106,12
14283,"Expressions Facial Tissue",54,17
14285,"Organic Light in Sodium Creamy Butternut Squash Soup",69,15
14286,"Light Italian Style Meatball Soup",69,15
14290,"Flour",17,13
14292,"Manzanilla Spanish Olives with Pimentos",110,13
14295,"Sea Salt Garden Veggie Straws",78,19
14300,"Bonito del Norte in Olive Oil",95,15
14303,"Cut Green Beans Valley Fresh Steamers",116,1
14306,"Organic Packham Or Anjou Pears",110,13
14309,"Sprouted Pumpkin Seeds with Celtic Sea Salt",117,19
14312,"Dark Chocolate Almonds",45,19
14316,"Hard ranberry Lemonade",27,5
14320,"Sliced Peaches In 100% Fruit Juice",99,15
14324,"Greek Frozen Yogurt Strawberry",37,1
14328,"Choco Taco",37,1
14330,"Pure Seedless Strawberry Jam",88,13
14332,"Organic Yellow Mustard",72,13
14333,"Pluot",24,4
14334,"Fruit & Nut Medley",117,19
14335,"Phish Food® Ice Cream",37,1
14336,"Brownie Brittle, Mint Chocolate Chip",61,19
14343,"Home Menu Meals for 2 Sweet & Sour Chicken",38,1
14347,"Mortadella",96,20
14348,"California Pinot Noir",28,5
14352,"Collezione Orecchiette Pasta",131,9
14355,"Organic Beef Bone Broth",69,15
14357,"Three Cheese Pizza Shell",128,3
14358,"Organic Almond Chocolate Non Dairy Beverage",91,16
14360,"All-Natural Alcohol Free Hand Sanitizing Wipes",25,11
14364,"Paneer",21,16
14365,"Whipped Mixed Berry Tub",108,16
14366,"Enlighten Mint Organic",94,7
14371,"Organic Nonfat Milk",84,16
14372,"Original 5-Cheese Pizza",79,1
14376,"Fiesta Lime Rice Chips",107,19
14378,"Finocchiona Salami",96,20
14379,"BBQ Chicken Crispy Thin Crust Pizza",79,1
14381,"Whole Grain Cheddar Baked Goldfish Crackers",78,19
14385,"Amber Ale",27,5
14386,"Cherry Preserves",51,13
14390,"Oreo Mini Bite Size Chocolate Sandwich Cookies",61,19
14394,"Hello Morning Blueberry, Banana & Quinoa Oatmeal",92,18
14396,"All-In-One Orange Dishwasher Gel Pacs",74,17
14398,"Yerbamate Lemon Energy Shot",47,11
14399,"Limeade",31,7
14401,"2-Ply 100% Recycled White Facial Tissues",54,17
14403,"Gluten Free Breaded Chicken Nuggets",129,1
14408,"Unflavored Oral Electrolyte Solution",92,18
14409,"Pico De Gallo Beans & Rice Chips",107,19
14412,"Nourish+ Condition Leave-In Treatment Spray",22,11
14413,"With Chicken & Veal in Meaty Juices Wet Dog Food",40,8
14414,"Sandwich Cookies & Crackers Variety Snack Packs",61,19
14419,"Fresh Scent Laundry Detergent",75,17
14420,"Fat Free Gluten Free Low Sodium 12 Flavor Gummi Bears",45,19
14421,"Espresso Ground Coffee",26,7
14424,"Rich & Hearty Savory Beef Barley Vegetable Soup",69,15
14429,"Organic Ground Black Pepper",104,13
14436,"With Savory Chicken & Turkey Cat Food",41,8
14437,"Total Greek Yogurt With Honey",120,16
14439,"Canned Soda",77,7
14443,"Special Dark Mildly Sweet Chocolate Bar",45,19
14444,"Smokehouse Almonds",117,19
14447,"Chocolate Mint Builder's Bar",3,19
14449,"Original Cheezy Chipotle Kale Krunch",50,19
14461,"Organic Freeze-Dried Mango",92,18
14462,"Sliced Black Olives",110,13
14464,"Dulce de Leche Caramel Ice Cream",37,1
14466,"Oat Chocolate Chip Coconut Whenever Bars",3,19
14467,"Sweet Baguette",112,3
14469,"Caramel Praline Crunch Fat Free Frozen Yogurt",37,1
14471,"Sourdough Whole Grain Crispbread",78,19
14477,"Organic Spaghetti",131,9
14486,"One Bun Multigrain Whole Grain Pita",128,3
14488,"Sliced Muenster Cheese",21,16
14490,"Dishmate Dish Liquid Almond",74,17
14491,"Happy Baby Spinach, Mango, and Pear Baby Food",92,18
14493,"Whole Wheat Eggo Waffles",52,1
14498,"Farmhouse Potato Bread",112,3
14499,"Caramels",45,19
14502,"Tri-Color Rotini Pasta",131,9
14512,"Scooby-Doo Tropical Fruit Snacks 20 Ct",50,19
14514,"Organic Creamy Tomato & Bunny Pasta Soup",69,15
14519,"Soothing Aloe Vera Moisturizing Body Wash",127,11
14520,"Chewy Chocolate Chip Protein Bars",3,19
14536,"Natural Goodness 33% Less Sodium Chicken Broth",69,15
14540,"Organic Beefsteak Tomato",83,4
14542,"Wicked Fresh! Spearmint Ice Toothpaste",20,11
14543,"Birthday Candle, Numeral 3",97,13
14553,"Oats & Honey Granola",57,14
14556,"Odor Fresh Scent Flying Insect Killer",87,17
14562,"Garlic Herb Cashew Chia Spread",88,13
14563,"Puff Pastry Sheets",119,1
14564,"Funsize Mix 65 Pieces Candies",45,19
14573,"Organic Tomato Basil Soup",69,15
14575,"Organic Cello Lettuce",83,4
14576,"Delights Turkey Sausage Egg Whites & Cheese English Muffin",52,1
14578,"Dozen Roses",87,17
14579,"Watermelon Lemonade",94,7
14582,"Funfetti Premium Cake Mix With Candy Bits",105,13
14586,"Fast Act Lactose Enzyme Vanilla Twist Flavor Supplement Chewable Tablets",70,11
14594,"Traditional Basil Pesto",9,9
14604,"The Original Irish Cream Liqueur",124,5
14605,"Gluten Free Broccoli and Kale Lasagna",38,1
14612,"Sea Salt Grinder",104,13
14613,"Egg Noodles, Extra Wide",131,9
14617,"Goat Milk Feta Crumbled",21,16
14620,"Light New England Clam Chowder",69,15
14621,"Cough Drop",11,11
14623,"Delights Super Moist Triple Chocolate Fudge Cake Mix",105,13
14627,"Organic Chewy Oatmeal Raisin Granola Bars",3,19
14633,"Veggie Chips",107,19
14634,"Original Spread",36,16
14636,"Eggo Chocolate Chip Pancakes 12 Count",52,1
14639,"Organic V 100% Juice",31,7
14642,"Organic Dark Mint Chocolate",45,19
14643,"Organic Light In Sodium Traditional Refried Beans",59,15
14645,"De Mexico",77,7
14647,"Diced Hot Green Chiles",30,6
14648,"Original Vanilla Nutrition Shake",65,11
14650,"Vanilla Whey Protein Powder",65,11
14651,"Tommy/Kent/Keitt/Haden Mango",24,4
14652,"Cocoa Loco Baked Chewy Bars",3,19
14654,"Home Menu Grilled with Lo Mein Noodles Chicken Teriyaki",38,1
14656,"Organic Protein Bar Cocoa Almond",3,19
14657,"Whole Wheat Challah Rolls",112,3
14658,"Mahogany Dark Roast Ground Coffee",26,7
14659,"Everyday Facial Tissue",54,17
14660,"Brown Rice Pasta Vegetable Spirals",131,9
14667,"Simple Delight Salted Caramel Topping",103,19
14668,"Organic Premium Sweet Petite Mini Peeled Carrots",123,4
14669,"Italian Pasta Sauce Basilico Tomato, Basil & Garlic",9,9
14671,"Hydroponic Bibb Lettuce",83,4
14673,"Natural Glass and Surface Cleaner",114,17
14678,"Organic Frozen Peas",116,1
14680,"Breakfast Sausage  Egg & Cheese",129,1
14682,"Whole Grain Bread",112,3
14685,"Plastic Tumbler Glasses",111,17
14689,"Uncured Turkey Bacon",106,12
14693,"Hello Dinner Broccoli & Cheese Baby Pasta Stage 3 Baby Food",92,18
14696,"Unsalted Smooth Almond Butter",88,13
14697,"All Natural 100% Juice Apple",98,7
14698,"3D White Radiant Soft Toothbrush",20,11
14701,"Vitamin E Intensive Therapy Body Lotion Fragrance-Free",25,11
14702,"Maple Honey Ham",96,20
14704,"Organic Bagged Valencia Oranges",24,4
14705,"Pie Crusts",105,13
14711,"Organic Lowfat Mango Kefir",70,11
14715,"Coconut Water",98,7
14719,"Vantage Choose-A-Sheet Paper Towels",54,17
14720,"Gluten Free Mushroom Risotto Veggie Burgers",42,1
14722,"Top Chef Crustless Chicken Pot Pie",38,1
14726,"Mini 8\"" Italian Pizza Crusts",79,1
14727,"Yellow Onion",123,4
14730,"Gold Pineapple",24,4
14732,"Organic Stage 2 Pears & Mangos Baby Food",92,18
14734,"Mango Mochi Ice Cream",37,1
14737,"Adult DM Max Cough+Chest Congestion Non-Drowsy Liquid",11,11
14739,"Chocolate Dipped Coconut",3,19
14742,"Gluten Free Chicken Nuggets",129,1
14744,"Organic Steak Sauce",5,13
14761,"Honey Almond Flax Chewy Granola Bars",3,19
14764,"Organic Sprouted Wheat Bagels",93,3
14766,"Sparkling Grapefruit",77,7
14778,"Organic Chocolate Chip Chewy Granola Bars",3,19
14780,"Jalapeno Cilantro Salsa",51,13
14781,"Dairy Free Lite Culinary Coconut Milk",91,16
14783,"Chocolate Crunch Rice Cakes",78,19
14785,"Stage 1: Newborn HEC Liquid Detergent",75,17
14788,"Unsweetened Iced Tea",94,7
14790,"Sparkling Pink Lemonade Beverage",77,7
14814,"Gluteen Free Center Cut Applewood Smoked Uncured Bacon",106,12
14815,"Health Nut Bread",112,3
14820,"Grill Mates Montreal Steak Seasoning",104,13
14830,"Silver Sprinkles Cupcake Gems",97,13
14833,"Sweet Rejuvenation Cashew Butter Macrobar",3,19
14835,"Safflower Mayonnaise",72,13
14849,"Ground Turmeric",104,13
14850,"Classic Macaroni & Beef in tomato sauce. Classic Macaroni & Beef",38,1
14852,"All Natural Marinara Sauce",9,9
14853,"Organic Oat Non-Dairy Original Beverage",91,16
14858,"Multigrain Pita Chips",107,19
14861,"Chocolate Cereal",121,14
14862,"Aged White Cheddar Puffs Cheese Snacks",23,19
14863,"Cellentani Pasta",131,9
14864,"Low-Fat Chicken Tortilla Soup",1,20
14867,"Honey Bunny Grahams",61,19
14869,"Tray Cookies Chocolate Chip",61,19
14870,"Icelandic Style Fat Free Plain Yogurt",120,16
14872,"All Natural Powder Cleanser",114,17
14873,"Fruit Cocktail In Heavy Syrup",99,15
14874,"Organic Eggs Large",86,16
14875,"Soft & Smooth Whole Grain White Bread",112,3
14881,"Organic Yukon Select Fries",129,1
14882,"2% Milkfat Reduced Fat Milk",84,16
14886,"Genoa Salami",96,20
14888,"98% Fat Free Premium Ham in Natural Juices",96,20
14889,"Light Garlic & Herbs Cheese Dip",2,16
14890,"Shelled Walnuts",117,19
14891,"Black Coffee",26,7
14892,"Original Black Beans and Rice",4,9
14893,"Ciliegine Mozzarella",2,16
14895,"Small Garbage Bags Twist Tie 4 Gallon",60,17
14896,"Organic Gluten-Free Chocolate Chip Cookies",61,19
14897,"Sweet Potato Yam",83,4
14898,"Organic Thousand Island Dressing",89,13
14901,"Raisins",117,19
14903,"Whips! Orange Creme Flavored Lowfat Yogurt Mousse",120,16
14904,"Free & Clear Diapers",56,18
14905,"Hickory & Brown Sugar Barbecue Sauce",5,13
14910,"Crunchy Corn Sticks",107,19
14913,"Crunchy Breaded Fish Fillets",34,1
14917,"Blackberry Yogurt",120,16
14924,"Organic Yerba Mate Traditional",64,7
14925,"Pearl Plastic Super Absorbenncy Tampons",21,16
14927,"Blueberry",24,4
14929,"Unsalted Homemade Butter",36,16
14936,"Herbal Body Envy",22,11
14945,"Egg & Smoked Gouda Multi-Grain Flatbread Breakfast Sandwich",52,1
14947,"Pure Sparkling Water",115,7
14951,"Steamers Antioxidant Vegetable Blend",116,1
14952,"Sweet & Crunchy Salad Blend",123,4
14954,"Chicken Wings Buffalo Style Sauce",129,1
14955,"Organic Prune Juice",98,7
14957,"Organic 100% Apple Juice",98,7
14959,"Decaffeinated Earl Grey Tea",94,7
14962,"Hearts of Palm",81,15
14965,"Hello Morning Apple, Cinnamon & Quinoa Oatmeal",92,18
14966,"Organic Mandarins",24,4
14970,"Banana Creme Twinkies",61,19
14971,"Pineapple Coconut Water",98,7
14974,"Ksa Ko?Lsch Style Ale",27,5
14976,"Organic Paprika",104,13
14983,"Latte Pumpkin Chai",94,7
14992,"Green Beans",83,4
14994,"Baby Dynamic Duo Potatoes",83,4
14996,"Ruby Red Grapefruit",31,7
14999,"Grade A Large Brown Eggs",86,16
15000,"Blueberry Fig Teething Wafers",92,18
15004,"Bulgarian Feta",21,16
15005,"Just Crisp, Parmesan",89,13
15008,"Chocolate Hazelnut Butter",88,13
15010,"Vegetable Rich & Hearty Beef Pot Roast Soup",69,15
15011,"Pita Chips, Simply Naked",107,19
15016,"Organic Crookneck Squash",100,21
15017,"Organic Ketchup Gluten Free",72,13
15025,"Brown Fertile Jumbo Grade AA Eggs",86,16
15028,"Polenta, Organic, Traditional Italian",63,9
15029,"Glazed Donuts",8,3
15030,"Seltzer Calorie-free",115,7
15035,"Tall Kitchen Bags, Handle-Tie, 13 Gal",60,17
15036,"Allergy 24 Hour 10mg Tablets",11,11
15040,"Organic Acorn Squash",83,4
15041,"Superfood Cranberry, Almond & Lucuma Seedbar",3,19
15042,"Traditional Italian-Style Wedding Soup",69,15
15050,"Fresh Alfredo",9,9
15057,"Fresh Care Flushable Cleansing Cloths Refills",54,17
15063,"Organic Cashew Nondairy Vanilla Yogurt",100,21
15064,"Strong Roasted Jalapeno Almond Protein Bar",3,19
15070,"Low Fat Vanilla Non Dairy Yogurt",120,16
15073,"Non-Dairy Frozen Dessert, Mint Pie",37,1
15074,"Lemonade From Concentrate",98,7
15078,"Saffron Yellow Seasonings & Long Grain Rice",4,9
15079,"Turnip",83,4
15081,"Eggs, Organic, Pasture-Raised, Large",86,16
15083,"Hommus Sundried Tomato & Basil",51,13
15084,"Creme Caramel Low Fat Frozen Yogurt",37,1
15086,"Orange Mango Naturally Flavored Sparkling Water",77,7
15094,"Edamame Dry Roasted Spicy Wasabi",117,19
15095,"Kettle Cooked Potato Chips Original (15 Oz)",107,19
15097,"Light Mayonnaise",72,13
15100,"Fresh Spinach",123,4
15107,"Artichoke Sauce",9,9
15108,"Artichoke Bottoms",81,15
15109,"Eggo Blueberry Waffles Family Pack",52,1
15114,"SELECT Original Rice Crackers",78,19
15115,"Organic Whole Black Peppercorns",104,13
15120,"Classic Vanilla Yogurt",120,16
15123,"Gluten Free Fudge Covered Pretzels",45,19
15124,"California Style Marinated Artichoke Hearts",81,15
15125,"Tender white meat turkey & stuffing in a homestyle gravy with russet mashed potatoes Roast Turkey",38,1
15130,"Fresh Cut Baby Carrots",123,4
15131,"Lemon with Electrolytes & Vitamins Water Beverage",64,7
15134,"Strawberry Gelatin",71,16
15139,"Simply Yellow Corn Tortilla Chips",107,19
15141,"Coco Cafe Cafe Latte Coconut Water",98,7
15143,"Blueberry Pint",24,4
15146,"Vanilla Rice Drink",91,16
15148,"2 Ply Ultra Absorbent Paper Towel Rolls",54,17
15150,"100% Whole Ground Organic Golden Flaxseed Meal",17,13
15151,"Whole Grain Rice and Wild Rice with Garlic and Basil Seasoning",63,9
15153,"Blue Machine Boosted 100% Juice Smoothie",31,7
15160,"Applewood Thick Cut Bacon",106,12
15164,"De Mexico Bottle",77,7
15172,"Seasoned Chicken Fry Batter Mix",5,13
15174,"Raspberry Pim's European Biscuits",61,19
15175,"24/7 Performance Light Weight Cat Litter",41,8
15177,"Apple Freeze Dried Organic",117,19
15179,"Simply Strawberry Gelato",37,1
15182,"Organic Turbinado, Raw Cane Sugar",17,13
15183,"Raspberry Fruit Bars",37,1
15186,"Drumstick Vanilla Caramel Frozen Dairy Dessert Cones",37,1
15197,"Low Sodium 100% Vegetable Juice, Spicy Hot",98,7
15200,"Organic Green Beans",83,4
15202,"White Premium Chunk Chicken Breast With Rib Meat in Water",95,15
15204,"Red Raspberry Leaf Probiotic Kefir Water Tea No. 3",94,7
15209,"Citrus Electrolyte Tabs",90,7
15211,"Nova Style Atlantic Smoked Salmon",15,12
15213,"Organic Pure Green Tea",94,7
15221,"2% Milk",84,16
15223,"Red Bulgur Wheat",63,9
15233,"Savory Salmon Flavor Cat Treats",41,8
15236,"No sugar Added Butter Pecan Ice Cream",37,1
15241,"Original Gourmet Granola",57,14
15242,"Flavor Blasted Xtra Cheddar/Colors Variety Pack Baked Snack Crackers",78,19
15245,"Nail Clipper With Catcher",44,11
15251,"Nut & Spices Bar Dark Chocolate Almond Mint",3,19
15252,"Sesame Seaweed Chips",107,19
15258,"Protein Chewy Bar Peanut Butter Dark Chocolate Bars",50,19
15260,"Big Rolls Pick A Size Paper Towels With Thirst Pockets",54,17
15261,"Organic Rosemary",16,4
15269,"Natural Medium Cheddar Cheese",21,16
15271,"Whole Grain Stone Ground Brown Rice Flour",17,13
15273,"Organic Jumbo Grade A Pastured Eggs",86,16
15274,"Indian Curry Seasoning",104,13
15276,"Strawberry Kiwi Juice",98,7
15280,"2X Ultra High Efficiency Wave Auto Dishwasher Gel Free & Clear",74,17
15284,"Small Round Container + Lid",87,17
15285,"Lowfat Cottage Cheese",108,16
15286,"Cold Stone Creamery Sweet Cream Coffee Creamer",53,16
15290,"Orange Bell Pepper",83,4
15293,"Classic Iceberg Salad",123,4
15294,"Butter Hamburger Buns",43,3
15303,"Comfort Sheer 60 ct Assorted Posted 5/7/2014 Value",118,11
15305,"Pinto Beans, Low Sodium",59,15
15317,"Prepared Meals Chicken Stew Dog Food",40,8
15319,"Granola, Clusters, Banana Walnut",61,19
15322,"Sriracha Chicken Big Burrito",38,1
15323,"Chickpea Pasta Mac & Cheese Classic Cheddar",100,21
15324,"Cran-Grape Juice",98,7
15325,"Asian Sesame Chopped Salad Kit",123,4
15327,"Aranciata Rossa Blood Orange Juice",77,7
15333,"Organic Grapes Galore Bunny Snacks",50,19
15343,"Coffee Blended Low-Fat Greek Yogurt",120,16
15345,"Chèvre Herb Chabis Cheese",21,16
15348,"Salisbury Steak with macaroni and cheese Salisbury Steak with macaroni and cheese",38,1
15349,"Organic Raw Agave Nectar",29,13
15351,"Organic Unsweetened Green Tea",94,7
15352,"Organic Habanero & Lime Hummus",67,20
15354,"Goldfish Cheddar",78,19
15355,"Italian Style Veggie Protein Smart Sausages",14,20
15358,"Measuring Cup",10,17
15359,"All Purpose Flour",17,13
15363,"Mini Round Containers + Lids",85,17
15364,"Thick 'N Creamy Macaroni & Cheese",4,9
15366,"Blueberry Soy Yogurt",120,16
15370,"Black Roasted Sesame Seed",66,6
15382,"Organic Wild Berry Blend",98,7
15383,"Garlic Alfredo Sauce",9,9
15384,"Cooked Chocolate Pudding And Pie Filling Mix",105,13
15386,"Whole Grain White Corn Salted Tortilla Chips",107,19
15390,"All Natural Plain Yogurt",120,16
15391,"Seafood Cocktail Sauce",72,13
15392,"Organic Mayonnaise",72,13
15396,"Organic Lime Juice",98,7
15397,"Cashew Butter, Organic",88,13
15398,"Mighty 4: Pumpkin Pomegranate Quinoa Greek Yogurt Nutrition Blend for Tots",92,18
15399,"Almondmilk Creamer, Vanilla",91,16
15404,"Fresh Sliced Mozzarella",21,16
15406,"Enchilada Wrap",13,20
15410,"Mezzi Rigatoni",131,9
15411,"Black Peppercorn",104,13
15412,"Chicken Flavor Ramen Noodles",4,9
15413,"Organic Chai Cola Probiotic Elixer",31,7
15414,"Double Smoked Uncured Center Cut Bacon",106,12
15416,"Premium Cannellini White Kidney Beans",59,15
15417,"Toaster Strudel Pastries Strawberry",52,1
15418,"Coconut Chips",50,19
15422,"Intensive Care Aloe Soothe Lotion",127,11
15424,"Purified Water",115,7
15428,"Naturally Flavored Garlic Bread Supreme (Sausage, Pepperoni, Onions, Olives) Pizza",79,1
15429,"Organic Chai Tea Latte Concentrate",94,7
15433,"Oatmeal Raisin Walnut Bar",3,19
15438,"Mayonnaise, Classic",72,13
15442,"Solid White Albacore Tuna in Spring Water",95,15
15450,"Vitex Berry Vegetarian Liquid Phyto-Caps",47,11
15452,"Maxi pads Overnight With Flexi-Wings",126,11
15453,"Gluten Free Vanilla Creme Cookies",61,19
15455,"Organic Extra Virgin Oil Olive",19,13
15459,"Pizza Sauce, Organic",9,9
15460,"To Go Stain Remover Pen",75,17
15462,"Multigrain Bread",112,3
15464,"Healthy Request Condensed Soup Cream of Mushroom",69,15
15467,"Core Gluten Free Mint Chocolate Bar",3,19
15469,"Three Cheese Mini Bagels",129,1
15472,"Hickory Ham & Cheddar Sandwiches",38,1
15477,"Wheaties",121,14
15479,"Organic Rainier Cherries",123,4
15480,"Cacao Chocolate Mint",31,7
15483,"Sparkling Peach Nectarine Soda",98,7
15484,"Outlast Xtend Secret Outlast Xtend Clear Gel Protecting Powder Antiperspirant/Deodorant 2.6 oz  AP/DO & Body Spray",80,11
15485,"Green Tea Bags",94,7
15487,"Raspberry English Tea Scones",93,3
15489,"Curiously Strong Mints Peppermint",46,19
15497,"Mint Anti-Diarrheal",70,11
15498,"Brownie Scratch Baking Mix",17,13
15503,"Pickling Cucumber",83,4
15506,"Organic Extra Virgin Olive Oil Popped Corn",23,19
15510,"Organic Vegetarian No-Chicken Broth",69,15
15513,"Thin Crust Four Meat (Sausage, Pepperoni, Canadian Style Bacon, Bacon) Pizza",79,1
15516,"Sesame Tahini",88,13
15518,"Uncured Canadian Bacon Breakfast Burrito",52,1
15526,"Creamy Queso Fresco Chipotle",21,16
15527,"Teriyaki Veggie Burgers",14,20
15532,"Classic Honey Peanut Butter Squeeze",88,13
15536,"Dark Roast Whole Bean Coffee Coffee",26,7
15539,"Grands Buttermilk Biscuits",129,1
15540,"Sociables Baked Savory Crackers",78,19
15541,"Original Almondmilk",91,16
15547,"Habanero & Green Chile Smoked Chicken Sausage",106,12
15550,"Dry Protection Invisible Solid Shower Clean Anti-Perspirant & Deodorant",80,11
15558,"Ancient Vines Zinfandel",28,5
15563,"Salted Caramel Cold Brew Coffee",26,7
15567,"Crunchy Chickpeas Falafel",50,19
15569,"Perfect Pinch Lemon & Pepper Seasoning",104,13
15570,"Unsweetened AlmondPlus Almond Milk",91,16
15572,"Pineapple Chunks, Organic, in Their Own Organic Juice",99,15
15576,"Uncured Beef Hot Dog",100,21
15579,"Light in Sodium Black Bean Vegetable Enchilada Entree",38,1
15582,"Gluten Free Mountain White Bread",112,3
15587,"Chardonnay Monterey",62,5
15588,"Strawberry Applesauce",99,15
15591,"Gluten Free Steel Cut Oats",130,14
15592,"Organic Baby Romaine Lettuce",123,4
15595,"Spanish Rice",63,9
15597,"Pure Demerara Cane Sugar",17,13
15598,"White Orchard Pure China White Tea",94,7
15599,"Naturally Hickory Smoked Thick Cut Bacon",106,12
15601,"Heavy Duty Crisp Clean Air Refresher",101,17
15602,"Egg Matzos",33,6
15604,"Fat Free Plain Yogurt",120,16
15606,"One Bite White Delight Potatoes",123,4
15610,"Balsamic Vinegar of Modena",19,13
15613,"Salted Tub of Butter",36,16
15616,"Pain Relief, Cream",133,11
15617,"Season Bay Leaves Whole .20 Oz",104,13
15618,"White Cheddar Rice Cakes",78,19
15622,"Chipotle In Adobo Sauce Peppers",30,6
15623,"Ham & Cheese Sandwiches",38,1
15629,"Wine Infused Salame Cheese and Crackers Small Plates",2,16
15630,"Organic Fat Free Refried Pinto Beans",59,15
15638,"Gingerman Sweet and Simple Cookkies",61,19
15642,"Blazin' Hot Sauce",5,13
15649,"Baby Seedless Cucumbers",83,4
15650,"Crunchy Peanut Butter Granola",3,19
15654,"Heavy Duty Fresh Scent Oven Cleaner",114,17
15655,"Dark Chocolate Mint Snacking Chocolate",45,19
15664,"Tomatoes Sauce",81,15
15672,"Brownie Bites",61,19
15674,"Ultra Liquid Laundry Detergent, Free & Clear",75,17
15680,"Red Plastic Cups",111,17
15682,"Skin, Nails & Hair Advanced Msm Formula",47,11
15683,"Caribbean Coconut Gelato",37,1
15685,"Luxurious Moisture for Dry or Damaged Hair Conditioner",22,11
15689,"Crispy Gluten Free Baked Multigrain Crackers",78,19
15693,"Organic Peach Oo La Long Tea",94,7
15694,"Spa Cuisine Grilled Chicken Primavera",38,1
15700,"Cheddar Cheese Nut Thins Cracker Snacks",78,19
15707,"Peter Rabbit Organics Mango, Banana and Orange Puree",92,18
15712,"Organic Traditional Plain Kefir",120,16
15714,"Genuine Chocolate Non Dairy Protein Shake",65,11
15716,"Packets No Calorie Sweetener",17,13
15718,"Ultra Thin Mild Cheddar Slices",21,16
15719,"Organic Broccoli And Carrots",123,4
15720,"Premium Beer",27,5
15721,"Soup, Creamy, Split Pea",69,15
15727,"Organic Baking Cocoa",17,13
15730,"Plain Coconut Non-Dairy Yogurt",31,7
15731,"Cake Batter Frozen Dessert",37,1
15732,"Fresh Cut French Style Green Beans",81,15
15734,"Whole Grain with Vanilla Bunches Cereal",121,14
15739,"G Series Fruit Punch Sports Drink",64,7
15740,"Pumpkin Fig Ancient Grain Granola",57,14
15741,"Strawberry C Monster Smoothie",31,7
15750,"Whole Bean French Roast Coffee",26,7
15751,"Bread, Whole Grain Spelt",58,1
15752,"Italian Style Bread Crumbs",5,13
15758,"Organic Hachiya Persimmons",24,4
15759,"Peanut Butter Sandwich Cookies",61,19
15760,"Epsom Salts",118,11
15761,"Fridge Pack Lemonade",98,7
15763,"PastaJoy Brown Rice Pasta Elbow",131,9
15764,"Pizza Pesto with Organic Vegetables & Basil",79,1
15765,"Family Size All Butter Pound Cake",119,1
15767,"Blackened Chicken Salad",1,20
15768,"Purify & Replenish Deep Cleansing Shampoo",22,11
15770,"Hot Dog Chili Sauce",72,13
15772,"Pineapple Spears",32,4
15773,"Snapshot Wheat Beer",27,5
15775,"Mint Floss",20,11
15776,"Buffalo Chik Veggie Patties",42,1
15780,"Breakfast Blend Medium Roast Ground Coffee",26,7
15783,"Smoked 5 Spice Tofu",14,20
15785,"Sticks The Pounder Pretzels",107,19
15790,"Organic Veggie Bites",42,1
15801,"Cheese, Crumbles, Amish Blue",21,16
15802,"Oral Electrolyte Solution Strawberry",92,18
15803,"Organic Sweet Potato Puree",17,13
15805,"Gourmet Cut Caesar Croutons",89,13
15807,"Original Blue Painter's Tape",6,2
15809,"Cinnamon Sugar",104,13
15818,"California Petite Sirah",28,5
15820,"Cafe Cuisine Sesame Chicken",38,1
15829,"Chicken Noodle O's Condensed Soup",69,15
15830,"Unbleached Self Rising Flour",17,13
15831,"Kosher Chicken Breasts Boneless And Skinless",34,1
15835,"Apricot + Vanilla Hand Soap",25,11
15839,"California Grown Chopped Garlic",81,15
15842,"Dairy Free Coconut Milk Yogurt Alternative",120,16
15850,"Zingers Cakes",61,19
15860,"Natural Apple Sauce Cups",99,15
15861,"Eucalyptus Castile Liquid Soap",25,11
15869,"Sweet Hot Dog Buns",43,3
15872,"Celery Hearts",83,4
15873,"Dryer Sheets Geranium Scent",75,17
15878,"Burrito, Shredded Beef",38,1
15880,"Ultra Strong Bath Tissue",54,17
15885,"Organic Vegan Smoked Farmhouse Cheese",2,16
15886,"Laundry Liquid Free & Clear Unscented Allergen Fighting Laundry Liquid",75,17
15887,"Rosemary Hand Soap",25,11
15891,"Barbecue Sauce",5,13
15892,"Veggie Dogs",14,20
15895,"Queso Chihuahua Quesadilla Cheese Shredded",21,16
15899,"Organic Reduced Sodium Tamari",66,6
15902,"100 Calorie  Per Bag Popcorn",23,19
15904,"Mandarin Orange & Grapefruit Hand Wash 12 oz",25,11
15905,"Low Sodium 100% Vegetable Juice",98,7
15906,"Midnight Moon",2,16
15907,"Bleach HydroClean Action Fresh Rapids Scent Dishwasher Detergent",74,17
15912,"Spirals with Butter & Parmesan Mac & Cheese Macaroni & Cheese Natural",4,9
15913,"Ranch Veggie Dip",67,20
15921,"Oven-Roasted Turkey Breast",96,20
15923,"Supremely Spicy Hummus",67,20
15924,"Frosted S'mores Toaster Pastries",48,14
15925,"Macaroni and Cheese",38,1
15933,"Gluten Free Waffle & Pancake Mix",105,13
15934,"Moroccan Lentil Pie",13,20
15937,"Shallot",83,4
15943,"Dark Cacao",121,14
15945,"Freshly Shredded Parmesan Cheese",21,16
15949,"Vanilla Almond Coconut Almond Breeze",119,1
15950,"Chik'n Nuggets",42,1
15955,"1pk 270ct Refill",56,18
15960,"Pasta Joy Ready Brown Rice Pasta Penne with Rice Bran",131,9
15969,"Solid White Albacore Premium Tuna in Water",95,15
15975,"Mirin Sweet Cooking Rice Wine",72,13
15976,"Diced Peaches in 100% Fruit Juice",99,15
15979,"Extra Sharp Cheddar Cheese Block",21,16
15981,"Unsweetened Soymilk",91,16
15984,"Almond Milk Blueberry Yogurt",120,16
15987,"Artichoke Hearts Marinated Quartered",81,15
15990,"Zucchini, Spinach & Banana Blend Veggies On-The-Go Stage 2 (6 Months and Up)",92,18
15991,"Lactose Free Grade A Low Fat Vanilla Yogurt",120,16
15992,"Blackberry Serrano Yogurt",120,16
15995,"Organic Cinnamon Apple Sauce",99,15
15996,"Raw Cashew Butter",88,13
15999,"Zero Ion4 Grape Sports Drink",64,7
16001,"Coffee Mexican Vanilla",26,7
16004,"Cheese, Provolone",21,16
16005,"Pure Sport Twin Pack Deodorant",80,11
16008,"2chic Blackberry & Coconut Milk Ultra-Repair Shampoo",25,11
16013,"Berry Pomegranate Liquid Water Enhancer",90,7
16014,"Barbeque Potato",107,19
16015,"Creme Soap, Glyceryne, Old Fashioned Oatmeal",25,11
16017,"Organic Mild Taco Seasoning Mix",104,13
16019,"All-In-One French Vanilla Nutritional Shake Sachet",65,11
16020,"Original Crescent Rolls",105,13
16027,"Organic Mediterranean Olive Oil",19,13
16029,"Organic Fully Cooked Chicken & Apple Sausage",106,12
16031,"Clean Day Honeysuckle Scent Multi-Surface Cleaner",114,17
16033,"Finely Ground Natural Almond Meal",17,13
16042,"Maca Powder",47,11
16043,"Classic Dinner Rolls",43,3
16044,"Pure Premium Orange Juice Lots Of Pulp Calcium + Vitamin D",31,7
16048,"Deluxe Nut Mix",6,2
16057,"Original Snack Crackers",78,19
16059,"Crab Delights Imitation Flake Style Crab Meat",15,12
16066,"Unsalted Tops Saltine Crackers",78,19
16069,"Pure Spanish Saffron",104,13
16070,"Organic Elmo Noodlemania Soup",69,15
16083,"Organic Large Brown Eggs",86,16
16096,"Filet Mignon Canine Cuisine Wet Dog Food",40,8
16097,"Total with Cherry Greek Strained Yogurt",120,16
16102,"Shower Tub & Tile Cleaner with Oxy Clean",114,17
16108,"Deli-Sliced Hot Jalapeño Peppers",110,13
16109,"Crescent Dough Sheet",105,13
16113,"Organic Roots Veggie Chips",50,19
16115,"Pods HE Laundry Detergent, Free & Gentle, 35 Count Laundry",75,17
16117,"Thousand Island Salad Dressing & Dip",89,13
16127,"Neufchatel Cheese 1/3 Less Fat",21,16
16131,"Organic Chicken Noodle Soup, Reduced Sodium",69,15
16135,"Organic Fruit Snacks",50,19
16136,"Organic Apple Cider Vinegar & Honey All Natural Drink",98,7
16137,"Spicy Chili Seasoning",104,13
16139,"Clara",27,5
16142,"Salted Pretzel Sticks",107,19
16145,"Organic Cannellini Beans",59,15
16146,"Dark Chocolate Covered Salted Almonds",45,19
16150,"Organic Seaweed Gomasio",66,6
16152,"Traditional Chicken Noodle 99% Fat Free Soup",69,15
16154,"Mini Peanut Butter Sandwich Crackers",78,19
16159,"Free & Gentle Liquid Laundry Detergent",75,17
16163,"Gourmet 100 Calorie 100% Whole Wheat Tortillas",128,3
16168,"Large Organic Omega3 Brown Eggs",86,16
16169,"RSTD WHL CHSNTS",117,19
16170,"Italian Style Meatballs & Mozzarella Sandwiches",38,1
16174,"Original Vegenaise Dressing & Sandwich Spread",72,13
16176,"Lentil Trio, Organic",63,9
16177,"Grands Southern Homestyle Biscuit",105,13
16180,"Coconut Milk Yogurt Alternative Mixed Berry Flavor",120,16
16182,"Red Oak Leaf",123,4
16185,"Sharp Cheddar Cheese",21,16
16186,"Chocolate Fudge",71,16
16192,"Premium Natural Pepper Jack Cheese",21,16
16198,"Natural Uncured Turkey Hot Dog",106,12
16200,"Oatmeal Cup Cranberry Pumpkin Seed",130,14
16207,"Original Sparkling Seltzer Water",115,7
16209,"Littleneck Clams",39,12
16213,"Orange with Mango Juice",31,7
16215,"100% Natural Beef Broth",69,15
16217,"Crunchy Roasted Almond Granola Bars",3,19
16218,"Organic Premium Concord Grape Spread",88,13
16219,"Fine Granulated Sugar",17,13
16223,"Four Cheese Crispy Thin Crust Pizza",79,1
16227,"Klondike Medley Petite Potatoes",123,4
16231,"Butter with Coarse Sea Salt",36,16
16234,"Vitamin D Organic Milk",84,16
16237,"Finely Shredded Mozzarella Cheese",21,16
16241,"Peanut Butter Chocolate Chip Meal Bar",3,19
16246,"Dark Chocolate Salted Caramel Protein Nut Bar",3,19
16247,"Caraway Crackers",78,19
16249,"Lacinato Kale Og",83,4
16254,"ZBar Organic Chocolate Brownie Energy Snack",3,19
16260,"Organic Olive Oil Cooking Spray",19,13
16261,"Premium Chunk Light in Vegetable Oil Tuna",95,15
16262,"Everything Bagels",93,3
16268,"Vegan Butter",36,16
16270,"Chuito Coffee",26,7
16274,"D.O.P. San Marzano Tomatoes",81,15
16275,"Bourbon Whiskey",124,5
16278,"Organic Delicata Squash",83,4
16281,"Solid White Albacore Tuna",95,15
16282,"Chocolate Chip Cookie DO Bites",8,3
16283,"Fresh Asparagus",83,4
16289,"Greek 0% Fat Strawberry on the Bottom Yogurt",120,16
16290,"Sparkling Clementine Juice",77,7
16291,"Organic Extra Large Brown Omega 3 Eggs",86,16
16293,"Daily Shower Cleaner",114,17
16303,"Hazelnut Half+Half",53,16
16305,"Ritz Crackers",78,19
16309,"Cheese & Peanut Butter Sandwich Crackers",78,19
16314,"Organic Sweet & Salty Peanut Choco Chewy Granola Bars",3,19
16315,"Nature's Way Long Grain & Wild Rice Rice Mix",4,9
16320,"Frappuccino Coffee Drink",26,7
16321,"70% Dark Chocolate With Coconut Bar",45,19
16325,"Turmeric",104,13
16328,"Edamame Shelled Soybeans",116,1
16331,"Cream Filled White Fancy Cakes",61,19
16332,"Sriracha Tortilla Chips",107,19
16334,"Dill Relish",72,13
16337,"Toasted Coconut Ice Cream",37,1
16338,"Orange Flavor Sports Drink",64,7
16339,"Aged Reserve Cheese",21,16
16341,"Grovestand Lots Of Pulp Pure 100% Florida Orange Juice",31,7
16349,"Organic Yams",83,4
16350,"Variety Snack Pack",50,19
16351,"Chicken & Cilantro Mini  Wontons",129,1
16357,"Smoked Ham Off The Bone",122,12
16363,"Gluten Free Breaded Chicken Breast Tenders",34,1
16365,"Hot & Spicey Baked Snack Crackers",78,19
16367,"99% Aloe Vera Gelly",25,11
16370,"Rice Sides Chicken Flavor Broccoli",4,9
16373,"Medium Garbage Bags",60,17
16376,"Chicken & Cheese Taquitos",129,1
16379,"Cornstarch",17,13
16381,"Protein Bar Double Chocolate Chunk",3,19
16382,"Natural Smooth Peanut Butter",88,13
16384,"Just Mangos Organic Baby Food",92,18
16387,"Cold-Pressed Organic Grapefruit",98,7
16389,"Café Domingo Medium Roast K Cups",26,7
16393,"Ibuprofen Tablets",133,11
16396,"Grass milk Raw Cheddar Cheese",21,16
16397,"Sockeye Salmon Fillet",39,12
16398,"Guava Goddess Organic Kambucha",31,7
16400,"Bakehouse Deli Rye Bread",112,3
16404,"Impressions Disposable Bowls - 18 CT",111,17
16406,"Unsweetened Black Tea",94,7
16410,"Kettle Cooked Sea Salt & Cracked Pepper Potato Chips",107,19
16411,"Apple Pie with Cinnamon Sugar",119,1
16414,"Finely Shredded Parmesan Cheese",21,16
16415,"Almond Breeze Almond & Coconut Milk Blend",91,16
16417,"100% Whole Wheat Spaghetti",131,9
16419,"Sweet Sliced Bread",112,3
16423,"Pasteurized Apple Juice",31,7
16425,"Organic Lowafat 1% Milk",84,16
16428,"Bread, Gluten Free, Seeded",112,3
16430,"Italian Vinaigrette Dressing",89,13
16432,"Organic Honey Gold Potatoes",83,4
16433,"Ham & Cheese Loaf",96,20
16436,"Grilled Tuna Feast in Gravy Cat Food",41,8
16445,"Honey Dijon Mustard",72,13
16450,"Rose Day Cream",109,11
16453,"Original Gummies",45,19
16454,"Chia Seeds",117,19
16456,"Vegetarian Organic Chili Beans",59,15
16459,"Lorraine & Florentine Petite Quiche",129,1
16460,"Organic Buttery Rich Classics",78,19
16462,"Ready-to-Bake 9 Inch Pie Crusts",105,13
16463,"Multi-Purpose Cleaner, Lavender",114,17
16464,"Sweet & Salty Nut Almond Granola Bars",3,19
16466,"Organic Amaze Mint Baby Food",92,18
16470,"Big Slice Aged Swiss Cheese",21,16
16478,"Alfalfa Sprouts",123,4
16479,"Fruit Spread, Deluxe, Strawberry",88,13
16482,"Seasoning Cinnamon Sticks",104,13
16484,"Alfredo  Chicken",38,1
16486,"Diet Pepsi Slim Cans",77,7
16487,"Hot Peri-Peri Sauce",72,13
16489,"1 % Lowfat Milk",84,16
16490,"Old Fashioned Whole Wheat Bread",112,3
16494,"Double Zipper Gallon Freezer Bags",85,17
16495,"Original Gluten Free 1/3 Lb Burgers",34,1
16501,"Currant + Mint Lamb Bar",3,19
16502,"Large Wraps Eggroll",129,1
16503,"Meat Lovers English Muffin Breakfast Sandwiches",52,1
16505,"Organic Mini Sweet Pepper, Pint",83,4
16507,"Organic Superfoods Carrot Rice Cakes",92,18
16508,"Stage 3 Hearty Meals - Chick Chick Organic Baby Food",92,18
16511,"Nutri-Grain Strawberry",48,14
16514,"No Pulp Orange Juice With Vitamin D And Calcium",31,7
16516,"G2 Thirst Quencher Glacier Freeze",64,7
16518,"Tropicals Sugar Free 1.65 fl oz Ice Pops",37,1
16520,"Hip Action Roasted Beef Recipe Moist dog Treat",40,8
16521,"Walnut Halves & Pieces",117,19
16523,"Long Grain & Wild Rice Original Rice Mix",4,9
16525,"Organic Chopped Garlic",81,15
16528,"Straightshot Probiotic Oat Drink",70,11
16535,"Organic Soups Hearty Spanish Rice & Red Bean",69,15
16539,"Orange Juice with Calcium",113,1
16540,"Chicken Ceasar Wrap",1,20
16541,"Grass Fed Angus Ground Beef 93/7",7,12
16548,"Maple Pecan Ice Cream",37,1
16549,"Energy Coffee Beverage Vanilla",64,7
16551,"Fresh Picked Collection Raspberry Gel Air Freshener",101,17
16552,"Organic Montebello Fusilli Italian Pasta",9,9
16556,"Popcorn Party Size! White Cheddar Cheese",23,19
16557,"Acai Berry Chia Bars",3,19
16560,"Organic Stage 2 Carrots Baby Food",92,18
16561,"Spicy Red Pepper",9,9
16566,"Fajita Mix",123,4
16568,"Dishwasher Detergent",74,17
16570,"Organic Fresh Carrot Chips",123,4
16574,"Peppermint Extract",17,13
16575,"Kosher Dill Mini Pickles",110,13
16587,"Onion Hamburger Buns",43,3
16589,"Plantain Chips",107,19
16590,"Ice Cream Light Chocolate Chip",37,1
16593,"Dubliner Cracker Cut Cheese",21,16
16594,"Indicator Contour Clean Soft Toothbrush",20,11
16601,"Sun Coco Organic Sunflower Coconut Oil Blend",19,13
16607,"Whole Grains Health Nut Bread",112,3
16609,"Chopped Clams",95,15
16610,"Organic Italian Parsley",16,4
16611,"Milk",84,16
16613,"Chocolate Chunk Cookie",58,1
16614,"Orange Mango Super Drink",64,7
16615,"Zero Calories Berry Nutrient Enhanced Water",64,7
16616,"Organic Sliced White Mushrooms",123,4
16617,"Organic Muenster Cheese Slices",21,16
16618,"Classic Potato Salad",1,20
16619,"Chili Cheese Flavored Corn Chips",107,19
16620,"Original Kettlecorn",23,19
16622,"Blonde Macaroons",61,19
16625,"Solid Air Freshener Pure Linen",101,17
16628,"Carmel Milk Chocolate",45,19
16630,"Cough & Chest Congestion Chestal Honey Cough Syrup",11,11
16633,"360 Dusters Refills Unscented",114,17
16637,"Earl Grey Tea Decaffeinated",94,7
16641,"Strawberry Fruit Bars",37,1
16642,"Strawberry Mochi Ice Cream",37,1
16645,"Fresh Citrus Liquid Laundry Detergent",75,17
16647,"Double Duty Advanced Odor Control Clumping Cat Litter",41,8
16648,"Roasted Red Peppers with Garlic in Olive Oil, Mild",81,15
16650,"Naturals Chicken Patties",34,1
16655,"Protein And Fiber Chocolate Almond Coconut Bar",3,19
16659,"New England Clam Chowder Soup",69,15
16665,"Banana Bread Sprouted Bar",3,19
16668,"Bamba Peanut Snack",33,6
16669,"Grilled Chicken Canine Cuisine Wet Dog Food",40,8
16676,"Vanilla Sparkling Energy Water",64,7
16679,"Rice Crackers Wasabi",78,19
16680,"Waffle Cones",103,19
16682,"Breakfast Links Maple & Smoked Bacon Smoked Chicken Sausage",106,12
16683,"Little Sumpin' Sumpin' Ale",27,5
16696,"Coke Classic",77,7
16697,"Stage 3 Hearty Meals Mama Grain Baby Food",92,18
16703,"4% Milkfat Large Curd Cottage Cheese",108,16
16707,"Butt Paste Original Diaper Rash Ointment",6,2
16710,"Non Dairy Coffee Caramel Fudge",37,1
16714,"Mocha Frappucino Chilled Coffee Drink",26,7
16715,"Organic Lowfat Plain Unsweetened Kefir",120,16
16722,"All Natural Raspberry Sparkling Seltzer Water",115,7
16725,"Organic Heritage Crunch Cereal",121,14
16726,"Roasted Red Chili Paste",66,6
16730,"Kombucha, Tangerine",31,7
16731,"Pure  Vanilla Almondmilk",91,16
16732,"Peanut Milk Chocolate XXL Bag",45,19
16743,"Dairy Free Almond Milk Chocolate Frozen Dessert",37,1
16744,"Peanut & Gluten Free Smooth Almond Butter",88,13
16747,"Original Movie Theater Popcorn",23,19
16752,"Merry Maraschino Pitted Cherries",103,19
16753,"Pinot Grigio Wine",62,5
16754,"Flip PB&J Low-Fat Greek Yogurt",120,16
16755,"Omega Swirl Ultra High Potency Key Lime Fish Oil",47,11
16756,"Flamin Hot Potato Chips",107,19
16757,"Barista Blend Pure Almond Milk",53,16
16759,"Organic Carrot Bunch",83,4
16766,"Organic Freeze Dried Bananas and Strawberries",117,19
16768,"100% Lactose Free Reduced Fat Calcium Enriched Milk",91,16
16773,"All Natural Peanut Butter Oat Bar",3,19
16782,"Confectioners Powdered Sugar",97,13
16789,"Whole Care Spearmint Toothpaste",20,11
16791,"Fancy Bamboo Shoots",66,6
16792,"Hazelnut Instant Coffee Beverage",26,7
16793,"Protein Bar, High, White Chocolate",3,19
16797,"Strawberries",24,4
16801,"Vanilla Extract",17,13
16802,"Grands! Homestyle Original",105,13
16803,"Antiperspirant Deodorant Cool Essentials Fresh Scent",80,11
16808,"Everyday Coconut Face Wash",109,11
16813,"Gluten Free Soft Taco",128,3
16816,"Tropical Punch",31,7
16818,"Vanilla Nonfat Yogurt",120,16
16823,"Organic Beef Broth",69,15
16824,"Traditional Egg Pasta Pappardelle",131,9
16825,"Vegan Smooth Chocolate Nutritional Shake",65,11
16826,"Natural Hickory Smoked Canadian Bacon Center Cut From Pork Loin",106,12
16830,"Le Gruyere Cheese",2,16
16837,"Organic Mushroom Chef S Sampler",123,4
16839,"Organic Raw Hunza Goji Berries",117,19
16840,"Mild Guacamole",67,20
16842,"Mini Cinnamon Roll",93,3
16847,"Organic Mash ups Tropical Squeezable Fruit",99,15
16848,"Hickory Smoked Ultra Thin Deli Slices",14,20
16856,"Black Bean Bonanza Tamales",30,6
16857,"Barcelona Vinaigrette Mediterranean Style",89,13
16859,"Julienne Sun Dried Tomato in Olive Oil",81,15
16864,"Black Cherry, Naturally Flavored Zero Calorie Soda, Caffeine Free",77,7
16868,"Sonoma Yellow Corn Organic Tortillas",128,3
16869,"Automatic Dishwasher Tablets Citrus - 25 CT",74,17
16871,"Simple Starters Diced Red Onion",123,4
16874,"Chocolate Fudge Brownie Ice Cream",37,1
16879,"Chocolate Plant Protein",65,11
16881,"Recaito",30,6
16882,"Baby Spring Mix",123,4
16883,"Short Grain Brown Rice",63,9
16885,"Pasta 'n Sauce, Elmo, Organic, with Carrots & Broccoli, 123 Sesame Street",38,1
16889,"Organic Ginger Root Extract",47,11
16891,"Fun Size Candy Bars",45,19
16893,"Soft Cream Cheese",108,16
16896,"Potato Chips Sweet Potato",107,19
16897,"Trail Mix Chewy Granola",3,19
16900,"Original Whole Grain Chips",107,19
16902,"Ezekel Prophet's Pocket Bread",128,3
16908,"Jacob's Wonderbar Dark Roast",26,7
16910,"Port Wine Cheese Ball",2,16
16911,"Gluten Free Apple Uncured Bacon Beef Bar",65,11
16916,"Max Strength Liquid Upset Stomach Reliever/Anti-Diarrheal",70,11
16920,"Country Potato Bread",112,3
16921,"Chevrai Original Goat Cheese",21,16
16926,"Organic Golden Ginger Ale Soda",77,7
16927,"Instant Rice Vermicelli Noodles",66,6
16933,"Traditional Chicken & Herb Dumplings Soup",69,15
16939,"Milk, Lowfat, Chocolate, 1% Milkfat",84,16
16942,"Apple Cinnamon Meldey Scented Oil Refill",101,17
16943,"Sesame Seeded Sandwich Rolls",43,3
16945,"Salsa Mild",67,20
16948,"Clean Burst Liquid Laundry Detergent",75,17
16951,"Deli Roast Beef",96,20
16953,"Creamy Peanut Butter",88,13
16959,"Toilet Paper Double Rolls - 24 CT",54,17
16965,"Chocolate Ice Cream",37,1
16971,"Bar Chocolate Peanut Butter Gluten Free",65,11
16973,"Organic Pitted Green Olives",110,13
16974,"Sea Salt Brown Rice Crackers",107,19
16977,"Organic Ginseng Mandarin Tonic",100,21
16978,"Organic Forbidden Rice",63,9
16981,"Love My Veg Banana, Beet, Squash, Blueberry",92,18
16987,"Organic Love Crunch Dark Chocolate Macaroon Granola",57,14
16994,"Chocolate Brownie Kid Z Bar",3,19
16997,"Poultry & Beef Feast Variety Grilled Wet Cat Food",41,8
17003,"Fun Size Chocolate Bars",45,19
17004,"Chunky Feta Dressing & Dip",89,13
17007,"Butter Salted",36,16
17008,"Shredded Sharp Cheddar Cheese",21,16
17015,"Hypoallergenic Laundry Detergent, 32 Loads",75,17
17016,"Original Blend Medium Roast Whole Bean Coffee",26,7
17017,"Organico Bello Marinara Pasta Sauce",9,9
17021,"Baked Mini Beef Meatballs",34,1
17022,"Elbows Pasta",131,9
17025,"Country Dijon Mustard",72,13
17027,"Avocado Roll",13,20
17029,"Fruit Roll-Ups Strawberry Sensation Fruit Flavored Snacks",50,19
17031,"Deliciously Dairy Free Jack Style Wedge",21,16
17038,"Wasabi Roasted Seaweed Snacks",66,6
17040,"Classic Roast Instant Coffee Crystals",26,7
17044,"French Baguette",112,3
17053,"Multi-Grain Club Crackers",78,19
17054,"Antifungal Cream for Jock Itch",118,11
17056,"Microwavable Single Serving Mac & Cheese",4,9
17064,"Yellow Cling Peach Halves In Heavy Syrup",99,15
17066,"Clean Freak Refreshing Unscented Dry Shampoo",132,11
17070,"Salad, Lettuce Trio",123,4
17073,"Strawberry Fruitfull Bar",37,1
17079,"Non Dairy Sour Cream Alternative",108,16
17080,"Clementina Sparkling Beverage",115,7
17083,"Organic Five Spice Tofu Nuggets",14,20
17084,"Peanut Butter & Honey Nutrition Bar",3,19
17089,"Complete Nutrition Infant Formula, Stage 1",92,18
17090,"Propolis & Myrrh Natural Fluoride-Free Peppermint Toothpaste",20,11
17093,"Organic Low Sodium Broth Chicken",69,15
17094,"Fiesta Size Strips Restaurant Style Tortilla Chips",107,19
17104,"Organic Guava",24,4
17115,"Belgian Waffle Mix",130,14
17119,"Super Chunk Extra Crunchy Peanut Butter",88,13
17122,"Honeycrisp Apples",24,4
17123,"Organic Honeydew",24,4
17131,"Cold-Pressed Organic Apple",31,7
17134,"Pepper Jack String Cheese",21,16
17137,"Plum Kids Organic Fruit & Veggie Shredz - Rooty Blues",50,19
17140,"3D White Radiant Mint Flavor Whitening Toothpaste",20,11
17142,"Tandoori Inspired Spiced Chicken",38,1
17143,"Fire Kombucha",31,7
17145,"Colombia Los Picos Coffee",26,7
17146,"Coldwater High Efficiency Liquid Laundry Detergent",75,17
17149,"Gluten Free Chicken Breast Tenders",34,1
17151,"Honey Maid Cinnamon Grahams",78,19
17154,"Berry Veggie Juice Smoothie",31,7
17155,"Ranch Dip Mix",51,13
17157,"Organic Chicken Breasts",34,1
17158,"Classic Cosmic Cranberry Kombucha",27,5
17160,"Smooth & Creamy Organic Lowfat French Vanilla Yogurt",120,16
17163,"Vitamin A & D Fat Free Milk",84,16
17170,"Little Yums Pumpkin and Banana Teething Wafers",92,18
17173,"Roasted Walnut Oil",19,13
17177,"Wild Blueberry Fruit Spread",88,13
17179,"Lightly Salted Mixed Nuts",117,19
17183,"Peach Yoghurt",120,16
17191,"Tangerine",77,7
17200,"Wild Blueberry Preserves",88,13
17201,"Ginger Soother",98,7
17206,"Organic Tomato Sauce No Salt Added",81,15
17207,"Non Fat Greek Yogurt",120,16
17209,"Organic Gluten Free Tamari Less Sodium Soy Sauce",66,6
17219,"Sweet Potato Cakes",52,1
17223,"Freshly made spaghetti tossed with meatballs in a seasoned tomato sauce Spaghetti with Meatballs",38,1
17224,"Oats & Honey Gluten Free Granola",3,19
17231,"Sprouted Sunflower Seeds",117,19
17235,"Loofah Sponges",25,11
17243,"Organic Sumatra Coffee",26,7
17244,"Organix Grain Free Shredded Chicken Cat Food",41,8
17247,"Organic Peas & Brown Rice Stage 2 Baby Food",92,18
17251,"Condensed Golden Mushroom Soup",69,15
17256,"Creamy Vodka  Pasta Sauce",9,9
17260,"Raw Cacao Nibs",17,13
17261,"2nd Foods Organic  Pear and Spinach Baby Food",92,18
17264,"Stand 'n Stuff Taco Shells",30,6
17265,"FreshBurst PocketPaks® Breath Strips",20,11
17272,"Gut Shot Garlic Dill Pickle",110,13
17273,"Fire Roasted Red Pepper Hummus",67,20
17279,"Fresh 99% Lean Ground Turkey",49,12
17281,"White with 30% Cacao Content Organic Chocolate",45,19
17283,"Pearl Plastic Light Absorbency Unscented Tampons",126,11
17284,"Organic Sugar Snap Peas",83,4
17294,"Frozen Greek Yogurt Coconut Bars",37,1
17295,"Country White Sour Dough Oval Sliced Loaf",112,3
17299,"Organic Grated Ginger",81,15
17300,"Baby's Super Daily Liquid Vitamin D Drops",47,11
17301,"SauceSations Chicken Dinner in Garden Sauce Cat Food",41,8
17302,"Lobster Bisque",1,20
17303,"Grass-fed 90% Ground Beef",122,12
17304,"Powdered Peanut Butter",88,13
17305,"Old Farmhouse Chutney",72,13
17311,"Dried Philippine Mango",117,19
17313,"Hass Avocado Variety",24,4
17316,"Vitamin D Organic Whole Milk",84,16
17317,"Long Grain Wild Rice",4,9
17318,"Sliced Swiss Cheese",21,16
17319,"Chickpeas Red Peppers Potatoes",107,19
17321,"Dulce De Leche Caramel Ice Cream",37,1
17322,"Parmesan Cheese Angel Hair Pasta Mix",4,9
17323,"Turkey Skinless Smoked Sausage",106,12
17326,"Natural Wild Caught Brisling Sardines in Extra Virgin Olive Oil",95,15
17328,"Reduced Fat Feta Cheese",21,16
17330,"Light",27,5
17331,"Coconut Oil Kettle Cooked Potato Chips Sea Salt",107,19
17333,"Kombucha, Organic Raw, Lavender No. 3",31,7
17334,"Coffee Ice Cream",37,1
17335,"Signature Blend K-Cup Packs Coffee",26,7
17338,"Vanilla Swiss Almond Ice Cream",37,1
17339,"Original Berry Flavor Dye-Free Children's",133,11
17341,"Presliced Everything Bagels",93,3
17352,"100% Whole Wheat English Muffin 6 Ct",93,3
17353,"Macaroni & White Cheddar Cheese",4,9
17355,"Compostable Coffee Filters",26,7
17356,"Fat Free Sour Cream",108,16
17360,"Green Chili & Cumin Adzuki Bean Burger",42,1
17366,"Sweet Potato Corn Tortilla Chips",107,19
17368,"Butternut Squash Tamales With Cheese",13,20
17370,"Original Flavor Ramen Noodles",66,6
17375,"Organic Cornstarch",17,13
17384,"Sedalia Homeopathic Medicine Stress Relief Quick Dissolving Tablets - 60 CT",47,11
17389,"Jack Habanero Cheese",83,4
17395,"Yellow Nectarine",24,4
17396,"Salsa Black Bean & Corn",51,13
17397,"Orange Mango Chicken",38,1
17400,"Organic Lettuce",83,4
17403,"Caramel Almond & Sea Salt Fruit & Nut Bars",3,19
17408,"Gentlease Infant Formula Powder",92,18
17409,"Hickory Smoke Real Bacon Bits",89,13
17417,"Reduced Fat Original Potato Crisps",107,19
17418,"Organic Madagascar Vanilla Ice Cream",37,1
17419,"Sprouted Whole Wheat Bread",112,3
17421,"Coconut Mango Chia Vitality Beverage",31,7
17424,"Solid Pack Light Tuna",95,15
17426,"Simply Sea Salted Thick Cut Potato Chips",107,19
17427,"Uncured Beef Franks",106,12
17429,"Jalapeno Hummus",67,20
17431,"Cool Ranch Flavored Tortilla Chips",107,19
17434,"Sourdough Dinner Rolls",43,3
17435,"Original California Style Hot Sauce",5,13
17449,"Chewy Fudge Brownie Mix",105,13
17450,"100% Organic Einkorn  All-Purpose Flour",17,13
17453,"Original Fresh Scent Heavy Starch",75,17
17454,"Organic 90% Ground Beef",7,12
17459,"Roasted Seaweed Snack",50,19
17460,"Purina Classic Pate Turkey & Giblets Dinner Cat Food",41,8
17461,"Air Chilled Organic Boneless Skinless Chicken Breasts",35,12
17468,"Raw Almonds",117,19
17469,"Lo-Carb Energy Drink",64,7
17471,"Small Dog Biscuits",40,8
17477,"Organic Peach Kefir",120,16
17484,"Thin And Crispy Corn Tortilla Chips",107,19
17487,"Orange Juice 100% Juice",31,7
17505,"Original Spaghetti Os",59,15
17508,"Coffeemate Bliss Salted Caramel Coffee Creamer",100,21
17518,"Apple Cinnamon Cheerios Cereal",121,14
17526,"70% Dark Chocolate Salted Almond Bar",45,19
17530,"Unsweetened Watermelon Water",115,7
17535,"Protein Energy Bar Original Cookies & Creme",3,19
17541,"Smooth as Silk Conditioner",22,11
17545,"Rotisserie Chicken",35,12
17549,"Organic Instant Oatmeal",130,14
17550,"Oatneal Cookie Ice Cream",100,21
17553,"Lowfat Blueberry Yogurt",120,16
17555,"Creamy Parmesan Risotto",4,9
17559,"Stand 'N Stuff Taco Dinner",30,6
17560,"Dairy Free Cultured Plain Coconut Milk",120,16
17562,"Olive Tapenade Hummus",67,20
17565,"Boneless Ribeye Steak",122,12
17566,"Daily Moisturizing Body Wash",127,11
17568,"Pitted Prunes",117,19
17570,"7 Whole Grain Puffs Cereal",121,14
17571,"Organic Fire Roasted Red & Yellow Peppers",81,15
17572,"Organic Red Beet & Spinach Ravioli",12,9
17576,"Big Buttery Crust Rolls",105,13
17579,"Cream Top Strawberry on the Bottom Yogurt",120,16
17580,"Ranch Marinade, Dip & Dressing",89,13
17584,"Southwest Style Strips",14,20
17592,"Chinese Eggplant",83,4
17594,"Mango Coconut Chia Squeeze",99,15
17596,"Fruity Cheerios Cereal",121,14
17598,"Skillet Meal for Two, Chicken Florentine & Farfalle",38,1
17600,"YoKids Squeezers Organic Low-Fat Yogurt, Strawberry",120,16
17601,"Peppermint Caffeine Free Herbal Tea Bags",94,7
17604,"Sweet Dreams Organic Brown Rice Syrup",29,13
17605,"Spectacular Speculoos™ Cookie Core™ Ice Cream",37,1
17606,"Premium Chocolate Powdered Peanut Butter",88,13
17615,"Calcium Pulp Free Orange Juice",31,7
17616,"Goldfish Cheddar Baked Snack Crackers",78,19
17617,"David Seeds Sunflower Seeds",117,19
17619,"Premium Fish Sauce",66,6
17621,"Vanilla Yogurt Raisins Halloween Mini-Snacks",117,19
17622,"Wholesome Breakfast Blueberry Banana",92,18
17627,"Butterscotch Pudding",71,16
17628,"Lemon Bag",100,21
17630,"YoKids Squeeze! Organic Strawberry Flavor Yogurt",120,16
17631,"Caffeine Free Coke Zero",77,7
17632,"Marble Rye Bread",112,3
17634,"Chick Peas",59,15
17637,"Feta Crumbled Tomato & Basil Cheese",21,16
17638,"Vanilla Coffee Concentrate",26,7
17649,"Rich & Hearty Chicken Pot Pie Style Chowder Soup",69,15
17650,"8 1/2 Inch Plates - 95 CT",111,17
17652,"Air Chilled Breaded Chicken Breast Nuggets",129,1
17658,"6\"" Free Ranger Bully Stix",40,8
17662,"Cherry Fruit Pie",61,19
17663,"Cinnabon Sweet Rolls with Orange Icing",105,13
17666,"Fettuccine",12,9
17668,"Unsweetened Chocolate Almond Breeze Almond Milk",91,16
17672,"Organic  Monterey Jack Cheese",21,16
17675,"Pro-V Classic Clean Conditioner",22,11
17676,"White Fudge Covered Pretzels",107,19
17677,"Reposado Tequila 80 Proof",124,5
17678,"Large Pitted California Ripe Olives",110,13
17679,"San Marzano Peeled Tomatoes",81,15
17689,"Peach Tea",94,7
17691,"Vanilla Yogurt",120,16
17694,"Chocolate Pu Erh Tea 16 ct",94,7
17696,"Training Pants 4T-5T Jumbo",56,18
17697,"Vitamin C 1000 Mg with Rose Hips",47,11
17698,"Linguine with Spinach",131,9
17699,"Sugar Cones",103,19
17703,"Icelandic Style Skyr 0% Milkfat Strained Non-Fat Yogurt Pomegranate & Passion Fruit",120,16
17704,"Lemons",123,4
17705,"Reese's Chewy Cookies",61,19
17706,"Organic Whole Grain Wheat English Muffins",93,3
17708,"Organic Corn Tortillas",128,3
17709,"Organic Gluten Free Hoisin Sauce",66,6
17720,"Hot Oatmeal Variety Pack",130,14
17721,"Original Dairy Free Coconut Milk",91,16
17723,"Apple Peach Sauce",99,15
17725,"Organic Wraps Traditional - 6 CT",128,3
17726,"Holiday Nog",31,7
17730,"Peanut Toffee Buzz Energy Bar",3,19
17731,"Gluten Free Matzo-Style Squares",33,6
17733,"Fajita Scoops",107,19
17735,"All Natural Hickory Liquid Smoke",5,13
17738,"Organic Peach Oatmeal Banana Stage 2 Baby Food",92,18
17740,"Tortillas, Flour",128,3
17744,"Dark Chocolate  with A Touch Of Sea Salt",45,19
17745,"Pizza, Cheese & Pesto",79,1
17746,"Stewed Italian Recipe Tomatoes",81,15
17747,"Plastic Wrap",54,17
17750,"Organic Gluten Free 6-Grain Ancient Grain Hot Cereal",130,14
17753,"Marinade & Grilling, Island Teriyaki",5,13
17758,"Strawberry Rhubarb Yoghurt",120,16
17759,"No Salt Added Vegetable Bouilion Cubes",69,15
17760,"Just Fruit Spread Organic Superfruit",88,13
17766,"Grain Free Turkey Formula Cat Food",41,8
17769,"Diet Caffeine Free Naturally Flavored Lemon Lime Soda",77,7
17771,"Lime Flavored Flavored Sparkling Water",115,7
17781,"Pad Refills",114,17
17783,"Reef Raw Juice",31,7
17785,"Pro-Health For Me Cross Action Toothbrush",20,11
17788,"Upset Stomach Reliever/Anti-Diarrhea Caplets",70,11
17789,"Soy Free Buttery Spread",91,16
17791,"White Corn Tortilla Strips",107,19
17794,"Carrots",83,4
17795,"Organic Green Leaf Lettuce",83,4
17796,"Major Dickason's Blend Decaffeinated Dark Roast Ground Coffee",26,7
17803,"Organic Cultured Sour Cream",108,16
17804,"Pure, All-Natural Clam Juice",95,15
17807,"Gluten Free Blueberry Waffles",52,1
17819,"Concord Grape Jelly",88,13
17820,"Gentle and Predictable Overnight Relief Laxative Tablets",70,11
17821,"Almond Cheddar Style Shredded Cheese Alternative",21,16
17822,"Organic Whole Green Cardamom Pods",6,2
17824,"Chunky Blue Cheese Yogurt Dressing",89,13
17825,"Lowfat 1% Milk",84,16
17828,"Organic Spinach & Feta Dinner Sausage",106,12
17830,"Premium Organic Strawberry Spread",88,13
17832,"Chicken Kabobbles",13,20
17833,"Gluten Free Cheese Ravioli",12,9
17835,"Thin & Light Tortilla Chips",107,19
17836,"Crisp Cucumber & Melon Liquid Hand Soap",127,11
17840,"Naked Coconut Organic Coconut Bliss",119,1
17847,"Carob Chip",3,19
17850,"Tender Care Diapers Jumbo Pack",56,18
17858,"Everyday 2 Ply Premium Napkins",54,17
17859,"Lager Beer",27,5
17861,"Cinnamon Bunny Grahams Whole Grain Graham Snacks Bunny Grahams",61,19
17862,"Minced Garlic",81,15
17863,"Pepper Strips",116,1
17864,"Mack's Flax Sprouted Whole Grain Bread",112,3
17867,"Ultimates Chocolate Chip Lovers Cookie Dough",105,13
17870,"Ultra Soft & Strong 2-Ply Bathroom Tissue - 4 CT",54,17
17871,"Grade A Goat Milk",84,16
17872,"Total 2% Lowfat Plain Greek Yogurt",120,16
17874,"Organic Spring Jasmine Green Tea",94,7
17877,"Original Petroleum Jelly",118,11
17878,"Grilled Chicken Breast Strips",49,12
17882,"Purina Beyond Natural Cat Food Grain Free Ocean Whitefish & Egg Recipe",41,8
17888,"Chewy Caramels",45,19
17889,"Caramel Vanilla Cream Light Roast K-Cup Packs Arabica Coffee",26,7
17896,"Sugar Free Lemon Lime Gelatin Snacks",71,16
17900,"Chai Classic Latte Black Tea Concentrate",94,7
17902,"Liquid Egg Whites",86,16
17905,"Medium Household Gloves",114,17
17906,"Organic Super Maxi Pads",126,11
17907,"Lemon Orange Sparking Mineral Water",115,7
17914,"DayQuil Severe Cold & Flu",11,11
17915,"Bread Co Pain Au Levain",112,3
17918,"Sweet & Salty Mountain Mix",3,19
17920,"Shredded Almond Mozzarella Cheese",21,16
17923,"Crinkle Cut Fries",129,1
17924,"Seltzer Water",115,7
17929,"Plain 0% Fat Oikos Greek Yogurt",120,16
17931,"Reduced Fat Crackers",78,19
17934,"Red Velvet Creme Cake",8,3
17936,"Beef & Cheese Taquitos",38,1
17944,"Organic Micro Greens Sprouts",83,4
17948,"Frozen Organic Wild Blueberries",116,1
17949,"Mild Cheddar Cheese Sticks",21,16
17953,"Organic Hemp Rose Pure Castille Bar Soap",25,11
17956,"Cocoa Powder",90,7
17957,"Organic Applesauce",99,15
17965,"Sirloin Burger with Country Vegetables Soup",69,15
17966,"Caffeine Free Diet Coke Mini Bottles",77,7
17971,"Texas Brand Pure Raw Unfiltered Wildflower Honey",29,13
17974,"Almond Cashew with Flax + Omega-3 Fruit & Nut Bar",3,19
17979,"Small Batch Authentic Taqueria Tortilla Chips",107,19
17980,"Ezekiel 4:9 Sprouted Whole Grain Cereal Almond",121,14
17982,"Classic Hummus with Rold Gold Petzels Snack",67,20
17983,"Ding Dongs",61,19
17985,"Uncooked Medium Flour Tortillas",128,3
17986,"Caesar Salad Croutons, Restaurant Style",89,13
17987,"Creamy Wheat Hot Cereal",130,14
17988,"Fat Free Vanilla Yogurt",120,16
17993,"Shredded Colby & Monterey Jack Cheeses",21,16
17997,"Popcorn, Mini, Kettle",23,19
17998,"Dark Caraway Crispbread",78,19
18010,"Organic Boneless Skinless Chicken Breasts",49,12
18011,"Espresso Dark Roast Ground Coffee",26,7
18019,"Macaroni & Cheese Dinner Original Flavor",4,9
18020,"Black Raspberry Chocolate Chip Ice Cream",37,1
18022,"Creamy Mints In Pure Chocolate",45,19
18023,"Organic Coconut Water",115,7
18025,"Organic Premium Quinoa",63,9
18026,"English Tea Scones Original",93,3
18027,"Ezekiel 4:9 Bread Organic Sprouted Whole Grain",112,3
18031,"Northwest Berry Blend",100,21
18032,"Christmas Ale",27,5
18035,"New Manhattan Whole Coffee Beans",26,7
18036,"Premium Horseradish",72,13
18037,"Organic Sprouted Wheat Sesame Bagels",93,3
18045,"Clean & Refresh Antibacterial Body Wash, Lavender & Twilight Jasmine",127,11
18048,"Pretzel \""Shells\""",107,19
18049,"Thirst Quencher Caffeine Free Naturally Flavored Citrus Soda",77,7
18052,"Distilled London Dry Gin",124,5
18059,"Fruit and Nut Bar - Peanut Butter Chocolate Chip",3,19
18061,"Honey Nut Cheerios Cereal",121,14
18067,"New York Extra Sharp Cheddar",21,16
18070,"Sparkling Probiotic Drink Strawberry Acai Coconut",31,7
18071,"Blueberry Waffles",52,1
18072,"Organic Gluten Free Elbow Pasta",131,9
18077,"Maximum Strength 150mg Tablets Acid Reducer",70,11
18078,"Wild Arugula",123,4
18079,"Veggie Burger, Quarter Pound",42,1
18090,"Organic Large White Flesh Peach",24,4
18094,"Organic Creamy Deluxe Macaroni Dinner Rotini & White Cheddar Sauce",4,9
18095,"Gluten Free Whole Grain Bagels",93,3
18099,"Premium Cranberries",116,1
18104,"Favorites Alfredo Pasta with Chicken & Broccoli",38,1
18105,"Original Classic Organic Rice Drink",91,16
18109,"Smoked Chicken & Apple Mini Sausages",106,12
18110,"Rice Crackers Sesame",78,19
18113,"Gluten Free Cracklebred Multigrain",78,19
18115,"Light Chicken & Dumpling Soup",69,15
18116,"Teatree Mint Hydrating Shampoo",22,11
18117,"100% Organic Unbleached All-Purpose Flour",17,13
18127,"Sweeper Wet Mopping Pad Refills Open Window Fresh Scent Surface Care",114,17
18134,"Original Coconut Oil Soap",127,11
18135,"Organic Zucchini Squash",83,4
18140,"Organic Fresh Pressed Pure Cranberry Juice",98,7
18150,"Oatmeal Raisin Cookies",61,19
18152,"Liquid Teething Relief",6,2
18156,"Ibuprofen 200 mg Caplets",133,11
18157,"Ice Cream Cashew Chocolate Cookies And Cream Pint",37,1
18159,"Organic Biologique Limes",123,4
18161,"Boneless Center Cut Pork Loin Chops",122,12
18164,"Organic Vanilla Sugar Cookies",100,21
18168,"Golden Raisins",117,19
18171,"Natural Sunflower Spread",88,13
18175,"Organics Chocolate Milk with DHA",84,16
18176,"Organic Strawberry Yogurt & Fruit Snack",92,18
18184,"Organic Just Greens Juice Blend",31,7
18188,"Grilled white meat chicken over cheese tortellini with Italian green beans, red bell peppers, and yellow carrots Creamy Basil Chicken with Tortellini",38,1
18195,"Humm! Greek Olives Hummus",67,20
18200,"Aged White Cheddar Gluten-Free Baked Rice And Corn Puffs",107,19
18201,"Concentrated Bleach, Regular",75,17
18202,"Asiago Cheese Sourdough Bread",112,3
18205,"Peanut Butter Gluten Free Breakfast Bars",48,14
18207,"Organic Creamy Coconut Ice Cream Made With Coconut Milk",37,1
18208,"Ice Cream Cups",103,19
18209,"Raw Wild Natural Honey",29,13
18211,"Special Reserve Extra Sharp Cheddar",21,16
18212,"Cinnamon Rolls",93,3
18215,"Diet Original Lemonade",31,7
18218,"Garden Salad",123,4
18221,"Butternut Squash Tamales with Roasted Green Chiles",13,20
18222,"Pro-Health Multi-Protection Alcohol Free Mouthwash",20,11
18224,"Organic Low Fat Plain Yogurt",120,16
18229,"Plastic Knives",111,17
18230,"Arnica Montana 30X Tablets",47,11
18231,"Cool Mint Tin",46,19
18232,"Beef Skirt Steak",122,12
18233,"Honey 7 Grain Bread",112,3
18234,"Organic Spinach Bunch",83,4
18242,"Fire Roasted Crushed Tomatoes",81,15
18243,"Organic Stage 3 Zucchini Broccoli Medley Baby Food",92,18
18245,"Stainless Steel Wipes",114,17
18253,"Fruit Punch Roarin' Waters",98,7
18254,"All Natural Roasted Garlic Hummus",67,20
18255,"Brightening Hydro Serum Facial Mask",6,2
18256,"FloorCare Lemon Scent Squirt & Mop Hardwood Cleaner",114,17
18260,"Party Mix Crunch Beachside Cat Treats",41,8
18266,"Teriyaki Noodle Bowl",4,9
18267,"Gel Food Colors",97,13
18272,"Slices Cheddar Cheese",21,16
18276,"Yellow Sweet Corn",83,4
18281,"Popped Dark Chocolate with Sea Salt Granola Bar",3,19
18286,"Ramen, Vegan, Miso",69,15
18288,"Sea Salt Potato Chips",107,19
18292,"Panko Breaded Chicken Breast Tenderloins",34,1
18296,"Natural Applesauce",99,15
18301,"Baby Dry Diapers Jumbo Pack - Size 5",56,18
18303,"Organic Spinach",116,1
18306,"Chai Green Tea Bags 16 Count",94,7
18308,"Non Fat Dry Milk Powder",17,13
18309,"Lemon Pepper",104,13
18327,"Deli-Sliced Tamed Jalapeno Peppers",110,13
18333,"Sparkling Water Blackberry Pear",115,7
18337,"Classic Mild Cheddar Macaroni & Cheese",4,9
18339,"100% Lemon Juice",98,7
18340,"Organic Macaroni & Cheese",4,9
18341,"Foamy Regular Shave Cream 11oz Male Shave Prep",55,11
18346,"90 Calories Low Fat Chocolate Chunk Granola Bars",48,14
18348,"Dark Chocolate Pomegranate",45,19
18352,"Flax Plus Organic Pumpkin Flax Granola",57,14
18354,"Raw Whole Flaxseed",17,13
18357,"Pure Cane Sugar Packets",17,13
18358,"Kosher Baby Dills Fresh Pack Pickles",110,13
18359,"Bag of Red Delicious Apples",123,4
18362,"Organic Bread with 21 Whole Grains",112,3
18366,"Garlic Herb Goat Cheese Log",2,16
18369,"High Fiber Bran Crispbread",78,19
18370,"Organic Shredded Mozzarella",21,16
18376,"Wild Skipjack Light Tuna",95,15
18379,"Raspberry Sorbet",37,1
18380,"Original Club Soda",77,7
18382,"Saltine Crackers",78,19
18389,"Blood Orange Italian Soda",77,7
18393,"Mango Baby Breakfast Stage 2",92,18
18394,"Asian Chopped Salad with Dressing",123,4
18405,"Casero Refried Black Beans",59,15
18410,"Organic Smoked Jalapeno Kraut",110,13
18411,"100% Pure Sesame Seed Oil",66,6
18413,"European-Style Cultured Butter",36,16
18418,"Ginger Ale Soda",77,7
18419,"3D White Glamorous White Multi-Care Whitening Fresh Mint Flavor Mouthwash",20,11
18423,"Thin Spaghetti",131,9
18426,"Paper Towels with Thirst Pockets",54,17
18427,"Butter & Garlic Ready Rice",4,9
18429,"Beef & Bean Burrito",38,1
18432,"Sweet Butter Salad",123,4
18434,"Organic Whole Crimini Mushrooms",83,4
18435,"50% Less Sodium Garbanzo Beans",59,15
18436,"Nuts & Spices/Dark Chocolate Almond Mint Nutrition Bar",3,19
18437,"Strawberry Nana Drink",120,16
18439,"Sliced Sourdough Bread",112,3
18441,"Organic Ketchup",72,13
18444,"Apple + Blueberry Fruit Bar",3,19
18453,"Gourmet Thyme",104,13
18455,"Almond Pecan Crunch Nut Clusters",125,19
18460,"Brussel Sprouts",123,4
18461,"Clover Honey Squeeze Bear",29,13
18465,"Organic Grade A Free Range Large Brown Eggs",86,16
18471,"Organic Light Agave Nectar",29,13
18479,"Organic Low Sodium Vegetable Broth",69,15
18483,"Dijon Originale Traditional Dijon Mustard",72,13
18487,"Apples & Blueberries Stage 2 Baby Food",92,18
18488,"Pure Cane Individual Packets Sugar",17,13
18489,"Purina Mixed Grill Classic Pate Cat Food",41,8
18491,"Signature Egg Sausage & Cheese Burritos",52,1
18494,"Lychees In Heavy Syrup",66,6
18498,"Broccoli Florets Steamers",116,1
18499,"Raw Virgin Coconut Oil",19,13
18503,"Light Cream",53,16
18523,"Total 2% All Natural Greek Strained Yogurt with Honey",120,16
18526,"Creamy Roasted Chicken with Herb Dumplings Soup",69,15
18531,"Organic Heavy Whipping Cream",53,16
18534,"Grade A Extra Large Eggs",86,16
18535,"Organic White Mushrooms Pieces & Stems",66,6
18536,"Sonoma Zinfandel",28,5
18537,"Organic Navy Beans No Salt Added Fat Free",59,15
18539,"Moist Supreme Classic Yellow Cake Mix",105,13
18542,"Protein Bar Mint Chocolate",100,21
18543,"Organic Nettle Leaf Tea Bags",94,7
18544,"Organic Chocolate Ice Cream",37,1
18548,"Original Dishwashing Liquid",100,21
18557,"Original Bar BBQ Sauce",5,13
18561,"805",27,5
18563,"Vegan Enchiladas",42,1
18564,"Diet Ginger Ale All Natural Soda",77,7
18566,"Grapefruit Seltzer",31,7
18567,"Low Fat No Chicken Noodle Soup",69,15
18569,"French Lavender Hand Wash",127,11
18576,"Natural Chicken Breast in Water",95,15
18581,"Organic 14 Grain Bread",112,3
18583,"Taboule Salad",13,20
18594,"Emmentaler Swiss Slices",21,16
18596,"Stackers Bread & Butter Pickle Slices",110,13
18598,"Expeller Pressed Coconut Oil Spray",19,13
18599,"Garlic Couscous",4,9
18601,"Roasted Turkey Flavored Gravy Mix",69,15
18602,"Raspberry Wheat Ale",27,5
18603,"Olive & Garlic Tapenade",67,20
18604,"Clean Linen Automatic Spray Air Freshener Refill",101,17
18606,"Moroccan Mint Green Tea",94,7
18609,"Organic Radicchio Castelfranco",83,4
18610,"Cola Soda",77,7
18615,"Organic Guacamole",67,20
18616,"Pain Reliever (NSAID)/Nighttime Sleep Aid, Ibuprofen 200mg",133,11
18618,"Baked Caesar Snapea Crisps",50,19
18625,"Black Beans Refried Beans",59,15
18626,"Original Sugar Free Coconut Milk",91,16
18627,"Berry Protein Power",31,7
18628,"Organic Volcano Rice Ready To Eat Bowl",4,9
18629,"Organic Fruit Yogurt Smoothie Peach Banana",92,18
18632,"WetJet Open Window Fresh Scent Liquid Cleaner Refill",114,17
18634,"Poppy Seed",104,13
18637,"Ritz Crackers And Cheese Dip Handi-Snacks",78,19
18641,"Tomato Goat Cheese & Herbs Pizza",13,20
18643,"Fruit Punch Drink Mix",90,7
18644,"Organic Sliced Bella Mushrooms",123,4
18653,"Super Shreds Superfood Brussels Sprouts",123,4
18656,"Organic Red Potato",83,4
18659,"Flour Tortilla",128,3
18660,"Orange Marmalade",88,13
18667,"Unscented Multi-Pack Plastic Tampons",126,11
18670,"Original Enriched Rice Drink",91,16
18673,"White American Cheese",2,16
18677,"Minis, Coconut Milk, Non-Dairy Frozen Dessert, no sugar added Vanilla Bar",37,1
18681,"Oven Roasted Deli Thin-Sliced Turkey Breast",96,20
18686,"Cookies & Cream Ice Cream Bars",37,1
18689,"Dairy-Free Chive Cream Cheese",108,16
18691,"Tofu Scramble Pocket Sandwich",52,1
18692,"Chipotle and Ancho Vinaigrette Dressing and Marinade",89,13
18696,"Mild Red Enchilada Sauce",30,6
18699,"Diet Iced Tea",94,7
18708,"Organic Turmeric Ginger & Beet Superfoods Bar",3,19
18709,"Oreo Cookies and Cream Frozen Dairy Dessert",37,1
18713,"Diced Fire Roasted W/Garlic Tomatoes",81,15
18718,"Tea Tree Triple Treat Shampoo",22,11
18719,"Chipotle Mayo",72,13
18721,"Baked Rice and Corn Puffs, Aged White Cheddar",107,19
18722,"100% Organic All-Natural Dried Pineapple",117,19
18724,"Russian Lowfat Yogurt, 2% Milkfat",120,16
18725,"Light Very Cherry Yogurt",120,16
18727,"Smoked Apple Sage Sausages",106,12
18733,"Pop-Tarts Frosted Red Velvet Toaster Pastries",48,14
18735,"Anti-Itch Crème",118,11
18740,"Mayonnaise, Chipotle",72,13
18747,"Light Pink Lemonade",31,7
18748,"Pore Minimizing Red Clay Mask For All Skin Types",109,11
18761,"Balsamic Vinegar Of Modena",19,13
18765,"Santa Fe Barbecue Rice Chips MWO Rice Chips",107,19
18770,"Uncured Italian Dry Salami",96,20
18782,"Chocolate Builder's Bar",65,11
18786,"Grapefruit Bag",123,4
18788,"Buttery Pecan Ice Cream",37,1
18790,"Chocolate Favorites Fun Size Variety Pack",45,19
18792,"Goldfish Pretzel Baked Snack Crackers",78,19
18793,"Chocolate & Peanut Butter Shell Topping",103,19
18798,"Kefir, Perfect Blueberry",120,16
18800,"Italian Roast Coffee K-Cups",26,7
18805,"Chocolate Chip Bar",3,19
18806,"Pasteurized Apple Cider",31,7
18811,"Organic Apple Juice",98,7
18813,"Cool Ranch Chips",107,19
18814,"Chicken Bean and Rice Burrito",38,1
18818,"Unsweetened Organic Soy Milk",91,16
18821,"Alive! Multi-Vitamin Cherry, Grape & Orange Gummies for Children",47,11
18826,"Healthy Request Condensed Soup Chicken With Rice",69,15
18828,"Organic Mint Tereré Yerba Mate Blend",94,7
18829,"Dairy Free Grated Parmesan Style Topping",91,16
18830,"Pressed Cool Pineapple",98,7
18838,"Best Cinnamon Bread",112,3
18839,"Gluten Free Mediterranean Crackerz",78,19
18840,"Intense Dark Chocolate with Sea Salt & Roasted Almonds",45,19
18842,"Chocolate Squares Premium Assortment",45,19
18848,"Mexican Blend Cheese",21,16
18849,"Red Chile Enchilada Sauce",30,6
18851,"Apple Cinnamon & Pecan Fruit & Nut Bar",3,19
18855,"Great Grains Crunchy Pecans Cereal",121,14
18860,"Peanut Butter M&Ms",45,19
18867,"Organic Grass fed Creamline Yogurt Vanilla",120,16
18871,"Country Fried Chicken & Gravy Meal",38,1
18873,"Organic Earl Grey Black Tea 16 Count",94,7
18879,"Organic Pre-washed Hearts Of Romaine Lettuce",123,4
18880,"Organic Free Range Low Sodium Chicken Broth",69,15
18881,"Coconut Milk Vanilla Frozen Dessert",37,1
18883,"Honeydew Chunks",123,4
18886,"Blueberry Little Muffins",93,3
18889,"Greek Extra Virgin Olive Oil",19,13
18891,"Classic Almond Butter All Natural",88,13
18893,"Cut Baby Corn",66,6
18895,"Ultra Plush Bathroom Tissue",54,17
18897,"Natural 72% Dark Chocolate With Natural Forest Mint Flavor",45,19
18900,"Chewy Chocolate Chip Cookies",61,19
18901,"Organic Wild Blueberry Fruit Spread",88,13
18902,"Lemon Sorbet",37,1
18903,"Arrabiatta Sauce",9,9
18907,"Light & Fit Greek Crunch Coconut Chocolate Bliss",120,16
18908,"Pizza Dough",58,1
18910,"Thoroughly Clean Face Wash with Organic Tea Tree Oil and Awapuhi, Travel Size",109,11
18915,"Real Vegetable Chips Sweets & Carrots",107,19
18918,"Organic Chopped Spinach",116,1
18923,"Organic Minestrone Soup",1,20
18926,"Fat Free Strawberry Yogurt",120,16
18935,"Specials Sourdough Pretzels",107,19
18938,"Silver® Multivitamin and Multimineral Supplement Adult",47,11
18941,"Organic 70% Dark Chocolate Bar",45,19
18949,"Healthy Request Condensed Homestyle Chicken Noodle Soup",69,15
18952,"Strawberry 1.76 Oz Dairy Snack",120,16
18953,"Deluxe Black Raspberry Fruit Spread",88,13
18956,"Truffle Mousse",67,20
18960,"The Original Firecracker Ice Pop",37,1
18963,"Apple Cider Vinegar",19,13
18971,"Lite Mocha Frappuccino",26,7
18978,"Original Cheese Pizza",79,1
18979,"Black Truffle Oil",19,13
18985,"Capers, Imported Non-Pareil",110,13
18987,"Hot Dog Buns",43,3
18988,"Ultra Soft & Strong® Toilet Paper Double Rolls",54,17
18993,"Organic Cashew Caramel Macrobar",3,19
18994,"Spicy Kimchi",66,6
18998,"Complete ActionPacs Fresh Scent Dishwasher Detergent",74,17
18999,"Veggie Wash",114,17
19002,"Rice Based Formula Vanilla Probiotic",70,11
19003,"Celery",83,4
19005,"Jet-Puffed Marshmallows",17,13
19006,"Dark Chocolate Pretzels with Sea Salt",107,19
19007,"Organic Vegetable Lasagna",38,1
19008,"Vitamin D Full Fat Milk",84,16
19016,"Bread, Artisan, Bake at Home, Fresh Rosemary",112,3
19019,"Uncured Slow Cooked Ham",96,20
19022,"Sharing Gratitude Kombucha",31,7
19025,"Light Italian Dressing",89,13
19034,"Green Bean Chips",107,19
19041,"Chicken Flavor Cup Noodles",66,6
19043,"Fresh Scent Dishwasher Detergent With Dawn",74,17
19044,"Just Apple, Raspberry & Avocado Stage 2",92,18
19046,"Banana & Mango Organic Yogurt & Fruit Snacks ",92,18
19048,"Organic Butternut Squash",83,4
19049,"Peeled Garlic",123,4
19050,"Smoked Mussels",39,12
19051,"Pita Chips, Simply Naked, Party Size",107,19
19053,"Sweetfire Beets",123,4
19054,"Gluten Free Honey Mustard Pretzels",107,19
19055,"Spring Mix & Baby Spinach, 50/50!, Family Size",123,4
19057,"Organic Large Extra Fancy Fuji Apple",24,4
19061,"Asparagus Tips",83,4
19065,"Fire Roasted Salsa",51,13
19068,"Boneless And Skinless Chicken Breast",35,12
19070,"Fantastik Bleach 5-in-1 All Purpose Cleaner",114,17
19076,"Rich & Hearty Chicken & Homestyle Noodles Soup",69,15
19078,"Strawberry Watermelon Sparkling Water",115,7
19080,"All Natural Four Cheese Ravioli",12,9
19084,"Organic Grapefruit",24,4
19086,"Small Cantaloupe",24,4
19087,"Wicked Fresh! Mouthwash - Cool Mountain Mint",20,11
19093,"Organic Brazilian Cashew Nuts Superfood",117,19
19095,"Creamy Four Cheese",4,9
19097,"Light Harvest Peach Yogurt",120,16
19101,"Quinoa, Kale & Red Lentil Soup",1,20
19102,"White Albacore In Water Tuna",95,15
19103,"Active Insect Repellant Aerosol",6,2
19106,"Red Pear",24,4
19115,"Blueberry Pecan Plus Fiber Fruit & Nut Bar",3,19
19116,"Beef Steak with Cranberry & Sriracha",23,19
19125,"Extra Ginger Brew Jamaican Style Ginger Beer",77,7
19128,"Yours Truly Chocolate Covered Cones",42,1
19129,"Lime Ponzu Citrus Seasoned Dressing & Sauce",66,6
19132,"Trail Mix Chewy Granola Bars Dark Chocolate & Nut",48,14
19134,"Crunchy Variety Pack Granola",48,14
19135,"Cajun Turkey Breast",96,20
19138,"Plus Lotion 2 Ply Tissues",54,17
19145,"Dairy Pure Whole Milk",84,16
19146,"Vegetarian Organic Pinto Beans",59,15
19149,"Organique Neem & Pomegranate Toothpaste",20,11
19151,"Double Chocolate Brownie Mix",105,13
19154,"Coconut Fruit Bars",37,1
19155,"Organic 1% Lowfat Milk",84,16
19156,"Fat Free Blueberry Yogurt",120,16
19157,"D-Mannose Powder",47,11
19159,"Pleasure Pack Lubricated Premium Latex Condoms",6,2
19160,"Cake Pans",10,17
19161,"Organic Summer Strawberry Kefir",120,16
19162,"Organic Sesame Tahini",72,13
19165,"100% Egg Whites",86,16
19169,"Fruit & Nut Five Star Bar",45,19
19171,"100% Lactose Free Organic 2% Reduced Fat Milk",84,16
19173,"Orange Calcium & Vitamin D Pulp Free",98,7
19174,"Chicken Enchilada Bowl",38,1
19176,"Chocolate Chip Mini Cookies",61,19
19178,"Vermont Maple Syrup Breakfast Sausage",106,12
19180,"Vegetable Chips, Taro, Sea Salt",107,19
19182,"Vanilla Almond Builder's Protein Bar",65,11
19184,"Apples & Mangoes Fruit Bars",48,14
19185,"Pro-V Daily Moisture Renewal Conditioner",22,11
19189,"Peppermint Tea",94,7
19190,"Curved Panty Liners",126,11
19198,"Strawberry Drinkable Yogurt",100,21
19200,"Truffle, Nut Butter, Cacao Almond",45,19
19202,"Giant Roll Paper Towels",54,17
19204,"Organic Heritage Flakes Cereal",121,14
19208,"Gluten Free Multigrain Bread",112,3
19209,"Onion Bagels, 6 Pre-Sliced,",93,3
19212,"Cherry Almond Chocolate Bar",45,19
19213,"Turkey Pot Pie",38,1
19218,"Lemon Real Brewed Tea",94,7
19220,"Premium Grapefruit Juice Ruby Red",31,7
19221,"Buttery Sticks",36,16
19228,"Belvita Soft Baked Mixed Berry",48,14
19231,"Brussels Sprouts Stalks",83,4
19240,"Organic Fuji Red Apple Chips",107,19
19242,"Original Precision Pour Bleach Gel",75,17
19244,"Grassfed Whole Milk Strawberry Yogurt",120,16
19246,"Cranberry Juice Drink",98,7
19248,"Just Sweet Potato Baby Food",92,18
19251,"Almond Smokehouse Nut & Rice Cracker Snacks",78,19
19254,"Classic Pate Ocean Whitefish & Tuna Dinner Cat Food",41,8
19257,"Mild Green Taco Sauce",30,6
19260,"Hamburger Buns Plain/Sesame 8 Pack",43,3
19261,"Rocky Mountain Sourdough Bread",112,3
19265,"Vanilla Mocha Frappuccino",26,7
19268,"Minestrone Soup",1,20
19272,"Veganic Sprouted Brown Rice Cacao Crisps",121,14
19276,"Whole Nutmeg",104,13
19282,"Escarole",83,4
19283,"Brussels Sprouts, Sprout Halves, Quick Cook",123,4
19284,"Organic Ancient Spice Thins",107,19
19286,"Press And Seal Plastic Wrap",85,17
19292,"Cookie Thins Chocolate Chip Cookies",61,19
19296,"Whole Black Peppercorns",104,13
19298,"Turkey Sausage Breakfast Bowl",52,1
19304,"Currant English Tea Scones",93,3
19309,"Simply Granola Oats Honey Almond Cereal",57,14
19310,"Mashed Sweet Potatoes",129,1
19311,"Almond Flour Tortillas",128,3
19318,"SteviaClear Sweetener",17,13
19322,"Original Flax Milk Dairy Free Protein+",91,16
19333,"Select 100% Whole Wheat Sandwich Rolls",43,3
19337,"Organic Pineapple Crushed",99,15
19340,"Whole Wheat Pre-Sliced Mini Bagels",93,3
19348,"Fat Free Milk",84,16
19350,"Yogurt, Lowfat, Organic, Vanilla Bean",120,16
19351,"Mochi Ice Cream Green Tea - 6 CT",37,1
19354,"Yo Baby Organic Vanilla Yogurt",120,16
19360,"Dairy Free Greek Style Vanilla Coconut Milk Yogurt",120,16
19365,"Nut Bar, Chocolate Chunk",3,19
19366,"Sprouted Organic Cinnamon Raisin English Muffins",93,3
19368,"With Glade Tough Odor Solutions Cat Litter",41,8
19370,"Roasted Tomato Salsa",51,13
19376,"Gluten Free Crunchy Vanilla Cereal",121,14
19380,"Party Mix Barrel",107,19
19382,"Crunch Granola Bar Chocolate Chip",3,19
19384,"Original Almond Milk",91,16
19385,"Channa Masala Indian Cuisine",76,6
19389,"Shredded Low-Moisture Part-Skim Mozzarella Cheese",21,16
19393,"Balsamic Dressing & Marinade",89,13
19394,"Mrktpl Le Ginger Beef",38,1
19398,"Bread, Natural Fitness",112,3
19402,"Sweet Orange Marmalade",88,13
19415,"Roasted Tomato Salsa Serrano-Tomatillo",51,13
19421,"Coconut Milk Vanilla Bean Frozen Dessert",37,1
19423,"Nature's Colors Decorating Set",104,13
19424,"Unsweetened Applesauce",99,15
19427,"Reduced Fat Original Crackers",78,19
19429,"Garlic Chicken White Pizza Frozen Sandwiches",38,1
19436,"Bone Organic Chicken with Ginger Broth",69,15
19437,"High Heat Refined Canola Spray Oil",19,13
19443,"Dark Chocolate Cherry Cashew Plus Antioxidants Bars",3,19
19445,"French Lavender All-Purpose Natural Surface Cleaner",114,17
19446,"Thick & Chunky Salsa",67,20
19448,"Organic Gluten Free & Wheat Free Pumpkin Spice Waffles",52,1
19449,"Fat Free Vitamin A & D Milk",84,16
19450,"Organic Polenta Corn Grits",17,13
19451,"Comforting Chamomile Tea",94,7
19455,"Ndali Vanilla Bean Ice Cream",37,1
19457,"Organic One Ingredient Peanut Butter",88,13
19459,"Small Curd Cottage Cheese",108,16
19461,"Swanson Premium Chicken Breast Chunks",95,15
19467,"Arnica Montana 30 C",47,11
19468,"Classic Yellow Mustard",72,13
19474,"Decaf Mountain Chai",94,7
19477,"Organic Medium Firm Tofu",14,20
19478,"Organic Marinara Pasta Sauce",9,9
19482,"Organic Gluten Free Brown Rice Spaghetti",131,9
19484,"Corned Beef",95,15
19485,"Cultured Buttermilk Blend for Cooking and Baking",17,13
19488,"Select-A-Size White Paper Towels",54,17
19492,"Mocha Mexica Cold Brew Coffee With Almond Milk",26,7
19495,"Variety Pack Snack Stacks",107,19
19496,"Extra Fresh  Body + Face Bar",127,11
19500,"Nutter Butter Peanut Butter Creme Patties",61,19
19503,"Udon Soup Bowl",66,6
19505,"Sliced Mushrooms",83,4
19508,"Corn Tortillas",128,3
19510,"Roasted Garlic Chicken Sausage",106,12
19511,"Half And Half",53,16
19513,"Moroccan Argan Oil + Argan Stem Cell Triple Moisture Conditioner",22,11
19517,"Gourmet Baby Cucumbers",123,4
19519,"Organic Bay Leaves",104,13
19529,"Mangoes",24,4
19535,"Signature Recipes Creamy Alfredo Pasta Sauce",9,9
19537,"Facial Cleansing Gel with  Superfruit + Chlorella Growth Factor",109,11
19538,"Italian Kitchen Red Wine Vinegar",19,13
19539,"Rice Sides Chicken Flavor",4,9
19542,"Organic Green Superfood Chocolate Chip Coconut Bar",3,19
19548,"Organic Lightly Roasted Crunchy Peanut Butter",88,13
19558,"Raw Honey",29,13
19559,"Rosemary Truffle Gourmet Popcorn",23,19
19562,"Double Cream Chive Vegan Cashew Cheese",91,16
19570,"Sunburst Tangerine",24,4
19571,"Organix Grain Free Chicken & Vegetable Dog Food",40,8
19575,"Cultured Soy Vanilla Yogurt",120,16
19578,"Ultra Comfort Care Clean Ripple Bath Tissue",54,17
19583,"Hearty Garlic Deli Style Sandwich Slices Pickles",110,13
19584,"Dairy Pure 2% Milkfat Reduced Fat Milk",84,16
19585,"Twinkies",61,19
19591,"Greek 100 Calories Key Lime Fat Free Yogurt",120,16
19600,"Classic Meal for 2 Chicken Florentine & Farfalle",38,1
19604,"Medium Scarlet Raspberries",24,4
19610,"Mini Kumato Tomatoes",83,4
19611,"Organic Spelt Pretzels",107,19
19612,"Organic Light in Sodium Low-Fat Minestrone Soup",69,15
19613,"Organic Dandelion Greens",83,4
19614,"Lowfat Kefir Smoothie Strawberry",120,16
19615,"Sliced Bacon",106,12
19619,"Deluxe Bagels Onion",93,3
19620,"Butter Rich Maple Syrup",29,13
19622,"Greek Yogurt Crunch",45,19
19624,"Plain Tortilla Strips",107,19
19625,"Organic Chicken & Vegetable Potstickers",129,1
19626,"Baby Brussel Sprouts",123,4
19627,"Butternut Squash Pear Stage 2 Baby Food",92,18
19628,"Organic Blueberries Package",18,10
19634,"Protein Lovers Breakfast Burrito",38,1
19635,"Rose Black",31,7
19638,"Simply Jif Creamy Peanut Butter",88,13
19643,"Lay's Wavy Original Potato Chips Family Size",107,19
19649,"Japanese Udon Noodles",66,6
19650,"Toasted Almond Rice Pilaf Mix",4,9
19653,"Rich Taste Extra Virgin Olive Oil",19,13
19658,"Hash Brown Potato Patties",129,1
19659,"Crunchin' 123 Sesame Street Veggie Crackers",92,18
19660,"Spring Water",115,7
19662,"Valerian Root Vegetarian Liquid Phyto-Caps",47,11
19664,"Arnold Palmer Lite Half Tea & Half Lemonade",94,7
19671,"Organic & Natural Cotton Panty Liners",126,11
19674,"Orange Gelatin",71,16
19675,"Organic Raspberry Black Tea",94,7
19677,"Original Pure Creamy Almond Milk",91,16
19678,"Organic Russet Potato",83,4
19689,"Milk Chocolate Eggs, Candy Coated",45,19
19691,"Green Seedless Grapes",32,4
19702,"Original Black Tea Brew Kombucha",31,7
19706,"Organic Nectarine",24,4
19709,"El Ciprés Whole Bean Coffee",26,7
19711,"Sorbet Pops Strawberry",37,1
19712,"Tamarind Black Tea Probiotic Kefir Water Tea Tonic No. 1",94,7
19723,"Soft Family 100% Whole Wheat Bread",112,3
19724,"Raw Shelled Hemp Seeds",117,19
19731,"Organic Orange Juice With Calcium & Vitamin D",31,7
19734,"Classic Mix Variety",107,19
19736,"Rosemary Crackers",78,19
19744,"Original Matador Beef Jerky",23,19
19745,"Silicone Ice Cube Tray",10,17
19750,"Thick Cut Bologna",96,20
19765,"Rice & Wild Rice Original Rice & Seasoning Mix",63,9
19766,"Ultra Thin Slices Swiss Cheese",21,16
19767,"Old Fashioned Oatmeal",130,14
19769,"Zero Calorie Tonic Water",6,2
19773,"Walnut Butter, Raw, with Cashews",88,13
19775,"Vegetarian No Chicken Base",69,15
19777,"Roasted Garlic And Artichoke Hummus",51,13
19781,"Redline Espresso Whole Bean Coffee",26,7
19782,"Smoked Mozzarella",2,16
19784,"14 Oz Half And Half",53,16
19794,"Toasted Coconut Chips Caramel Sea Salt",50,19
19799,"Flackers Dill Flax Seed Crackers",78,19
19800,"All Natural Unsalted Donkey Authentic Tortilla Chips",107,19
19801,"Sauvignon Blanc Wine",62,5
19809,"Crispy Crust Pepperoni Pizza",38,1
19811,"Honey + Ginger Beets",123,4
19812,"Brown Rice & Black Beans",63,9
19813,"Warm & Crunchy Honey Almond Granola",130,14
19814,"Green Tea With Ginseng And Honey",94,7
19816,"Sonoma Traditional Flour Tortillas 10 Count",128,3
19818,"Banana on the Bottom Greek Yogurt Low-Fat Yogurt",100,21
19819,"Organic Whole Milk Yogurt",120,16
19820,"Grassmilk 2% Reduced Fat Milk",84,16
19821,"Chocolate Chip",3,19
19822,"Kosher Red Apple Havarti Shingles",33,6
19828,"Red Delicious Apples",24,4
19835,"Strawberry Blended Non Fat Greek Yogurt",120,16
19836,"Original Breakfast Sausage Links",106,12
19840,"Pop-Tarts Frosted Cookies & Creme Toaster Pastries",48,14
19844,"Barramundi",34,1
19845,"Dandelion Leaf & Root Tea",94,7
19846,"The Original Fruit and Nut Food Bar - Peanut Butter Cookie",3,19
19850,"Mashed Potatoes Garlic ID 525 Refrigerated Sides",129,1
19858,"Dairy Free Gluten Free Strawberry Cheesecake",61,19
19862,"Organic Brown Rice Snaps Unsalted Plain",78,19
19863,"Classic Potato Chips",107,19
19875,"Organic Yogurt Original Plain",120,16
19876,"Organic Peach Vanilla Beverage",31,7
19884,"Extreme Whitening Baking Soda & Peroxide Advance White Toothpaste",20,11
19886,"Kidney Beans",59,15
19887,"Unsweetened Vanilla Almond Breeze",91,16
19893,"Almond Breeze Almond Coconut Milk",91,16
19894,"Enlightened Organic Raw Kombucha",31,7
19895,"Sliced Prosciutto",96,20
19898,"Mac & Cheese with Chicken",38,1
19901,"Pure Vanilla Protein Superfood Packet",65,11
19904,"Organic Creamy Butternut Squash Soup",69,15
19906,"Fresh Whole White Mushrooms",83,4
19910,"Old Fashioned Nutty Chunky Peanut Butter",88,13
19911,"Little Movers Diapers Size 5",56,18
19912,"Turkey Sandwich",13,20
19915,"No Sugar Added Apple Sauce",99,15
19933,"Crescent Butter Flake Dinner Rolls",105,13
19934,"Fat Free Smooth & Creamy Plain Organic Yogurt",120,16
19935,"Classic Burger Rolls 8 Count",43,3
19938,"Extra Wide Egg Noodles",131,9
19939,"Traditional Zuppa Toscana Tuscan White Bean Soup",69,15
19948,"All Natural Berry Blast 100% Juice Smoothie",31,7
19950,"Cauliflower Pizza Crusts",128,3
19951,"Caramel Macchiato Granola Bars",3,19
19953,"Pink Grapefruit",115,7
19963,"Instant Pro Banana Nut Oatmeal",130,14
19964,"Organic Raspberry Leaf Herbal Tea",94,7
19966,"Spicy Shrimp Avocado Roll",13,20
19970,"Gourmet Mochi Ice Cream Vanilla Bonbons",37,1
19972,"Semi-Sweet Chocolate Morsels",17,13
19977,"Light & Fit Greek Cherry Yogurt",120,16
19981,"No Sugar Added Sliced Peaches",99,15
19982,"Part Skim Ricotta",108,16
19986,"Mediterranean Crusted Salmon Fillets",34,1
19987,"Breakfast Raspberry Chia Bars",48,14
19990,"Ultimate Flora Probiotic Sour Gummies",65,11
19991,"Egg Fettuccine",131,9
20002,"Creepy Critter Sugar Cookies",61,19
20009,"Mild Pico De Gallo Bean and Rice Chips",107,19
20011,"Pizza, Italiano, Meatless Italian Sausage & Mushroom",79,1
20014,"French Bread Pizza Pepperoni",79,1
20015,"Grandma's Hummus",67,20
20017,"Greek Yogurt Style Nonfat Yogurt",120,16
20019,"Lowfat Kefir Smoothie Blueberry",120,16
20021,"Original French Fried Onions",89,13
20022,"Granulated White Cane Sugar",17,13
20024,"Soft Regular Indicator Toothbrush",20,11
20031,"Blackeye Peas",81,15
20034,"Potted Basil",16,4
20039,"Sea Salt & Pepper Popcorn",23,19
20040,"66 Calorie Unfiltered Ginger Ale",77,7
20042,"Homemade Pizza Sauce",9,9
20052,"Organic Cinnamon Sticks",104,13
20061,"Organic Grass Fed Creamline Yogurt Plain",120,16
20063,"Hazelnuts in Milk Chocolate, 33% Cocoa",45,19
20067,"Original Plain Mega Probiotic",47,11
20070,"Smoked Wild Sockeye Salmon",15,12
20073,"Jazz Apple",24,4
20076,"RRRuffles Have Ridges Reduced Fat Potato Chips",107,19
20082,"Organic Whole Milk with DHA Omega-3",84,16
20084,"Pineapple Apple Mint Organic Cold Pressed Juicd",31,7
20086,"Green Chilly Beef & Bean",38,1
20097,"Fresh Scent Bathroom Cleaner",114,17
20112,"Garbage Bags Small - 30 CT",60,17
20113,"Organic Gluten Free Buckwheat Wildberry Waffles",52,1
20114,"Jalapeno Peppers",83,4
20115,"Organic Trail Mixer Gluten Free Chewy Granola Bars",3,19
20118,"Krinkle Cut Sea Salt Potato Chips",107,19
20119,"Sparkling Water Berry",115,7
20122,"Barbecue Bean & Rice Chips",107,19
20126,"Salt",104,13
20127,"Organic Lentil Beans",59,15
20137,"Broccoli Cheddar Soup",1,20
20141,"Original Salsa",30,6
20142,"Super Smooth Pears Pears Pears Puree 1 (from 4 Months)",92,18
20144,"Organic Pack Peasant Bread",112,3
20148,"Organic Garlic Bulbs",123,4
20149,"All Natural 100% Egg Whites",86,16
20152,"Sleepytime Herbal Tea",94,7
20153,"Eat Your Colors Purples Puree Baby Food",100,21
20155,"Red Plumcots",24,4
20156,"Mixed Berry Yogurt",120,16
20157,"Hummus Spicy Avocado",51,13
20158,"Tofu Firm",14,20
20161,"100% Liquid Egg Whites",86,16
20163,"Organic Santa Fe Style Chicken Soup",69,15
20166,"Dog Snacks, Medium",40,8
20168,"Organic Sunflower Seed Spread",88,13
20169,"Annie Peely Fruit 4.5 Z",50,19
20171,"White Bread",112,3
20175,"The Original Vanilla Ice Cream Sandwich",37,1
20178,"Organic Quinoa Dark Chocolate Bar",45,19
20183,"Strong Honey Smoked BBQ Almond Protein Bar",3,19
20186,"Almond Flour Fine Ground Sea Salt Crackers",78,19
20191,"General Mills Multi-Grain",121,14
20195,"Prosecco Treviso",134,5
20197,"Natural Muenster Cheese Slices",21,16
20198,"Organic Pumpkin Chips",50,19
20199,"HUMMUS 10OZ  YELLOW LENTIL EAT WELL",67,20
20200,"Organic Broth Ramen",4,9
20207,"Hot Chicken Tenders",13,20
20211,"Fresh & Fruity Arbequina Extra Virgin Olive Oil",19,13
20215,"Tuna Noodle Casserole",38,1
20217,"Mini Marshmallows",17,13
20220,"Sugar Free Low Calorie Gelatin Dessert Strawberry",105,13
20221,"Rib Rub Seasoning",5,13
20224,"Beer, Brown Ale, Turbodog, 6 Pack, Multipack",27,5
20230,"Organic Maple Creamline Yogurt",120,16
20239,"Ice Cream Bars With Reese's Peanut Butter Cups",37,1
20240,"Organic Mlk Chocolate Bar",45,19
20244,"With Stainlifters Free Clear 94 Loads Laundry Detergent",75,17
20246,"Lite Cheese Presliced Bonus Pack",21,16
20247,"Organic Extra Large Eggs",86,16
20250,"Homestyle Corned Beef Hash",59,15
20251,"Honeysuckle Dryer Sheets",75,17
20253,"Raspberry Danish Twist",61,19
20255,"Tomato Purée",81,15
20259,"Special K Sausage, Egg & Cheese Flatbread Breakfast Sandwich",52,1
20269,"Chocolate Peanut Butter Builder's Bar",65,11
20272,"Morning Fog Chardonnay",62,5
20274,"Dark Chocolate with Mint",45,19
20280,"Jumbo Lump Crab Cake",39,12
20281,"Scoops! Corn Snacks",107,19
20282,"Blue Machine 100% Juice Smoothie",31,7
20286,"Drawstring Tall Kitchen Bags",60,17
20291,"Biotrue Multipurpose Solution",44,11
20297,"Original Animal Crackers",78,19
20298,"Diet Green Tea with Ginseng",94,7
20299,"Apricot Conserves",51,13
20302,"Quick Oats",130,14
20303,"Organic Cream Of Mushroom Soup",69,15
20305,"Bacon Breakfast Bowl",52,1
20307,"Single Origin 3",26,7
20309,"Authentic French Chocolate Swirl Brioche",93,3
20314,"Crunch Time",88,13
20316,"Flax Plus Maple Pecan Crunch Cereal",121,14
20320,"Lactose and Fat Free Milk",84,16
20323,"Strained Tomatoes",81,15
20324,"Lavender Harvest Aromatherapy Mist",101,17
20327,"Organic All Natural Blueberry Mini Waffles",52,1
20332,"Spiced Apple Cider Original Instant Drink Mix",90,7
20339,"Chocolate Protein Soy & Dairy Protein Shake",31,7
20345,"Thin Crust Pepperoni Pizza",79,1
20353,"Organic Fire Roasted Tomato Pasta Sauce",9,9
20355,"Proactive Health Indoor Weight & Hairball Care with Chicken Cat Food",41,8
20360,"Tall Kitchen Drawstring 13-Gallon Trash Bags",60,17
20361,"Winterfrost Sugar-Free Gum",46,19
20367,"Natural Mint Gum",46,19
20370,"Garlic Salt Coarse Ground with Parsley",104,13
20377,"Water Chestnuts, Sliced, No Salt Added",66,6
20378,"Chicken Broth",69,15
20379,"Organic Free Range Large Grade A Brown Eggs",86,16
20380,"Blueberry Oats and Quinoa Whole Grain Snack",92,18
20382,"Natural Honey Peanut Butter",88,13
20383,"Pepper Greens",123,4
20384,"The Peruvian Burrito",38,1
20385,"Raw Manuka Honey",29,13
20391,"Tamale Bean Cheese",13,20
20392,"Hair Bender Whole Bean Coffee",26,7
20395,"Smoked Turkey Bacon",106,12
20396,"Organic Himalayan Raw White Honey",29,13
20400,"Thin & Crispy Pizza Revolution",79,1
20404,"Mint Chip Almond Milk Non-Dairy Frozen Dessert",37,1
20406,"Roasted Unsalted Almonds",6,2
20410,"Tofu Shirataki Fettuccine Noodle Substitute",66,6
20413,"Berry Pomegranate Chia Energy Bar",3,19
20414,"Big Slice American Cheese Slices",21,16
20417,"MultiHealth Fiber Capsules",70,11
20423,"Unfiltered Original Ginger Ale",77,7
20428,"Resealable Snack Bags",85,17
20431,"Organic Ranch Dressing",89,13
20433,"Sea Salt Caramel & Dark Chocolate",45,19
20434,"Sardines in Olive Oil",95,15
20435,"Oregon Marionberry Lowfat Yogurt",120,16
20437,"Ciabatta Baguette",112,3
20440,"Raspberry Passion Perfect Energy Tea",94,7
20441,"Organic Coconut Almond Granola",6,2
20443,"Pita Bites, Original Sea Salt",78,19
20448,"Organic Raisins",117,19
20456,"Beers Of Summer Variety Pack Beer",27,5
20460,"Organic Quick Cooking Rolled Oats",130,14
20463,"Organic Fat-Free Milk",84,16
20467,"All Natural Chicken Sausage Roasted Pepper & Asiago",106,12
20468,"Recipe Secrets Onion Soup & Dip Mix",69,15
20470,"Classic Potato Hotdog Buns 8 Pk",43,3
20481,"Four Cheese Pizza Flaky Crust Frozen Snacks",38,1
20482,"Hazelnut Soy Creamer",91,16
20483,"Cherry Flavored Allergy",11,11
20489,"Dark Chocolate with Pomegranate",45,19
20490,"Pumpkin Banana Mighty 4 Bars",92,18
20496,"Zero Kiwi Strawberry Nutrient Enhanced Water",64,7
20500,"Thai Ginger Instant Rice Noodle Soup",66,6
20511,"Gelato Indulgences Chocolate Caramel",37,1
20512,"Original Cereal",121,14
20515,"Long Lasting Highly Absorbent Utility Sponges",114,17
20516,"Maximum Strength Laxative",70,11
20518,"Club Delight Sausage, Egg, & Cheese Sandwiches",106,12
20520,"Mild Diced Green Chiles",81,15
20524,"Less Salt Soy Sauce",66,6
20528,"Organic Medium Cheddar Cheese",21,16
20534,"Whole Kernel Golden Corn",81,15
20539,"Healthy Kids Chicken Alphabet Condensed Soup",69,15
20540,"Clinical Strength Secret Clinical Strength Smooth Solid Women's Antiperspirant & Deodorant Light & Fresh Scent",80,11
20541,"Sesame Crispbread",78,19
20542,"Lime Ginger Lemon Agave",31,7
20548,"Salsa, Texas, Hot",51,13
20549,"Organic Orzo",131,9
20553,"Carb Balance Whole Wheat Flour Burrito Tortillas",128,3
20555,"Snickerdoodle Cookies",8,3
20561,"Brownberry 100% 12 Grain Bread",112,3
20564,"Organic Chewy Peanut Butter Banana Bites",50,19
20567,"Organic Regular Cotton Tampons No Applicator",126,11
20573,"Soap, French Milled Oval, Lavender Fields",25,11
20574,"Roasted Turkey",96,20
20576,"Refresher Bluberry Acai",64,7
20577,"Bread Rolls",43,3
20578,"Mustard, Sweet Hot",72,13
20580,"Original Real Vegetable Chips",107,19
20583,"Sourdough Baguette",112,3
20588,"Vegan Buttery Sticks",91,16
20589,"Veggie Bologna Deli Slices",14,20
20590,"Disinfecting Wipes Fresh Scent",114,17
20591,"Italian Bread",112,3
20597,"Chocolate Vanilla Mochi Ice Cream",37,1
20598,"Thousand Island Salad Snax",50,19
20599,"Unsalted Roasted Cashews",6,2
20600,"Sweet & Salty Kettlecorn",23,19
20601,"Organic Young Thai Coconut",24,4
20604,"& Go! Hazelnut Spread + Pretzel Sticks",88,13
20607,"Fresh Vanilla Odor Shield Tall 13 Gallon Drawstring Bags",60,17
20608,"Grapeseed Oil",19,13
20609,"Sesame Street Bert & Ernie's Berry 100% Juice",98,7
20610,"Cocktail Rye Bread",112,3
20613,"Arizona Sunset Enchilada Soup Mix",69,15
20622,"Tahitian Vanilla Gelato",37,1
20629,"Organic Crescent Rolls",100,21
20631,"Organic Spring Vegetables & Pasta Stage 3 Baby Food",92,18
20632,"Mache Rosettes French Salad Mix",123,4
20634,"5.3 oz Sarvecchio Parmesan Wedge",21,16
20636,"Pure Sport Body Wash",127,11
20638,"Coconut Sugar Pure & Unrefined",17,13
20640,"Sea Salt, Nature's First, Fine",104,13
20641,"Pop Tarts Variety Pack",48,14
20649,"Refresh-Mint Chewing Gum",46,19
20653,"Tomato Sauce with Sea Salt",81,15
20654,"Mozzarella Cheese Shreds",21,16
20658,"Mega Pack Everyday Plates",111,17
20659,"Oikos Triple Zero Greek Strawberry Yogurt",120,16
20660,"Mint Chocolate Chip Frozen Coconut Dessert",37,1
20670,"Organic Lentil Vegetable Soup",69,15
20674,"Golden Fries French Fried Potatoes",129,1
20678,"Angel Whispers Candle",101,17
20682,"Cinnamon Raisin Swirl Pre-Sliced Bagels",93,3
20693,"100% Recycled Facial Tissue",54,17
20697,"Organic Pure Lime Juice",98,7
20699,"Natural Care Baby Wipes",56,18
20703,"Broad Noodles",131,9
20704,"Brut",134,5
20706,"Corned Beef Hash",95,15
20707,"Organic Flaky Biscuits",100,21
20708,"Traditional New England Clam Chowder Soup",69,15
20710,"Reduced Fat Swiss Cheese",2,16
20711,"Choose-A-Size White Paper Towels 8 Giant Rolls",54,17
20720,"Bear Clover Premium Honey",29,13
20721,"Jumbo Shells Pasta",131,9
20723,"Probiotics Tropical Green Juice Drink",31,7
20729,"Tasty Treasures Ocean Fish, Tuna & Cheese in Sauce Cat Food",41,8
20733,"Bar Dark Chocolate Hazelnut Bar",45,19
20734,"Organic Medjool Dates",117,19
20738,"Plain Bagels",93,3
20740,"Omega-3 Buttery Spread",91,16
20742,"with Xylitol Minty Sweet Twist 18 Sticks Sugar Free Gum",46,19
20747,"New Orleans Style Original Red Beans and Rice Mix",4,9
20754,"Mediterranean Mint Gelato",37,1
20756,"Lavender Rosemary Shampoo For Normal Hair",22,11
20757,"Say Cheese! Crispy Whole Grain Baked Crackers",78,19
20760,"Pork Breakfast Sausage",106,12
20762,"Sweet Apple Chicken Sausage",106,12
20767,"Organic Peppermint Herbal Tea",94,7
20769,"Decaf Chai Latte",94,7
20770,"All Natural Peppered Beef Jerky",23,19
20772,"Quatro Formaggi Four Cheese Pizza",79,1
20774,"Caramel Macchiato Coffee Creamer",53,16
20776,"Organic Quinoa",63,9
20779,"Pearl Super Absorbency Unscented Tampons",126,11
20781,"Original Sambucus For Kids Bio Certified Elderberry",11,11
20785,"Extra Sharp Aged Cheddar Cheese slices",21,16
20786,"Deli Style Parmesan Caesar Croutons",89,13
20788,"Olive Oil & Sel Gris Sourdough Flatbread",128,3
20791,"Bedtime Tea",94,7
20794,"Kombucha, Organic Raw, Citrus",31,7
20796,"Pepperoni Bagel Bites",129,1
20802,"for Tots Apple Juice",98,7
20805,"Pasteurized Crab Meat",39,12
20811,"Gourmet Organic Thyme",104,13
20812,"Whole Grain Crackers",78,19
20815,"Unsalted 65%  Vegetable Oil Spread",36,16
20818,"Cotton Candy Grapes",24,4
20823,"Banana Quick Bread and Muffin Mix",105,13
20824,"Lemon & Lime Blossom Scent Disinfecting Wipes",114,17
20828,"Original Medium Picante Sauce",51,13
20837,"Mocha Coffee Concentrate",26,7
20838,"Dark Chocolate With Almonds",45,19
20840,"Classic Vanilla Flavor Marshmallow Minis",17,13
20842,"Total 0% Greek Yogurt",120,16
20844,"Doublemint Gum",46,19
20850,"Chocolate Cacao Raw Fit Protein Powder",65,11
20851,"Filtered Fresh 2% Reduced Fat Milk",84,16
20852,"Florida's Natural 100% Orange Juice Some Pulp",31,7
20854,"Classic Red Tomato Sauce",9,9
20860,"Turkey Flavor Cat Treats",41,8
20862,"Vanilla Frappuccino",26,7
20864,"Toilet Wand with Storage Caddy Starter Kit",114,17
20869,"Yellow Potato",83,4
20870,"Gourmet Mixed Organic Fingerlings Potatoes",123,4
20876,"Crunchy Peanut Butter Energy Bar",3,19
20877,"Beef & Bean Burritos",38,1
20878,"French Lavender Hand Soap",25,11
20880,"Gluten Free Veggie Lovers Thin Crust Pizza",79,1
20883,"Carving Board Slow Cooked Ham",96,20
20887,"Feta Crumbles Cheese",21,16
20888,"Total 2% Lowfat Greek Strained Yogurt Blueberry - 4 PK",120,16
20890,"Baked Grilled Cheese Corn Puffs",107,19
20894,"Light & Fit Nonfat Vanilla Yogurt",120,16
20896,"C&W Frozen Petite Sweet Corn",116,1
20898,"Ranch Classic Dressing",89,13
20899,"Goo Berry Pie Probugs Kefir",120,16
20904,"California Roll Sushi",13,20
20906,"Rice and Corn Puffs, Baked, Veggie",23,19
20908,"Taco Shells",4,9
20909,"Aloe Vera Juice",47,11
20910,"Goldfish Dory",78,19
20914,"Dairy Milk Fruit & Nut Chocolate Bar",45,19
20915,"Mozzarella Light Low Moisture Part Skim String Cheese",21,16
20916,"Original Sparkling Mountain Spring Water",115,7
20919,"Baby Spinach Salad",123,4
20920,"Sage",16,4
20931,"Black Mission Figs",123,4
20935,"Seasoned Everything Flatbread",78,19
20938,"Super Soft Yellow Corn Tortillas",128,3
20939,"Honey Mustard Yogurt Dressing",89,13
20940,"Organic Low Fat Milk",84,16
20943,"Gluten Free Apple Cinnamon Waffles",52,1
20947,"Passionberry Bliss Kombucha Drink",31,7
20955,"Cereal",121,14
20957,"Whole Grain Rice Cereal",92,18
20960,"Peppermint 16 Pieces Sugar Free Gum",46,19
20964,"Organic American Pasteurized Process Cheese Product",21,16
20973,"Glass Cleaner Spray",114,17
20977,"The Natural Whipped Topping",108,16
20985,"Trail Mix Fruit & Nut Chewy Granola Bars",3,19
20989,"Meritage Espresso Whole Bean Coffee",26,7
20995,"Organic Broccoli Florets",116,1
21000,"Cold Brew Coffee Almond Milk",91,16
21002,"Meatless Vegan Jerky Seitan Thai Peanut",23,19
21009,"Crispy Wheat, Crackers",78,19
21010,"Organic Crushed Tomatoes with Basil",81,15
21011,"Condensed Cream of Chicken Soup",69,15
21012,"Vinegar, Balsamic, of Modena",33,6
21019,"Roasted Red Pepper Hummus",67,20
21022,"Imported Grated Parmesan",21,16
21024,"Simply Blue Corn Tortilla Chips",107,19
21025,"Lasagna Pans",10,17
21027,"Organic Hazelnuts",117,19
21034,"Sicilian Extra Virgin Olive Oil Tin",19,13
21037,"Grass Fed Beef Stew Meat",122,12
21038,"Organic Spelt Tortillas",128,3
21040,"Lavender 100% Pure Essential Oil Calming",101,17
21043,"Sumo Mandarin",100,21
21047,"Villalobos, Caturra, Catuai Coffee",26,7
21050,"Bathroom Tissue, 1‑Ply, 1000 Sheet Rolls",54,17
21051,"Baba Ghannouge Eggplant Dip",67,20
21053,"Almond Snack Crackers",78,19
21057,"Organic Brown Rice Spaghetti",131,9
21059,"Chipotle Chicken & Corn Chowder RTS Soup",69,15
21067,"Reduced Fat Sliced Provolone Cheese",21,16
21070,"Lightly Sweet Popcorn",23,19
21072,"Organic Blackberry Sorbet Bars",37,1
21077,"Cara Cara Navel Orange",24,4
21079,"French Vanilla Flavored Medium Roast Ground Coffee",26,7
21081,"Organic Green Berry Shake",31,7
21083,"Corn Puffs with Aged White Cheddar (Lunch Packs)",23,19
21090,"12 Hour Chest Congestion",11,11
21092,"Organic 100% Pure Dark Amber Maple Syrup",29,13
21095,"Barbecue Chipotle Cheddar Tamales",13,20
21096,"Sea Salt Kettle Cooked Potato Chips",107,19
21100,"Peanut Chocolate Candy",45,19
21102,"Arbosana Extra Virgin Olive Oil",19,13
21108,"Cherry Vanilla Creme Soda",77,7
21115,"Oikos Greek Vanilla Yogurt",120,16
21116,"Whole Kernel Corn",81,15
21123,"Urinary Tract Health Formula Dry Cat Food",41,8
21125,"Organic Coconut Chia Granola",121,14
21131,"Lemon-Lime Fridge Pack Soda",77,7
21133,"Spreadable Butter with Olive Oil & Sea Salt",36,16
21137,"Organic Strawberries",24,4
21141,"3 Mint Tea",94,7
21142,"Brown Fig",24,4
21143,"Wakame, Pacific, Silver Grade, Ready-to-Use",66,6
21150,"Fire Grilled Steak Bowl",38,1
21152,"English Peas",116,1
21153,"Farmhouse Oatmeal Hearty Sliced Bread",112,3
21158,"Everything Bagel",93,3
21162,"Organic Mixed Berry Yogurt & Fruit Snack",92,18
21169,"Chile Picante Plantain Chips",107,19
21170,"Microwaveable Mac & Cheese",4,9
21174,"I Heart Baby Kale",123,4
21177,"Natural Hand Sanitizer Alcohol Free",25,11
21183,"Organic Gold Beet Bunch",83,4
21186,"Gummi Candy, Peaches",45,19
21187,"Classic Macaroni & Beef in Tomato Sauce",38,1
21194,"Chickpeas! Pasta Shells",131,9
21195,"Organic Extra Virgin Olive Oil",19,13
21196,"Organic Smooth Wheat Bread",112,3
21197,"Roasted Garlic & Cheddar Instant Potatoes",4,9
21198,"Coconut Milk Non Dairy Frozen Dessert No Sugar Added Mint Chip",37,1
21203,"Carrot Juice Organic Pure Originals",31,7
21205,"Tortellini 3 Cheese Pasta",13,20
21206,"English Breakfast Black Tea",94,7
21225,"Honey Bunches With Almonds Cereal",121,14
21227,"Smart Dogs Veggie Hot Dogs",14,20
21230,"Organic Himalayan Pink Popcorn",23,19
21238,"Salami",96,20
21240,"Orange Sports Drink",64,7
21241,"Shower Fresh Invisible Solid Women's Antiperspirant & Deodorant",80,11
21242,"Healthy Multgrain Wp Bread",112,3
21243,"Simple Favorites Chicken Fettuccini Frozen Entree",38,1
21246,"Mild Enchilada Sauce",30,6
21249,"Organic Ramen Noodles",66,6
21250,"Fresh Heavy Duty Scrub Sponges",114,17
21252,"Outshine Pomegranate Fruit Bars",37,1
21253,"Whole Grain Dry Rye Crisp Bread",78,19
21256,"Punjab Potatoes Indian Cuisine",4,9
21260,"Peanut Butter Cups",45,19
21261,"Ice Cream Sandwich",37,1
21263,"Organic Whole Grain Quinoa Flour",17,13
21265,"Reconstituted Lemon Juice",98,7
21267,"Sourdough Bread",112,3
21269,"Sprouted Wheat Onion & Poppyseed Bagels",93,3
21272,"13 Gallon Tall Kitchen Drawstring Bags",60,17
21273,"Grade A Pasteurized Fat Free Cottage Cheese",108,16
21278,"All Purpose Crushed Tomatoes",81,15
21280,"Organic Stone Ground Mustard",72,13
21281,"Café Steamers Grilled Chicken Marinara",38,1
21283,"Otria Spinach Artichoke Greek Yogurt Veggie Dip",67,20
21288,"Blackberries",24,4
21289,"Cultured Vanilla Coconut Milk",120,16
21291,"Organic Cheddar Crazy Bugs Macaroni & Cheese Dinner",69,15
21292,"Rainbow Bell Peppers",32,4
21293,"Dry Roasted Lightly Salted Peanuts",117,19
21294,"Curry Tiger Burrito",38,1
21295,"Organic Spaghetti Squash",83,4
21302,"Original Very Emollient Body Lotion",25,11
21303,"Lean Protein & Fiber Bar Chunky Chocolate Peanut",3,19
21307,"Original W/Beans Chili Con Carne",59,15
21313,"Brie Cheese",2,16
21314,"Canned Meat 25% Less Sodium",95,15
21316,"Vegetarian Tangy Sauce With Brown Sugar & Spices Baked Beans",59,15
21317,"Diet Trop-A-Rocka Tea",94,7
21323,"Organic Cotton Intimate Wipes",126,11
21324,"Raisins Canister",117,19
21326,"Organic Apple",117,19
21329,"Organic Hearty Split Pea & Uncured Ham Soup",69,15
21330,"Oikos Greek Plain Fat Free Yogurt",120,16
21332,"Organic Hom Mali Jasmine Rice",63,9
21333,"Original Whipped Cream Cheese",108,16
21334,"Organic Peeled Garlic",123,4
21338,"Silver Tequila",124,5
21341,"Ethiopian Hummus",67,20
21344,"Multigrain Sandwich Bread",112,3
21347,"Fresh Veganmozz",21,16
21349,"Miniatures",45,19
21351,"Nutri-Grain Soft Baked Strawberry Cereal Breakfast Bars",48,14
21360,"Clean Comfort Deodorant",80,11
21361,"Honey Manuka Raw Kfactor 16",29,13
21362,"Easy Grip 18 oz Red Plastic Cups",111,17
21367,"Wild Sardines in Spring Water",95,15
21368,"Spanish Pitted Manzanilla Cocktail Olives",110,13
21372,"Lotion With Aloe & E Upright Facial Tissue",54,17
21376,"Pretzel Crisps Original Deli Style Pretzel Crackers",107,19
21380,"NiCola Sparkling Water",115,7
21384,"Greek Orzo Salad",1,20
21385,"Butter Lettuce",32,4
21386,"Smartwater",115,7
21387,"Non-Fat Vanilla Yogurt",120,16
21389,"Vanilla Spice Herbal Incense Sticks",101,17
21390,"100% Pomegranate Blueberry Juice",31,7
21392,"Coffee Cold-Brew Espresso",26,7
21393,"Straws",111,17
21394,"Light Imported Beer From Mexico",54,17
21397,"Beyond Grain Free Wild Salmon Recipe Wet Cat Food",41,8
21403,"Lemon Grass",16,4
21405,"Organic Red Radish, Bunch",83,4
21408,"Labné Kefir Cheese",2,16
21410,"Deli Fresh Honey Smoked Turkey Breast, 98% Fat Free, Gluten Free",96,20
21412,"Roasted No Salt Pistachios",117,19
21413,"Organic Soba",66,6
21417,"Organic Creamy Tomato Soup",69,15
21425,"Organic Cotton Tampons Super Plus Absorbancy",126,11
21432,"Colby Jack Cheese Block",21,16
21435,"Complete Cat Food",41,8
21436,"Simply Strawberry Coconut Milk Minis Frozen Dessert",37,1
21447,"Light Fat Free Blueberry Patch Yogurt",120,16
21449,"Teriyaki Chick'n Strips",42,1
21453,"Candy, Wild Berries",45,19
21456,"Peppermint Antacid",70,11
21459,"Tomato Basil Bisque RTS Organic Soup",69,15
21461,"Triple Creme Goat Brie",21,16
21462,"Zero Calorie Cola Soda",77,7
21463,"Vanilla Bean Light Ice Cream",37,1
21465,"Uncured Ham & Egg Roasted Potato & Breakfast Buritto",52,1
21467,"Wild Caught Raw Shrimp",15,12
21469,"Honest T Mango White Tea",94,7
21470,"Soothing with Aloe Body Lotion",127,11
21471,"Salisbury Steak Dinner",38,1
21472,"Original Pepperoni Pizza",79,1
21473,"12 Year Old Single Malt Scotch Speyside",124,5
21477,"Organic Miso Broth",69,15
21479,"Organic Turkish Figs",117,19
21489,"Vegan & Gluten Free Nut Balls",42,1
21491,"Supremo Chihuahua 8.82 Oz",21,16
21495,"Extra Extra Dry Ultra Fresh",80,11
21497,"White Sandwich Bread",112,3
21501,"Fave Reds Fruit",45,19
21504,"Organic Supreme Fruit & Nut Mix",6,2
21506,"Organic Raisin Bran Cereal",121,14
21508,"Dairy Free Coconut Milk Vanilla Bean Frozen Dessert",37,1
21511,"Lite Balsamic Dressing",89,13
21512,"Homestyle Mashed Potatoes",13,20
21513,"Heart to Heart Honey Toasted Oat Cereal",121,14
21514,"Oatmeal Bread",121,14
21516,"Gourmet Ole! Chicken Burritos",38,1
21519,"Shea Butter Hand Wash",25,11
21520,"Chicken Enchilada",38,1
21524,"Salad Hearts of Romaine",123,4
21525,"Organic Dried Blueberries",117,19
21526,"Organic Golden Round Crackers",78,19
21527,"Unsweetened Whole Milk Blueberry Greek Yogurt",120,16
21529,"Organic Black Tahini",51,13
21530,"Plantation Mint Herbal Tea",94,7
21533,"Organic Plain Lassi",120,16
21539,"Super Fudge Brownie Ice Cream",37,1
21543,"Organic Quick Oats",130,14
21549,"No More Tangles Baby Shampoo & Conditioning",102,18
21553,"Lowfat 2% Milkfat Cottage Cheese",108,16
21555,"Organic Polenta",63,9
21557,"Non Scratch Scrub Sponge",114,17
21560,"Cut Hearts Of Palm",1,20
21562,"Naturally Rising Crust Canadian Style Bacon & Pineapple Pizza",79,1
21567,"Blueberry Almond Breakfast Bars",48,14
21568,"American Cheese Singles",21,16
21572,"Cheez-It Cheddar Cracker",78,19
21573,"Roasted Pine Nut Hummus",67,20
21574,"Whole Castelvetrano Olives",110,13
21575,"Bath Cups - 200 CT",111,17
21576,"Lime + Coconut Strawberry Handsoap",25,11
21579,"Organic Raw Fit High Protein For Weight Loss Powdered Dietary Supplement",65,11
21583,"25% Less Sugar Grape Juice Pouches",98,7
21584,"Garden Delight Rotini",131,9
21586,"The Original Hot Picante Sauce",51,13
21590,"Fusilli No. 34 Tricolor Pasta",131,9
21591,"Premium Golden Seeded Hamburger Buns",43,3
21595,"Dual Action Disinfectant Wipes Citrus Scent",114,17
21596,"Smartpop Butter Single Serve Bags",23,19
21602,"Chicken Marsala & Roasted Redskin Potatoes Classic Meal for 2",38,1
21603,"Blueberry Blaze Trail Mix",125,19
21604,"Baked with Whole Grain Wheat Smoked Gouda Crackers",78,19
21607,"Gluten Free Vanilla Granola",57,14
21608,"Mushroom Pasta Sauce",9,9
21612,"Men +Care Clean Comfort Body and Face Wash",127,11
21614,"Crackers Harvest Whole Wheat",78,19
21616,"Organic Baby Arugula",123,4
21619,"Natural Sensitive Unscented Beauty Bar Soap",25,11
21621,"Thicker Style Barbecue Sauce",5,13
21622,"Organic Broccolette",123,4
21625,"All Natural Classic Original Hommus Snack Cups",67,20
21626,"Organic Cinnamon Raisin Granola",57,14
21635,"Turkey Fully Cooked Breakfast Sausage 12 Links",106,12
21637,"Golden Raspberries",24,4
21641,"Mixed Nuts Lightly Salted",117,19
21645,"Apple & Cinnamon Adjustable Air Freshener",101,17
21646,"Sliced Toasted Sunflower Honey Loaf",112,3
21650,"Ginger Soda",77,7
21652,"White Beverage Napkins",54,17
21653,"Compostable Forks",111,17
21655,"Popcorn Popping Kernels",23,19
21658,"Lifesavors Mints Wint O Green",46,19
21661,"Organic Clover Sprouts",50,19
21664,"Lightly Salted Peanuts",117,19
21666,"Cold Pressed Extra Virgin Olive Oil",19,13
21667,"Island Teriyaki Marinade & Sauce",5,13
21678,"Fresh Chicken Thighs",49,12
21681,"Sriracha Sauce",72,13
21683,"Organic Multigrain English Muffins",43,3
21689,"Pasta Sides Alfredo",4,9
21691,"Corazon",31,7
21694,"Mini Classic Ice Cream",37,1
21699,"Pistachios, Premium Blend, Pomegranate, with Almonds, Cherries + Black Pepper",117,19
21701,"Fresh Wrap Organic Cucumber",83,4
21704,"Original Superfood Fruit Smoothie Blend",31,7
21709,"Sparkling Lemon Water",115,7
21710,"Organic Stevia Powdered Sweetener Packets",17,13
21711,"Gouda",2,16
21713,"Light Chicken Vegetable Rotini Soup",69,15
21715,"Petite Sirah",28,5
21724,"Stir-fry Rice Noodles",66,6
21729,"Mountain Blend Granola",57,14
21737,"Baby Food Stage 2 Raspberry Spinach & Greek Yogurt",92,18
21754,"Juice Drink Variety Pack",98,7
21756,"NUTrition Wholesome Nut Mix",117,19
21761,"Creamy Chocolate Hard Candy",45,19
21769,"Chunky Guacamole",67,20
21773,"Organic Raw Cacao Powder",17,13
21775,"Brazilian Cheese Bread Original Cheddar and Parmesan",129,1
21777,"Maple Quinoa Cluster With Chia Seeds",57,14
21780,"Medium Roast Whole Bean Organic Coffee",26,7
21781,"Cajun Andouille Smoked Pork Sausage",106,12
21783,"Coconut Milk Vanilla Mini Sandwiches",37,1
21784,"Hi-Chew Strawberry Green Apple Grape Fruit",45,19
21785,"Tequila Lime Wings",129,1
21786,"Red Chile Enchilada Sauce Mild",30,6
21791,"Mini Whole Wheat Pita Bread",128,3
21792,"Sumatran Reserve Extra Bold Dark Roast K-Cup Packs",26,7
21793,"Original Wheat Thins Crackers",78,19
21800,"Organic Honey Mustard Dressing",89,13
21804,"Organic Roast Turkey Gravy",13,20
21806,"Organic Pineapple Orange Banana Fruit Yogurt Smoothie",92,18
21810,"White Chocolate Baking Chips",17,13
21813,"Fusilli with Spinach No. 34",131,9
21814,"Concord Grapes",24,4
21815,"Peanut Butter Chocolate Candy",45,19
21816,"Daily Pantiliners",126,11
21822,"Chicken Wings Family Pack",49,12
21828,"Organic Wheat Grass Powder",65,11
21829,"Sea Salt Veggie Chips",50,19
21833,"Herbs Chives",16,4
21834,"Zinfandel, California, 2010",28,5
21839,"Fuyu Persimmon",24,4
21841,"Tortillas, Brown Rice",128,3
21847,"Lemongrass Citrus Scent Disinfecting Wipes",114,17
21849,"Original Scent HE Laundry Detergent",75,17
21850,"Waffle Cut Sweet Potato Seasoned Fries",129,1
21852,"100% Whole Grain Corn Meal",17,13
21863,"Fire Roasted Red Peppers",81,15
21868,"Bathroom Tissue, Unscented, Double Rolls, 3-Ply",54,17
21870,"Sambucus Nighttime Standardized Elderberry",6,2
21871,"Meatless Vegan Texas BBQ Soy Jerky",23,19
21872,"Organic Italian Salad",123,4
21873,"Fruit Snacks",50,19
21881,"Pear Nectar",98,7
21883,"Irish Whiskey",124,5
21884,"Home Style Chicken Noodle Soup",69,15
21889,"Fresh Shower Daily Shower Cleaner",114,17
21890,"Milk, Low Fat, 1% Milkfat",84,16
21896,"Very Emollient Sunscreen Lip Care Hypoallergenic SPF 25",20,11
21903,"Organic Baby Spinach",123,4
21906,"Multi Grain Bread",112,3
21909,"Raw Cheddar Chips",107,19
21910,"Coconut Almond Creamer Blend",53,16
21914,"Peanut Butter & Jelly Fruit & Nut Food Bar",3,19
21925,"50/50 Mix Spring Mix and Baby Spinach Salad Blend",123,4
21927,"Organic Boneless Skinless Chicken Breast",35,12
21930,"Tomato Herb Cheese Dip With Breadstick",21,16
21931,"Grassfed Whole Milk Blueberry Yogurt",120,16
21933,"Clover Honey Squeeze Bottle",29,13
21936,"Vegetarian Refried Beans",59,15
21937,"Original Almond Milk Creamer",91,16
21938,"Green Bell Pepper",83,4
21943,"Carolina Barbeque Sauce",5,13
21945,"Renewal Cream, Brightening, Probiotic +C",109,11
21946,"Sunflower Seed Spread Crunch",88,13
21948,"Pinot Noir Wine",28,5
21949,"White Cheddar Semisoft Cheese",21,16
21953,"Millennium Organic Cherry Chia Synergy Kombucha",31,7
21955,"All Natural Marinara Pasta Sauce",9,9
21962,"Pineapple Orange Banana 100% Juice",31,7
21963,"Tuna & Egg Flaked Cat Food",41,8
21975,"Dandruff Relief Shampoo + Conditioner",22,11
21976,"Melting Cheese, Queso",21,16
21978,"Pulled Pork Pineapple Bar",3,19
21982,"Wild Caught Skinless & Boneless Sardines Packed in Pure Olive Oil",95,15
21984,"Glass Wipes",114,17
21986,"Artichoke Parmesan Dip",67,20
21996,"Prepared White Horseradish",72,13
21999,"Gluten Free Chocolate Coated Wafers",61,19
22000,"The Original Worcestershire Sauce",72,13
22006,"Kefir Lowfat Probiotic Peach",120,16
22007,"Minced Ginger",81,15
22008,"Pepperjack Style Shreds",21,16
22015,"Thin Mint Crisp Oreos",61,19
22017,"Honey Wheat Braided Twists",107,19
22021,"Low Fat Key Lime Blended Greek Yogurt",120,16
22024,"Italian Squash",83,4
22025,"YoBaby Blueberry Apple Yogurt",120,16
22026,"Organic Cotton Panty Liners",126,11
22028,"Grilled Chicken Taquitos",38,1
22031,"Zucchini Noodles",123,4
22034,"Rosemary",104,13
22035,"Organic Whole String Cheese",21,16
22037,"Dairy Pure Whole Milk with Vitamin D",84,16
22043,"3D White Luxe Glamorous White Vibrant Mint Toothpaste",20,11
22046,"Frozen Whole Strawberries",116,1
22049,"Organic Blue Corn Tortila Chips",107,19
22054,"Issimo Cappuccino Iced Coffee Drink with Lowfat Milk and Cocoa",31,7
22062,"The Original Thick Slice with Real Garlic Texas Toast",129,1
22069,"Sea Salt Caramel Frozen Greek Yogurt Bars",37,1
22071,"Ham & Cheddar Lunchable",13,20
22081,"Rooibos Chai Herbal Tea Bags",94,7
22087,"Whole Celery Seed",104,13
22089,"Vitamin D Milk",84,16
22090,"Corn De Maiz Blanco Tortillas",128,3
22093,"Restaurant Style Medium Salsa",51,13
22099,"Triple Zero Coffee Greek Yogurt",120,16
22105,"Ultra Thin Sliced Provolone Cheese",21,16
22106,"Organic Low Sodium Beef Flavored Broth",69,15
22108,"Sugar Free Chocolate Vanilla Swirls Pudding",71,16
22111,"Multi-Purpose Cleaner Gain Scent",114,17
22113,"Organi Cheddar Cheese Mild sliced",21,16
22114,"Organic Garden Herb Burgers",42,1
22115,"Sonoma Handmade Style Corn Tortillas",128,3
22120,"Minis Mix Variety Bag",45,19
22122,"Stage 2 Green Bean Pear Greek Yogurt Baby Food",92,18
22123,"1% Low Fat Chocolate Milk",84,16
22124,"Total 0% Raspberry Yogurt",120,16
22128,"Vegetable Oil",19,13
22129,"1% Milkfat Lowfat Cottage Cheese",108,16
22130,"Pearl Scents Sparkling Rain",101,17
22132,"Unsalted Sesame Brown Rice Snaps",78,19
22139,"Dark Corn Syrup",29,13
22140,"Chocolate Chip Granola Meal Bars",3,19
22141,"Vegan Ramen Chicken Flavor",69,15
22142,"100% Pure Pumpkin",17,13
22144,"Original Cooking Chicken Stock",69,15
22149,"50% Reduced Fat Sharp Cheddar Cheese",21,16
22151,"Tart Cherry Yoghurt",120,16
22153,"Scalloped Potatoes",4,9
22159,"Red Machine Juice Smoothie",31,7
22164,"Cherries & Almonds in Dark Chocolate, 55% Cocoa",45,19
22166,"Miniatures Assortment Party Bag",45,19
22169,"Pineapple Slices",99,15
22170,"Organic Multigrain with Flax English Muffins",93,3
22174,"Laundry Detergent",75,17
22175,"Cheddar Broccoli Pasta Sides",4,9
22176,"Organic Coconut Bliss Chocolate Walnut Brownie Dessert",37,1
22178,"Sweet Italian Sausage",106,12
22182,"Old Fashioned Potato Salad",1,20
22183,"Blend of Vegetable & Canola Oils Vegetable Plus!",19,13
22184,"Regenerist Micro-Exfoliating Wet Facial Cleansing Wipes",73,11
22193,"Oikos Triple Zero Peach Greek Yogurt",100,21
22197,"Organic French Roast Coffee",26,7
22198,"4X Ultra Concentrated Natural Laundry Detergent, Free & Clear",75,17
22206,"Multi Grain Cheerios Cereal",121,14
22210,"Organic Stage 2 Broccoli Pears & Peas Baby Food",92,18
22211,"Free & Clean Unscented Hand Soap",114,17
22218,"Outshine Fruit Bars",37,1
22220,"Original Roasted Seaweed Snacks",66,6
22222,"Gemelli, No. 28",131,9
22224,"Whole Milk Plain Greek Yogurt",120,16
22227,"Coconut Cream Pie",3,19
22228,"Buttermilk Pancakes 8 Count",52,1
22233,"Slow Churned Double Fudge Brownie Ice Cream",37,1
22234,"Organic Blonde Coconut Palm Sugar",17,13
22236,"Cookies Traypack",61,19
22238,"Chocolate Chip Vanilla Bean Cookie with Tahitian Vanilla Bean Ice Cream",37,1
22240,"Strawberry Licorice Twist",45,19
22241,"Organic Garlic Roasted Garlic Pasta Sauce",9,9
22242,"Swirl Bread Cinnamon",112,3
22245,"Original Chocolate Vanilla Swirls Pudding",71,16
22246,"Small Country White Oval",112,3
22247,"Organic Chives",16,4
22249,"Pepsi",77,7
22250,"Colby Jack Cheese Chunk",21,16
22253,"Natural Very Emollient Cream Shave Mango Vanilla",55,11
22255,"Organic Nonfat Greek Yogurt With Lemon",120,16
22260,"Organic Rolled Oats",68,10
22270,"Organic Classic Marinara Pasta Sauce",9,9
22272,"Gluten Free Matzo Ball & Soup Mix",33,6
22275,"Sriracha Hot Chili Sauce",66,6
22276,"Black Bean Veggie Burger",42,1
22281,"Chicken Noodle Soup",1,20
22282,"Ultra Soft Bathroom Tissue, Double Rolls",54,17
22286,"Organic Super Beet Juice",98,7
22289,"Brownie Batter Core",37,1
22290,"Organic Chai Tea Bags",94,7
22292,"Organix Butcher & Bushel Chicken Wing & Thigh Grain Free Adult Dog Food",40,8
22297,"Vanilla Protein Bar",65,11
22298,"Yo Baby Organic Whole Milk Banana Mango Yogurt",120,16
22302,"Unrefined Toasted Sesame Oil",19,13
22307,"Crackers, Puffed, Lightly Salted Brown Rice",78,19
22308,"Bread, Gluten Free, White Sandwich",58,1
22309,"Soft & Smooth100% Whole Wheat Bread",112,3
22312,"Organic Cherry Tomatoes",83,4
22313,"Adult Chicken & Rice Dry Dog Food",40,8
22315,"Slow Churned Chocolate Light Ice Cream",37,1
22316,"Bone, Meaty Center",40,8
22317,"Lightly Salted Toasted Coconut Chips",117,19
22322,"Mango Sriracha Hummus",88,13
22324,"Pink Vodka Sauce",9,9
22328,"Organic Popcorn",23,19
22329,"Celery Stalks",83,4
22337,"Great Grains",121,14
22340,"Fig Newtons",61,19
22343,"Tea Tree Oil Dental Floss",20,11
22346,"Rosemary & Peppermint Detangler",22,11
22348,"Organic Campari Tomatoes",83,4
22350,"Organic Turmeric Pineapple Elixir",31,7
22353,"Gluten Free Vegan Chocolate Chip Cookie Dough Macaroons",8,3
22359,"Organic 50/50 Blend Salad",123,4
22362,"Original Rice Krispies Treats",61,19
22365,"Owl's Howl Coffee",26,7
22367,"Total 0% Cherry Nonfat Yogurt",120,16
22369,"Dairy-Free Chocolate Protein Beverage",91,16
22372,"Organic Throat Coat Herbal Tea",94,7
22382,"V-Fusion Light Pomegranate Blueberry Vegetable & Fruit Juice",98,7
22385,"K-Kritters Chocolate Animal Cookies",61,19
22394,"Restaurant Style Garlic & Lime Verde Salsa Medium",51,13
22395,"Tomato Sauce",81,15
22397,"Anti-Stress Drink Assorted Flavor Packets",6,2
22400,"Peanut Butter, Classic",88,13
22413,"Face Exfoliate",109,11
22414,"Chocolate Mint Creme Sandwich Cookies",61,19
22416,"O'Soy Fruit on the Bottom Strawberry Organic Soy Yogurt",120,16
22418,"Imitation Crab Sticks",15,12
22419,"Jasmine Enriched Long Grain Rice",63,9
22422,"Amazin Prunes Pitted",117,19
22424,"Parmesan",2,16
22425,"Hickory Honey Barbeque Baked Potato Chips",107,19
22428,"Fresh Marinara Sauce",9,9
22435,"Wrinkle Releaser Light Fresh Scent",75,17
22438,"Low-Moisture Part-Skim Shredded Mozzarella Cheese",21,16
22441,"Vermicelli",131,9
22442,"Farmhouse, Pancake & Waffle Mix",130,14
22443,"Crostini",8,3
22444,"Organic Creamy Miso Dairy Free Dressing",89,13
22447,"Strawberry & Beet Super Puffs",92,18
22451,"Crinkle Cut French Fries",129,1
22452,"Toothbrushes, Soft, Full Head, Value Pack",20,11
22454,"Whipped Original Cream Cheese Spread",88,13
22465,"Stix Crispy Seaweed Strips Wasabi",50,19
22468,"Straight Bourbon Whiskey",124,5
22469,"Nacho Cheese Flavored Tortilla Chips",107,19
22472,"Mesquite Smoked Turkey",96,20
22474,"Cheddar Bunnies Snack Crackers",78,19
22475,"Jicama",83,4
22476,"Fresh Chicken Breast",35,12
22481,"Chocolate Chip Peanut Crunch Bars",3,19
22487,"Quick Tie Tall Kitchen Bags",60,17
22489,"Homestyle Premium Popcorn",23,19
22490,"Thick Bacon",106,12
22491,"Water, Unsweet, Blood Orange",115,7
22495,"All Purpose Ammonia Cleaner",114,17
22497,"Oregano Leaves",104,13
22499,"Cappuccino Brownies",8,3
22504,"Organic Mountain Forest Amber Honey",29,13
22507,"Premium Grapefruit Large",24,4
22509,"Muenster Cheese",13,20
22512,"Organic Refined Sunflower Oil",19,13
22520,"White Paper Towels, Regular Roll",54,17
22524,"Cream Cheese Bar",108,16
22525,"Dried Strawberries",117,19
22529,"Premium Adult Dog Formula Dog Food",40,8
22530,"Colombia K-Cup Pods Coffee",26,7
22533,"Honey-Herb Drops Cough Suppressant",11,11
22534,"Kashmiri Curry Mild Indian Simmer Sauce",76,6
22537,"Hearty Nine Grain Bread",112,3
22545,"Pretzels",107,19
22546,"Choice Cuts In Gravy Country Stew Wet Dog Food",40,8
22548,"Coldbrew Coffee Pops",37,1
22550,"Elegant Medleys Wild Salmon Primavera Cat Food",41,8
22553,"Vanilla Chocolate Ice Cream",37,1
22556,"All Natural Apricot Sparkling Water",115,7
22557,"White Vanilla Bean Ice Cream Dipped in White Chocolate",37,1
22559,"Kitchen Cheese Enchilada",38,1
22564,"Chicken Lickin' Chicken Pate with Vegetables Cat Food",41,8
22565,"Disinfecting Wipes, Lemon Scent",114,17
22571,"100% Whole Wheat Cinnamon with Raisins",112,3
22582,"Organic 1% Milkfat Lowfat Milk",84,16
22583,"Albacore Solid White Tuna In Water",95,15
22587,"Organic Cut Spinach",116,1
22591,"Chipotle Peppers in Adobo Sauce",30,6
22594,"Quattro Formaggi Four Cheeses Pizza",13,20
22597,"100% Pure Maple Syrup Grade A Dark Amber",29,13
22598,"Kellogg's Nutri-Grain Blueberry Cereal",48,14
22600,"Key Lime Pie",3,19
22610,"Reduced Fat 2% Lactose-Free Milk",91,16
22613,"Organic African Nectar Herbal Tea",94,7
22617,"Pop'ems Glazed Donut Holes",61,19
22618,"Tamari Brown Rice Crackers",78,19
22619,"Cool Whipe Lite Whipped Topping",119,1
22620,"Chocolate Peanut Butter Ice Cream",37,1
22622,"Organic Sunflower Kernels",117,19
22624,"Envy Apple",24,4
22627,"Gluten Free Flour",17,13
22639,"Gluten Free Original 3 Seed Bread",58,1
22640,"Organic Half And Half",53,16
22646,"Fun Size Crunch Candy Bars",45,19
22647,"Highest Lignan Flax Oil 100% Organic",47,11
22648,"Organic Power Grains",63,9
22652,"Almond + Shea Butter Conditioner",22,11
22654,"Quick-Rise Yeast for Bread Machines",17,13
22655,"Summer Citrus Scent Antibacterial Multi-Purpose Cleaner",114,17
22656,"Tomato Condensed Soup",69,15
22657,"Thin Sliced Mozzarella Cheese",21,16
22658,"Organic Curry Powder",104,13
22662,"Grain Free Turkey, Sweet Potato & Spinach Recipe in Gravy Cat Food",41,8
22663,"Lip Balm, Organic, Peppermint",109,11
22666,"Cucumbers Facial Wipes Soothing - 30 CT",25,11
22667,"Original Sweet Dinner Rolls",43,3
22672,"Pasta Zero Spaghetti Shirataki Noodles",14,20
22673,"Recipe Secrets Beefy Onion Recipe Soup & Dip Mix",69,15
22675,"Comfort Chicken Marsala",38,1
22677,"Vegan Margherita Pizza With Daiya Cheeze",79,1
22683,"Original Real Live Chocolate",45,19
22684,"Muenster",2,16
22685,"All Natural Bacon Jerky",23,19
22687,"Fit Artic Grape Energy Drink Drops",90,7
22690,"Draught Beer",27,5
22692,"Organic Dry Roasted No Salt  Pistachios",117,19
22695,"Steamfresh Super Sweet Corn",116,1
22699,"Steamfresh Premium Selects Broccoli Florets",116,1
22703,"Jack's Special, Medium Salsa",51,13
22706,"Baingan Bharta Roasted Eggplant",76,6
22713,"Ground Chicken Breast",35,12
22716,"Gluten Free Fettuccini Roasted Garlic",131,9
22717,"Chicken Rosemary Ravioli",12,9
22718,"Signature Italian Dressing",89,13
22720,"Meatles  Soy Gluten-Free Grounds",42,1
22721,"Creamy Peanut Butter Dark Roasted",88,13
22729,"VO Canadian Whiskey",124,5
22736,"Sweet Potato Fries with Salt",129,1
22742,"Organic Sparkling Blood Orange Beverage",98,7
22744,"Gluten Free Vegan Chocolate Chip Cookie Dough",119,1
22745,"Curry Recipe Seitan",14,20
22750,"Finely Shredded Mild Cheddar Cheese",21,16
22754,"Butter Top White Bread",112,3
22757,"Bag of Kiwis",24,4
22759,"Reduced Sodium Chicken Base",69,15
22760,"Organic Coconut Granola MacroBar",3,19
22766,"Fresh Broccoli Florets",83,4
22767,"Original Ice Cream Bar",37,1
22774,"With Cartridges Papaya & Pearl Complex Razor",55,11
22782,"Original Key Lime Pie Yogurt",120,16
22788,"Singles American Cheese Slices",21,16
22790,"French Onion Soup",69,15
22793,"Lentil Chips, Spicy Sriracha",107,19
22795,"100% Whole Wheat Hamburger Buns",43,3
22801,"Provolone Cheese & Italian Dry Salame, Deli Thin Sliced, Snack Pack",96,20
22802,"Mineral Water",115,7
22808,"Honey Lemon Throat Comfort Tea",94,7
22809,"Honey Clusters Cereal",121,14
22814,"Picante Salami",96,20
22819,"Organic Medium Chili",59,15
22823,"Roasted Bell Peppers",110,13
22825,"Organic D'Anjou Pears",24,4
22826,"Gluten-Free Chipotle BBQ Black Bean Chips",107,19
22827,"Organic Black Mission Figs",18,10
22828,"Sea Salt Caramel Ice Cream",37,1
22829,"Multigrain Flax Seeded Flatbread Crackers",78,19
22831,"Ranchero Queso Fresco Cheese",21,16
22832,"Unsweetened Pomegranate Essence Water",115,7
22833,"Indian Healing Clay",109,11
22849,"Bunny-Luv Fresh Organic Carrots",123,4
22852,"Toothpaste, Ayurvedic Herbal, Mint-Free",20,11
22853,"Pesto Pasta Salad",1,20
22856,"100% Goats Milk",84,16
22857,"Pure Wildflower Raw Honey",29,13
22864,"Iced Bhakti Chai Coffee Blend",26,7
22866,"Sharp Cheddar Cheese Shredded",21,16
22867,"Canary Melon",24,4
22880,"Classic French Demi-Glace",69,15
22882,"Light Mozzarella String Cheese",21,16
22886,"Sugarfree Gum Sweet Mint",46,19
22888,"90% Lean Ground Beef",122,12
22890,"Toll House Semi-Sweet Chocolate Morsels",17,13
22891,"Blue Sparkling Sugar Sprinkles",97,13
22893,"Hard & Soft Taco Dinner Kit",30,6
22894,"Fresh Donuts",8,3
22899,"Organic Grape Juice",98,7
22900,"Organic Acai Juice",98,7
22901,"Soft Frozen Strawberry Lemonade",37,1
22903,"French Brie",2,16
22904,"Start Silicone Pacifier",82,18
22906,"Simply 100 Crunch Vanilla Coconut Macaron Non-Fat Greek Yogurt",100,21
22908,"Sesame Street Organic Homestyle Mini Pancakes",52,1
22909,"Mediterranean Medium Size Pickles in Brine",33,6
22912,"85% Ground Beef Patties",122,12
22915,"Builder's Chocolate Peanut Butter Bar",3,19
22919,"Caribbean Rice Mix",4,9
22920,"Roasted & Salted Shelled Pistachios",117,19
22921,"Free & Clear Ultra Powdered Laundry Detergent",75,17
22922,"Organic Canola Oil",19,13
22925,"Original Fruit Candies",45,19
22927,"Kids Saline Nasal Spray with Xylitol",11,11
22929,"Dinosaur Shapes Chicken Breast Nuggets",49,12
22933,"Protein Bar Chocolate Peanut Butter",3,19
22935,"Organic Yellow Onion",83,4
22937,"Milk Chocolate Bunny",100,21
22938,"Triple Zero Coconut Creme Oikos Greek Yogurt",108,16
22940,"Sazon Seasoning",104,13
22943,"Crispy Thin Crust Sicilian Recipe",79,1
22947,"Lactose Free Blueberry Pomegranate Acai Kefir",120,16
22950,"Natural Free & Clear Dishwasher Detergent Packs",74,17
22952,"Farfalle Pasta",131,9
22957,"Red Balsamic Vinegar",19,13
22959,"Reduced Fat Milk 100% Lactose Free",91,16
22961,"Lightly Sweetened Half & Half Organic Iced Green Tea & Lemonade",64,7
22963,"Organic Roasted Turkey Breast",96,20
22965,"0 Calorie Strawberry Dragonfruit Water Beverage",64,7
22966,"Pro-Health All-In-One Soft Toothbrush Twin Pack",20,11
22969,"Sweeet Potato, Apple, Carrot & Cinnamon Organic Superfoods",92,18
22970,"Cold N Flu Liquid Gel",11,11
22972,"Carpet and Room Freshener Clean Linen Scent",101,17
22974,"Chocolate Peanut Butter Meal Bar",3,19
22979,"Organic Cinnamon Flax Sprouted Oat Granola",57,14
22981,"Tamarind Chutney",76,6
22989,"Smoked Sausage",106,12
22990,"Organic Gracious Granola",57,14
22993,"Super Seed Crispy Crackers",78,19
22998,"Sprouted Hot Dog Buns",43,3
23000,"Professional Men's 3 In 1 Citrus Rush Shampoo + Conditioner + Bodywash",22,11
23001,"Genuine Brewed Rice Vinegar",66,6
23002,"2X Protein Original Cream Cheese Spread",108,16
23005,"93% Lean Ground Turkey",49,12
23008,"Organic Cashew Carrot Ginger Bisque",69,15
23009,"Smokestack Mixed Four",27,5
23011,"Sesame Topped Hamburger Buns",43,3
23013,"Belgian White",27,5
23015,"Breaded Chicken Nuggets Family Pack",129,1
23017,"Indonesia Sumatra Silaban Village Coffee",26,7
23020,"Diet Tonic Water",77,7
23023,"Organic 2nd Foods Pouch - Pears, Carrots, & Peas",92,18
23025,"Organic Stage 4 Green Bean Pear & Pea Baby Food",92,18
23026,"Salted Butter Half Sticks",36,16
23029,"Organic Uncured Sliced Black Forest Ham",96,20
23032,"Sriracha Chili Sauce",66,6
23037,"Singles Pepperoni French Bread Pizzas",79,1
23038,"Organic Mung Beans",68,10
23039,"Fat Free Cream Cheese",108,16
23043,"Smartwater® Vapor Distilled Water",115,7
23044,"Cream Top Smooth & Creamy Vanilla Yogurt",120,16
23046,"100% Natural No Salt Added Tomato Sauce",81,15
23047,"Sesame Roasted Seaweed Snacks",50,19
23049,"Organic Teas Premium Japanese Green - 16 CT",94,7
23054,"Whole Wheat Sourdough",112,3
23056,"Kosher Recipe Secrets Noodle Soup - 2 CT",33,6
23059,"Vanilla Iced Coffee Concentrate",26,7
23060,"Stage 2 Spinach, Apple & Kale",92,18
23070,"Organic Chocolate Protein Shake",64,7
23074,"Organic Whole Wheat Pie 9\"" Shells 2 ct",58,1
23075,"Slow Roasted Lightly Seasoned Chick'n",42,1
23079,"Cheddar Quinoa Chips",107,19
23081,"Gluten Free Brown Rice Bread",58,1
23082,"2% Chocolate Milk",84,16
23085,"Montauk Soft Baked Milk Chocolate Cookies",61,19
23088,"White Cheddar Jalapeno Gourmet Popcorn",23,19
23094,"Organic Lentil Soup",69,15
23098,"Gillette Venus Embrace Sensitive Women's Razor Blade Refills",55,11
23099,"Love Crunch Dark Chocolate And Peanut Butter Granola",45,19
23102,"Organic 1% Milk",84,16
23103,"Tarragon",104,13
23106,"Pomegranate on the Bottom Non-Fat Greek Yogurt",120,16
23115,"Disinfecting Multi-Surface Cleaner Lemongrass Citrus Scent",114,17
23117,"Enriched Farina Hot Cereal",130,14
23118,"Organic Sunny Chocolate Candy Bar",45,19
23125,"Meatless Vegan Jerky  Seitan Teriyaki",23,19
23126,"Fine Ground Vital Mineral Blend",104,13
23130,"Organic Sliced Bamboo Shoots",81,15
23139,"Fresh Goat Cheese Classic",2,16
23140,"Chipotle Strips Seitan",14,20
23142,"Antibac Bamboo All Purpose Cleaner",114,17
23145,"Milk & Honey Bread",112,3
23147,"Gut Shot Classic",110,13
23148,"Veggie Loaf & Mashed Potatoes Entrée",38,1
23157,"Sweet Dreams Fabric Softener Dryer Sheets",75,17
23165,"Organic Leek",83,4
23169,"Sliced Polish Ham",96,20
23177,"Organic Sesame Ginger Vinaigrette Dressing",89,13
23178,"Pure Lemon Juice",98,7
23180,"Ground Nutmeg",104,13
23181,"Buffalo Chicken Wings",35,12
23186,"Naturals Flushable Moist Wipes Tush Wipes",6,2
23190,"Black Currant Flavor Natural Stress Relief Pastilles",47,11
23192,"Chocolate Whole Grain Graham Snacks Bunny Grahams",61,19
23202,"Holiday Blend Dark Roast Ground Coffee",26,7
23204,"Cantina Traditional Tortilla Chips",107,19
23211,"French Roast Dark Roast Coffee K- Cups",26,7
23214,"Organic Blood Orange Sparkling Beverage",98,7
23216,"Fancy Shredded Cheese Italian Blend",21,16
23217,"Diet The Original Cream Soda",77,7
23219,"Nutz Over Chocolate",3,19
23224,"Keurig Espresso K Cups",26,7
23226,"Mandarin Orange Segments in Light Syrup",99,15
23228,"Just Pomegranate Juice",98,7
23230,"Low Fat Minty Chocolate Chip Organic Frozen Yogurt",37,1
23232,"Klassic Onion Buns 8 ct",43,3
23233,"California Sourdough Bread",112,3
23236,"Chopped Spinach",116,1
23240,"13 Gallon Tall Kitchen Bags",60,17
23241,"Vanilla Milk Chocolate Almonds All Natural Ice Cream Bars",37,1
23243,"Vegetable Bouillon",69,15
23244,"Dark Chocolate with Blueberries Bar",45,19
23248,"Passion Fruit On The Bottom Greek Yogurt",120,16
23252,"Mixed Berry Strawberry Kiwi Black Cherry Fruit Bars",37,1
23254,"High pH 9+ Alkaline Ionized Water",115,7
23257,"Pineapples",24,4
23259,"Lasagna Pasta",131,9
23263,"Organic Vanilla Grassmilk Yogurt",100,21
23265,"Chives",50,19
23270,"Organic Corn Flakes Cereal Fruit Juice Sweetened",121,14
23271,"Tabasco Chipotle Pepper Sauce",72,13
23273,"Cheese & Herb Pizza",79,1
23274,"Bedtime Moisture Wash™ Baby",102,18
23280,"Choo Leibniz Dark Chocolate Biscuits",61,19
23282,"PlusShot Strawberry Probiotic Juice Drink",120,16
23284,"Garlic Bread Sticks",58,1
23285,"Charbroiled Chicken & Monterey Jack Cheese Quesadillas",38,1
23286,"Pink Beauty Bar",127,11
23288,"Distilled Water",115,7
23289,"Robusto! Parmesan & Romano Pasta Sauce",9,9
23291,"Coconut Chia Bar",3,19
23293,"Quinoa & Leeks with Chicken + Tarragon Organic Baby Food",92,18
23296,"Blueberry on the Bottom Nonfat Greek Yogurt",120,16
23304,"Organic Fire Roasted Red Pepper Dinner Sausage",106,12
23307,"Sticky Notes 3\"" x 3\""",87,17
23308,"Sensible Portions Veggie Straws Ranch 7oz",107,19
23313,"Mac & Cheese",4,9
23315,"Organic Cold Brew Coffee",26,7
23316,"Naturals Tube-Free Bathroom Tissue",54,17
23320,"Chicken Flavor With Vegetables Ramen Noodles",4,9
23322,"Golden Delicious Apple",24,4
23328,"Shower Poof",132,11
23329,"Organix Chicken & Brown Rice Recipe",40,8
23333,"Beef Ravioli in Tomato & Meat Sauce",59,15
23338,"Raspberry Fruit Spread",88,13
23339,"Sweet Corn On The Cob",83,4
23341,"Large Grade AA Eggs",86,16
23347,"Chessmen Cookies",61,19
23348,"Organic Grade B Maple Syrup",29,13
23351,"Buffalo Style Chicken Wings",129,1
23357,"Organic Cocktail Sauce",72,13
23360,"Ultimate Petite Mixed Vegetables",116,1
23361,"Stoneground Deli Mustard",72,13
23362,"Toastable Apple Cinnamon Fruit & Grain Buns",93,3
23363,"Organic Free-Range Chicken Broth",69,15
23369,"Tamarind Paste",72,13
23370,"Chicken Tandoori, with Spinach",38,1
23373,"Chocolate Peanut Crisp Protein Bar",3,19
23374,"Probiotic Banana Dates Cashew Milk",31,7
23375,"Marinara Sauce",9,9
23377,"Popped Corn Just The Cheese Corn",23,19
23383,"Super Natural Organic Whole Milk",84,16
23385,"Parmesan Cheese Shreds",21,16
23389,"Original Ultra Concentrated Dish Soap",74,17
23390,"Chocolate Caramel Cashew Trail Mix",125,19
23400,"Organic Premium Tomato Paste",81,15
23405,"Pure Baking Soda",17,13
23407,"100% Natural Sweetener Zero Calorie Packets",17,13
23409,"Kiev Breaded Raw Stuffed Chicken Breasts",38,1
23410,"Bathroom Tissue Double Rolls",54,17
23413,"Chunky Monkey® Ice Cream",37,1
23414,"Paper Plates",111,17
23416,"Fresh Frozen Strawberries, Blueberries & Cherries with Kale",116,1
23417,"Brown Rice & Vegetables Bowl",38,1
23418,"Fat Free Whipped Topping",119,1
23420,"Fresh Gourmet Butter & Garlic Premium Croutons",89,13
23423,"Original Hawaiian Sweet Rolls",43,3
23425,"Nourish+ Moisturize Conditioner",22,11
23427,"Organic Wildberry Yogurt",120,16
23430,"Sheep Milk Vanilla Yogurt",120,16
23431,"Peppermint Mocha Liquid Coffee Creamer",53,16
23437,"Chicken Hearts & Liver Feast in Grilled Chicken Flavor Gravy Cat Food",41,8
23439,"Uncured Turkey Salami",96,20
23444,"Creamy Tropical Coconut Body Wash",127,11
23445,"Roast Chicken Flavor Ramen Noodle Soup",4,9
23446,"Swaddlers Baby Diapers Jumbo Pack - Size 3",56,18
23451,"Gentle Skin Cleanser for All Skin Types",73,11
23452,"100% Carrot Juice",31,7
23456,"Almond Crunch",121,14
23457,"Zero Calorie Cherry Cola",77,7
23459,"Ancient Grain Mango Almond Muesli",121,14
23460,"Big Daddy IPA",27,5
23461,"go fresh Cool Moisture Beauty",127,11
23470,"Organic Sweetened Almond Milk",91,16
23472,"Blueberry Muffin",93,3
23480,"The People's Pickle Garlic Dill Pickle Slices",110,13
23482,"Pb 'N J Sandwich Crackers",78,19
23483,"Slow Churned Ice Cream, Peanut Butter Cup, Light",37,1
23484,"Organic Pine Nuts",117,19
23485,"Cinnamon Raisin Oat Bar",3,19
23487,"Sourdough Sandwich Rolls",43,3
23493,"Quesadilla Shredded Cheese",21,16
23495,"Chicken Cooking Stock",69,15
23504,"Vintner's Reserve Chardonnay",62,5
23508,"13 Gallon Recycled Trash Bags",60,17
23516,"Organic Unbleached All-Purpose Flour",17,13
23517,"Ginger, Pickled Sushi",66,6
23527,"Baby Food Stage 2 Sweet Potato Mango & Millet",92,18
23531,"Freeze Dried Organic Peas",117,19
23533,"All-Natural 100% Whole Grain 5 Grain Cereal",130,14
23534,"Veggie  Breakfast Patties",14,20
23535,"Sea Salt Chickpeas",50,19
23537,"Light Brown Sugar",17,13
23540,"Orange",64,7
23541,"Veri Veri Teriyaki Marinade & Sauce",5,13
23543,"Organic Extra Large Brown Eggs",86,16
23544,"Liver & Chicken Dinner Classic Pate Cat Food",41,8
23549,"Chili With Beans",59,15
23554,"Organic Vanilla Bean Ice Cream",37,1
23560,"Plates 10 1/16 inch 26 Ct",111,17
23563,"Chocolate Mint Miracle Tart",61,19
23565,"Jamon Serrano Dry Cured Ham",96,20
23569,"Organic Whole Grain Red Beans & Rice Rice & Seasoning Mix",4,9
23571,"Deli Fresh Bold Blackened Turkey Breast",96,20
23576,"Sweet Greens and Lemon Vegetable and Fruit Juice Blend",31,7
23579,"Peanut Butter Chocolate Chip Fruit & Nut Food Bar",3,19
23580,"Outshine Lime Fruit Bars",37,1
23585,"Organic Rice Probiotic Drink Blueberry",70,11
23586,"Vanilla Non Dairy Frozen Dessert Minis",37,1
23592,"RapidRise Yeast",17,13
23594,"Medium Salsa",51,13
23596,"Strawberry Shortcake Frosted Soft Cookies",8,3
23600,"Coconut Milk Light",30,6
23603,"Plugins Scented Oil Warmer",101,17
23607,"No Wings Maxi Super Pads",126,11
23612,"Cookie Dough Ice Cream",37,1
23614,"0% Milkfat Greek Yogurt Honey",120,16
23616,"Natural Simply Salted Microwave Popcorn",23,19
23619,"Brownie Crunch Bar Dark Chocolate",3,19
23621,"Classic Fried Chicken Frozen Dinner",38,1
23622,"Organic Hot House Tomato",83,4
23623,"G Series Perform Glacier Cherry Sports Drink",64,7
23625,"Cranberry Raincoast Oat Crisps",78,19
23630,"Multi-Seed Original Crackers",78,19
23631,"Spicy Salsa",67,20
23633,"30 Gallon Trash Bags",60,17
23634,"Dairy-Free Cheddar Style Shreds",21,16
23637,"Maple & Brown Sugar High Fiber Instant Oatmeal",130,14
23643,"Organic Currants",83,4
23644,"Sharp Cheddar Thick Slices Cheese",21,16
23645,"Sour Cream & Onion Potato Chips",107,19
23646,"Celery Bunch",83,4
23649,"Maifun Rice Noodles",66,6
23650,"Electrolyte Water",115,7
23659,"Popcorn, California Olive Oil",23,19
23662,"All Natural White Vinegar",19,13
23670,"Purina Prime Filets With Chicken In Gravy Cat Food",41,8
23671,"Organic Black Chia Seed Superfood",117,19
23673,"Lite Creamy Caesar Dressing",89,13
23679,"Bernie's Farm Cheddar Crackers",78,19
23686,"Pink Himalayan Crystal Salt Caramel Bar",45,19
23687,"Multi Grain Sandwich Thins",43,3
23689,"B 12 Liquid B Complex",47,11
23691,"Light Coconut Milk",66,6
23693,"All American Salad",123,4
23695,"California Veggie Burger",42,1
23696,"Aloe Vera Pomegranate + Cranberry Juice",31,7
23700,"Habanero Salsa Hot",51,13
23709,"Cheese, Thin Sliced Muenster",21,16
23712,"Natural Crackers",78,19
23715,"Thin Sliced Provolone Cheese",21,16
23716,"Cashew Cookie",3,19
23719,"Chicken Tortilla Soup",1,20
23722,"White Corn Taco Shells",30,6
23723,"Traditional Chickarina Chicken Soup with Meatballs",69,15
23726,"Aluminum Free Baking Powder",17,13
23729,"Hard Boiled Eggs",86,16
23731,"Chicken Ramen Noodle Soup",4,9
23732,"Cranberry Orange Oat Bar",3,19
23734,"Sour Cream",108,16
23737,"Organic 100% Grapefruit  Juice",31,7
23740,"Stage 1 Newborn Hypoallergenic Liquid Detergent",75,17
23744,"Balsamic Vinaigrette Dressing",89,13
23745,"Dunkin' Decaf Decaffeinated Medium Roast Ground Coffee",26,7
23748,"Danish Butter, Imported",36,16
23749,"Gomasio",104,13
23750,"All Natural Rosemary",104,13
23752,"Cheddar Bay Biscuit Mix",105,13
23760,"Strawberry Greek 100 Calories Yogurt",120,16
23761,"Natural Sliced Vermont Sharp White Cheddar Cheese",21,16
23763,"French Vanilla Sugar Free Liquid Coffee Creamer",53,16
23765,"Organic Smoked Turkey Breast",96,20
23767,"Imported Light Beer",27,5
23769,"Organic Chocolate Brownie Mix",105,13
23776,"Green Apple Chips",50,19
23777,"Caesar Parmigiano Creamy Yogurt Dressing",89,13
23780,"VIA Instant Latte Vanilla Latte Instant Coffee",26,7
23782,"Magic Eraser Cleaning Sponge 2ct. Surface Care",114,17
23783,"Almond Coconut Bar, Organic",3,19
23785,"Baby Kale Mix",123,4
23789,"Assorted Herbal Tea",94,7
23791,"Organic Oil & Vinegar Organic Dressing Organic",89,13
23793,"Ultimate Care Probiotic Vegetarian Capsules",70,11
23798,"All Natural Madagascar Vanilla Beans",17,13
23799,"Vanilla Pudding",71,16
23800,"Whole Grain Cereal",121,14
23801,"Fusilli No. 34",131,9
23803,"Jalapeno Pepper",83,4
23805,"Peppered Turkey Bacon",106,12
23809,"Earl Grey Black Tea Bags",94,7
23810,"Italian Style Favorites Chicken Parmesan (White Meat Chicken and Tomatoes with Mozzarella Cheese Over a Marinara Sauce) Pizza",79,1
23815,"Bosc Pears",24,4
23817,"ActiveDry Yeast",17,13
23819,"Carrot",123,4
23821,"Organic Chili Spicy",59,15
23822,"Sweet Potato & Chicken Dinner",92,18
23824,"Fruit Punch & Berries 'n Cherries Fruit Snacks",50,19
23829,"Sherry Vinegar",19,13
23832,"Smoky BBQ Sauce",5,13
23835,"Cold-Pressed Sweet Greens & Lemon Juice",31,7
23836,"Mint Chocolate Chip",37,1
23840,"Indian Aloo Mattar Wrap",38,1
23848,"Pupusas, Pinto Bean & Cheese",38,1
23854,"Wild Wonders Gourmet Medley Tomatoes",123,4
23864,"Force Flex Large Trash Drawstring Bags Extra Strong",60,17
23866,"Multi-Purpose Household Cleanser & Polish",114,17
23869,"Crispy Almonds & Caramel RIce Crisp",45,19
23874,"Kosher Recipe Secrets Soup & Dip Mix Onion",69,15
23879,"Applewood Smoked Turkey Breast",96,20
23881,"Tri-Colored Sliced Carrots",116,1
23886,"Crunchy Treasures Aged White Cheddar Puffs",107,19
23888,"Hamburger Buns",43,3
23889,"Sugar Free Raspberry Preserves",88,13
23892,"Original High Efficiency Liquid Laundry Detergent",75,17
23898,"Organic Gluten Free Fusilli",131,9
23901,"Pomegranate And Currant Soy Wax Candle",101,17
23902,"Citrus Orchard Super Odor Neutralizer",101,17
23904,"Triple Zero Salted Caramel",120,16
23909,"2% Reduced Fat Milk",84,16
23915,"Uncrustables Peanut Butter & Grape Jelly Sandwich",38,1
23916,"Dairy Alternative Vegan Sour Cream",108,16
23919,"Grain Meat Sausages Vegetarian Mexican Chipotle",14,20
23922,"Hot Raw Hummus",51,13
23926,"Honeydew Kombucha Tea",31,7
23928,"Butter Chicken Simmer Sauce",66,6
23929,"Tilapia Fillets",34,1
23931,"Calming Shampoo & Bodywash",102,18
23932,"Chocolate Creme Sandwich Cookies",61,19
23938,"Chocolate Sorbet",37,1
23939,"Original Protein Superfood",65,11
23943,"Light Chicken Corn Chowder",69,15
23947,"Preserved Lemon Confit",51,13
23951,"Tonics Cleansing Probiotic Tonic With Apple Cider Vinegar Cinnamon",31,7
23952,"EnviroKidz Chocolate Choco Chimps",121,14
23953,"Cream on Top Strawberry Organic Yogurt",120,16
23955,"Vanilla Soy Milk",91,16
23957,"Sugar Free Vanilla Pudding",71,16
23958,"2X Ultra Liquid Laundry Detergent for Sensitive Skin, 50 Loads",75,17
23959,"Multi-Seeds Cracker",78,19
23962,"Lactose Free Reduced Fat 2% Milk",84,16
23965,"Frozen Microwaveable Chicken Pot Pie",38,1
23977,"Unsweetend Creamer",53,16
23980,"Mustard Honey Mustard",72,13
23985,"Baby Eggplant",32,4
23986,"Grassfed Whole Milk Plain Yogurt",120,16
23991,"Organic Spinach & Potatoes 2, 6 Months+",92,18
23995,"Ground Cayenne Red Pepper",104,13
23996,"Halloween Oreos Sandwich Cookies",61,19
24002,"Shaving Cream, Soothing Aloe",55,11
24003,"Non-Stick Olive Oil Spray",19,13
24004,"Goldfish Parmesan Baked Snack Crackers",78,19
24009,"Organic Long Grain White Rice",63,9
24010,"Wheat Gluten Free Waffles",52,1
24024,"1% Lowfat Milk",84,16
24025,"Mild Roasted Guacamole",67,20
24026,"Veggie & Fruit Snacks, Carrot, Mango & Orange",92,18
24028,"Sparkling Water Grape Apple",100,21
24035,"Coconut  Chocolate Bar",3,19
24041,"Cookie Dough Nutrition Bar",3,19
24046,"Nux Vomica 6C Homeopathic Pellets",47,11
24048,"Baby Zucchini",83,4
24053,"Whipped Cream Cheese Spread",108,16
24058,"Coconut Milk Yogurt Alternative Natural Flavor",120,16
24059,"Meyer Lemon Everyone Hand Soap",25,11
24062,"Flourless  Sprouted Whole Grain 7-Sprouted Grains English Muffins",93,3
24064,"G Series Perform Fierce Blue Cherry Sports Drink",64,7
24079,"Tuscan Vodka Fresh Pasta Sauce",9,9
24082,"Organic Dark Sweet Cherries",116,1
24086,"Beef Tenderloin Steak",122,12
24092,"Happy Cola Gummi Candy",45,19
24093,"Organic Italian Whole Peeled Tomatoes",81,15
24097,"Rotini Pasta",131,9
24099,"Snickerdoodle Cookie with Salted Caramel Ice Cream Sandwich",37,1
24104,"Chicken Stir Fry",38,1
24105,"Fruit On The Bottom Cherry Yogurt",120,16
24107,"Organic Whole Grain",112,3
24109,"Milano Traypack",61,19
24114,"Ground Chicken",49,12
24117,"Potato Chips Cheddar & Sour Cream Flavored Party Size!",107,19
24120,"Dried Cranberries",117,19
24123,"Aquarium Pump Hand Soap",127,11
24124,"Green Vibrance",47,11
24125,"Olive Bread",112,3
24129,"Natural Fresh Goat Cheese",21,16
24131,"Sriracha Mayonnaise",72,13
24133,"Bag of Fresh White Pearl Onions",83,4
24135,"Oranges",24,4
24136,"Organic Hot Dog Buns",43,3
24137,"Salt-Free Blend Lemon Pepper",104,13
24139,"Gluten Free Strawberry Toaster Pastry",48,14
24142,"Broccoli Cuts",116,1
24147,"Unscented PH Balanced Antiperspirant & Deodorant",80,11
24152,"Crunchy Pecan Crunch Granola Bars",3,19
24153,"Organic Sunflower Flax Snax",125,19
24154,"Free & Clear Stage 4 Overnight Diapers",56,18
24157,"Chocolate Chip Snackimals",61,19
24159,"Organic Red Raspberries",116,1
24160,"Organic Whole Wheat Tortillas",128,3
24170,"Marinara",9,9
24177,"Total 2% Yogurt Key Lime",120,16
24179,"Real Vegetable Chips, Sweets & Beets",107,19
24181,"No Sugar Added Lemon & Cherry Flavor Real Italian Ice",37,1
24184,"Red Peppers",83,4
24186,"Slim Can Pink Grapefruit Natural Mineral Water",115,7
24192,"Au Gratin Homestyle Casserole",4,9
24195,"Tofu Scramble",52,1
24198,"Super Spinach Greens",83,4
24199,"Purifying Tea Tree Body Wash",25,11
24203,"Whole Grain Oatmeal Bread",112,3
24204,"Butterhead (Boston, Butter, Bibb) Lettuce",83,4
24207,"Organic Maple Whole Milk Yogurt",120,16
24214,"Organic Jr Apple Cinnamon Oatmeal",92,18
24221,"Organic Red Grapes",24,4
24224,"Pepper Multiseed Crackers",78,19
24226,"The O.G. Black Tea Brew The Original Buch",94,7
24227,"Brownie Bliss",8,3
24230,"Kick It Immune For Kids Drops",6,2
24231,"Tahitian Vanilla Bean Gelato",37,1
24232,"Monterey County Pinot Noir",28,5
24235,"Honey Wheat Enriched Bread",112,3
24236,"Organic  Dried & Unsulfured Orchard Select Apricots",117,19
24238,"Natural Colby Jack Cheese",21,16
24239,"White Italian Bread",112,3
24241,"Corn Thins, Organic, Sesame",107,19
24242,"High Omega Vegan Ranch Salad Dressing",89,13
24243,"Organic Diabetic Lifestyle Bread",112,3
24248,"Popped Chip Snack, Cheddar & Sour Cream Potato",107,19
24253,"Go Lean Cereal",121,14
24256,"Nut & Honey Snack Granola",57,14
24257,"Pure Seedless Marion Blackberry Preserves",88,13
24258,"Mostaccioli",131,9
24262,"Sauce, Hotter, Family Reserve",72,13
24263,"Organic Fettuccine",131,9
24267,"Orange Seltzer Water",115,7
24269,"Mixed Berry Sports Drink",64,7
24271,"Whole Wheat Panko Breadcrumbs",5,13
24273,"Reduced Fat Pepperoni Pizza Frozen Sandwiches",38,1
24276,"Black Licorice Twists",45,19
24279,"Canadian Bacon, Uncured",106,12
24281,"Organic Spelt Pie Crusts",58,1
24283,"Whipped Vanilla Frosting",97,13
24288,"Rosemary Raisin Raincoast Crisps",78,19
24289,"Instant Oatmeal Peaches & Cream",130,14
24293,"Kitchens Chocolate Chip Spoonable Cookie Dough",105,13
24294,"Solid White Albacore Tuna in Water",95,15
24297,"Sweetened Tea",94,7
24299,"Frizz Ease Extra Strength 6 Effects Hair Serum",22,11
24304,"Gloves, Premium Latex, M",114,17
24307,"Chunky Blue Cheese Dressing & Dip",89,13
24312,"Organic Sliced Pepper Jack",21,16
24313,"Size 6 Diapers",56,18
24316,"Raw Walnuts",6,2
24320,"Vanilla Almond",121,14
24325,"Noir Orange Liqueur & Cognac",124,5
24333,"Peach Mango Iced Green Tea",94,7
24335,"Classic Clean Linen Candle",101,17
24336,"Ditalini Pasta",131,9
24339,"100% Lactose Free Milk",91,16
24340,"Vaginal Hygiene Suppositories With Tea Tree Oil",126,11
24345,"White Truffle Butter",36,16
24360,"Nasal Spray With Xylitol",11,11
24361,"Honey Graham Crackers",78,19
24362,"Brut Sparkling Wine",134,5
24363,"Lemon Cayenne Agave Cold Pressed Juice Beverage",31,7
24368,"Hot Wasabi Peas",66,6
24372,"Organic Free Range Chicken with White & Wild Rice Soup",69,15
24373,"Mediterranean Vegetable Chips",107,19
24377,"Ibuprofen (NSAID) Tablets, 200 mg",133,11
24379,"Choco Leibniz",61,19
24382,"Ranch Dressing",89,13
24385,"Italian Sausage Pizza",13,20
24387,"Chunk Pineapple In Pineapple Juice",99,15
24390,"Pomegranate",24,4
24392,"Bowties",131,9
24394,"Sore Throat Relief Cherry-Menthol Flavor Throat Spray",11,11
24396,"Organic Royal Pearl Quinoa",63,9
24397,"Organic Concord Grape Fruit Spread",88,13
24407,"Toasted Sesame Oil, Unrefined",19,13
24411,"French Dinner Rolls",43,3
24413,"Organic Strawberry Banana Fruit Yogurt Smoothie",92,18
24418,"Spicy Turkey Chili with Beans",59,15
24419,"Yogurt, Lowfat, Plain",120,16
24420,"Gluten Free Steel Cut Oats Hot Cereal",130,14
24425,"Freshly made pasta, rich meat sauce and Real Mozzarella cheese Lasagna with Meat & Sauce",38,1
24427,"Snacks String Cheese Natural Mozzarella Cheese",21,16
24429,"Gluten-Free & Non-Dairy Ginger Cookies",61,19
24434,"Turkey Pepperoni",96,20
24442,"Multi-Grain With Flax Flatbread Wraps",128,3
24447,"Honest T Pomegranate Red Herbal Tea",94,7
24454,"7 Grain Bread",112,3
24456,"Sweets Organic Lollipops",6,2
24457,"Organic Champagne Vinegar",19,13
24472,"Nestle Carnation Instant Nonfat Dry Milk",17,13
24476,"Salt & Pepper Potato Chips",107,19
24482,"Organic Mint Chip Ice Cream",37,1
24489,"Organic Whole Strawberries",116,1
24491,"Sea Salt Caramel pops",37,1
24492,"All Natural Won Ton Wraps",66,6
24495,"Hickory Smoked Almond Protein Bar",3,19
24497,"Organic Cauliflower Florets",83,4
24499,"Clasico Nacho Chipotle Tortilla Chips",107,19
24504,"Blueberry Cultured Coconut Milk",120,16
24507,"Sun-Ripened Dried Tomatoes",81,15
24508,"Classic Ocean Whitefish & Tuna Feast Cat Food",41,8
24514,"Fig Newtons Fat Free Cookies",61,19
24516,"Pure Cane Dark Brown Sugar",17,13
24518,"Gluten Free Lemonzest Nutrition bar",3,19
24521,"Lowfat Goat Milk",84,16
24524,"Lightly Salted Sweet Cream Butter",36,16
24527,"Herbal Caffeine Free Sleepytime Tea",94,7
24530,"Lager Especial",27,5
24531,"Sprouted Brown Rice",66,6
24532,"Cranberry Almond Chicken Salad",8,3
24533,"Pre-Moistened Multi-Surface Everyday Wipes",114,17
24534,"Dark Chocolate Covered Goji Berries",45,19
24535,"Plain Whole Milk Yogurt",120,16
24536,"Mango Tango Almond Mix",117,19
24538,"Frozen Dessert, Non-Dairy, Mocha Pie",37,1
24544,"Breakfast Blend Whole Bean Coffee",26,7
24549,"Organic Greens And Kale",31,7
24551,"90 Calorie Chocolate Peanut Butter Brownies",3,19
24552,"Spicy Red Napa Cabbage Kimchi",110,13
24553,"Gochujang Fermented Garlic Chile Paste",66,6
24555,"Mocha Cappuccino",31,7
24561,"Organic Cheese Frozen Pizza",79,1
24563,"Natural Pepper Jack Cheese",21,16
24571,"Tomato and Basil Pasta Sauce",9,9
24574,"100% Natural Broccoli Sprouts With Long Lasting Antioxidant Activity",83,4
24575,"Roasted Seaweed, Full Sheets, Sea Salt",50,19
24577,"Olives, Pitted Kalamata",110,13
24578,"Seasoned Rice Vinegar",66,6
24582,"Toaster Size Premium Plain Bagels",93,3
24595,"Dark Chocolate, with Whole Almonds",45,19
24597,"Hamburger Helper Classic Ultimate Cheeseburger Macaroni",4,9
24600,"Extra Strength Assorted Fruit Antacid",70,11
24604,"Triscuit Roasted Garlic Baked Whole Grain Crackers",78,19
24615,"Natural Sharp Cheddar Cheese Chunk",21,16
24616,"Peanut Butter & Coconut Bar",100,21
24617,"Anticavity Fluoride Cool Mint Restoring Mouthwash",20,11
24619,"Orange Liqueur",124,5
24622,"Green Cabbage",83,4
24628,"Garlic Cloves",16,4
24629,"Sweet Mini Sub Rolls",43,3
24630,"Gluten Free Quiche & Pie Crusts",58,1
24631,"Light & Lean Spinach Lasagna",38,1
24632,"Fruit & Nut Bar Raspberry Cashew & Chia",3,19
24637,"Turkey Sausage Links",52,1
24645,"Berkshire Pork Lard",17,13
24649,"Freshmates Charmin Freshmates™",54,17
24653,"Premium Light Lager Beer",27,5
24654,"Potato Hot Dog Buns",43,3
24658,"House Blend Medium Keurig Brewed K-Cups Ground Coffee",26,7
24659,"PS100 Phosphatidylserine 100 mg Softgels",47,11
24660,"Deli Fresh Slow Roasted Cured Roast Beef",96,20
24662,"Renew Vegetable and Fruit Juice",31,7
24668,"Plain Sheep Milk Yogurt",120,16
24669,"Ham & American Funpack Lunchable",13,20
24670,"Organic Love Crunch Granola Apple Crumble",57,14
24673,"Mild Kimchi",66,6
24674,"Dutch Country Potato Bread",112,3
24675,"Gas & Bloating, Vegetarian Capsules",70,11
24677,"Swaddlers Diapers Jumbo Pack, Size 4",56,18
24679,"Petite Smoked Oysters",95,15
24680,"Tuna, Solid Pack Light",95,15
24685,"Premium Pork Sage Sausage",106,12
24692,"Gluten Free Brownie Bites",8,3
24695,"Organic Nonfat Yogurt Plain",120,16
24698,"Vanilla Chicory Root",31,7
24699,"Candy",45,19
24701,"Sumatra Dark Roast K-Cups",26,7
24703,"Fruit Punch",31,7
24706,"Organic Apple Sauce + Fruit & Veggie Carroty Chop Mashups",50,19
24707,"Home Style Asiago Caesar Dressing",89,13
24713,"Light Butter with Canola Oil",36,16
24716,"Eggs, Free Range, Brown, Large",86,16
24720,"Organic Fennel Seed",104,13
24721,"Cinnamon Raisin English Muffins",93,3
24725,"Organic Chocolate O's Cereal",121,14
24726,"Gluten Free Chocolate Chunk Cookie Mix",105,13
24731,"Flour Burrito Caseras Tortillas",128,3
24737,"Organic Micro Broccoli Sprouts",83,4
24739,"Organic Pears, Apples, Peaches, Pumpkin + Cinnamon Fiber & Protein Snack",92,18
24740,"Multi-Seed Rosemary + Olive Oil Crackers",78,19
24747,"Suddenly Salad Classic Pasta Kit Classic",4,9
24749,"13 Gallon Tall Drawstring Kitchen Bags",60,17
24750,"Organic Whole Fryer Chicken",35,12
24756,"Whascally Rabbit Pate Cat Food",40,8
24759,"Club Soda",77,7
24764,"Crushed Garlic",116,1
24768,"All Natural Honey Almond Butter",88,13
24772,"Cara Cara Orange",100,21
24773,"Wafer, Chocolate",61,19
24774,"Hot Cereal",130,14
24778,"Wild Sea Sardines In Olive Oil",15,12
24780,"Stick East Coast Vegetable Oil Spread",36,16
24783,"Organic Beets Beverage",31,7
24786,"No More Tangles Detangling Spray",102,18
24787,"Jodhpur Lentils",76,6
24799,"Vanilla Skyr Nonfat Yogurt",120,16
24810,"Organic Lightly Salted Brown Rice Cakes",78,19
24816,"Natural Deli Style Sliced Extra Sharp Cheddar Cheese",21,16
24818,"Dairy Free Key Lime Cheezecake",42,1
24826,"Braided Twist Honey Wheat",107,19
24829,"Party Plastic Cups",111,17
24830,"Organic Romaine",123,4
24831,"Albacore Solid White Tuna in Water",95,15
24834,"Organic Sweet Potato Puffs",92,18
24838,"Unsweetened Almondmilk",91,16
24841,"Aged White Cheddar Baked Rice & Corn Puffs Gluten Free Lunch Packs",107,19
24842,"Honey Wheat Pretzel Sticks",107,19
24846,"Sweet & Fruity Cranberry Granola",57,14
24850,"Organic Super Fruit Punch Juice Drink",98,7
24852,"Banana",24,4
24857,"Raspberry Filmjolk Non-Fat Drinkable Yogurt",31,7
24859,"Packaged Organic Apricots",123,4
24864,"Apple Berry Applesauce on The Go Pouches",99,15
24866,"Apple Blueberry Granola",57,14
24867,"Demerara Cane Sugar Cubes",17,13
24884,"Kettle Chips, Avocado Oil, Sea Salt",107,19
24889,"Gum Ginger",46,19
24890,"Fresh Whole Garlic",16,4
24891,"Organic Chocolate 1% Milk with DHA Omega-3",84,16
24899,"Spinach & Ricotta Tortelloni",12,9
24901,"Clear Ammonia",114,17
24903,"Meatless Vegan Hickory Smoked  Soy Jerky",23,19
24906,"Famous Key West Lime Juice",98,7
24907,"Cherry Blackberry Liquid Water Enhancer",90,7
24908,"Alfredo Sauce With Aged Parmesan Cheese",9,9
24915,"Cheddar Extra Sharp Made with 2% Milk Cheese Sticks",21,16
24918,"Just Chocolate Chunk Cookies",61,19
24924,"Cheddar Baked Snack Crackers",78,19
24925,"Mint Chocolate Chip Frozen Greek Yogurt Bars",37,1
24927,"Baked Oat Bites Cereal",121,14
24928,"Cocoa & Vanilla Bunny Cookies Gluten Free Bunny Cookies Gluten Free",61,19
24930,"Rosemary & Olive Oil Kettle Cooked Potato Chips",107,19
24933,"Turmeric Root",83,4
24937,"Beets, Sliced",116,1
24941,"Ancient Grain Tortillas 6 Count",128,3
24943,"Vinaigrette Classic Balsamic Dressing",89,13
24946,"Garlic Marinara Cooking Sauce",9,9
24948,"A Red Duet Jam",88,13
24952,"Tortilla Chips, Corn, Red Hot Blues",107,19
24954,"Total 0% with Honey Nonfat Greek Strained Yogurt",120,16
24955,"Simply Heinz Tomato Ketchup",72,13
24956,"Cafe Steamers Chicken Margherita",38,1
24959,"Donut Shop Medium Roast Coffee K-Cups",26,7
24963,"Isoproyl Rubbing Alcohol",118,11
24964,"Organic Garlic",83,4
24973,"Chicago Mix Popcorn",23,19
24979,"Orange & Carrot Juice Blend",98,7
24983,"Plus A Touch of Downy April Fresh Liquid Laundry Detergent",75,17
24985,"Organic Low Fat Black Bean Vegetable Soup",69,15
24991,"Health Breath Antiseptic Mouth Rinse Cool Mint",20,11
24993,"Organic Kosher Free Range Chicken Broth",69,15
25005,"Organic Green Lentils",63,9
25010,"Grape Chia Kombucha",31,7
25013,"Unsweetened Elegant Jasmine Green Tea",94,7
25015,"Raw Fit High Protein Vanilla Single Packet",65,11
25017,"Organic Turkey Breast",96,20
25020,"Organic Banana Chips",50,19
25025,"Rye Style Bread",58,1
25029,"Organic Super Fruit Energy Drink",64,7
25031,"Hand Soap, Liquid, Parsley Scent",25,11
25035,"Saffron Yellow Rice",63,9
25043,"Instant Oatmeal Variety Pack",130,14
25050,"Stage 1 Organic Green Bean Baby Food",92,18
25052,"Broccoli Cut Steamers",116,1
25053,"Frost Arctic Blitz Sports Drink",64,7
25055,"Veg and Fruit Puree, 100%, Organic, Sweet Potato, Corn and Apple",92,18
25056,"Chocolate Coconut Almond Protein Bars",65,11
25069,"Organic Aged Earl Grey Tea",94,7
25072,"Organic Cheddar Snack Mix",125,19
25075,"Original Chili Con Carne With Beans",59,15
25077,"Rigatoni with Chicken & Pesto",38,1
25081,"Mighty 4 Blueberry with Carrot Essential Nutrition Bar",92,18
25084,"Philadelphia Whipped Cream Cheese Spread with Chives",108,16
25087,"No Boil Lasagna",131,9
25088,"Organix Grain Free Turkey & Vegetable Dog Food",40,8
25089,"Whole Cloves",104,13
25092,"Polar Blast Fruit Drink",98,7
25093,"Colby Jack Cheese",21,16
25105,"Organic Ground Golden Flax Seeds",117,19
25108,"Dairy Free Soy Strawberry Alternative",120,16
25110,"Hardwood Smoked Honey Cured Thick Sliced Bacon",106,12
25116,"Frozen Red Raspberries",116,1
25122,"Organic European Style Lightly Salted Butter",36,16
25124,"Whole Kernel Golden Sweet Corn",81,15
25126,"Ancient Heirloom Popcorn",23,19
25132,"Ice Cream Bars",37,1
25133,"Organic String Cheese",21,16
25134,"Cilantro Bunch",100,21
25138,"Organic Plain Greek Whole Milk Yogurt",120,16
25144,"Original 100% Vegetable Juice",98,7
25146,"Original Orange Juice",31,7
25148,"Just Apple, Kiwi & Spinach Stage 2",92,18
25152,"Organic Bunny-Luv Carrots",83,4
25154,"Chicken Broccoli Supreme",38,1
25157,"Uncured Pastrami",96,20
25160,"Licorice, Bite-Size, Strawberry & Green Apple",45,19
25162,"Tomato",24,4
25165,"Fat Free Balsamic Vinaigrette",89,13
25167,"All-Natural Harvest Grape Fruit Strip",50,19
25169,"Garlic Breadsticks",58,1
25170,"Soy Sauce",66,6
25171,"Gruyere Chik'n Cutlets",42,1
25176,"Black Mission California Figs",24,4
25181,"Fragrance Free Automatic Dishwasher Tablets",74,17
25194,"Ground Sausage Style Veggie Protein",14,20
25195,"Roasted Garlic Loaf",112,3
25196,"Salt-Free Blend Chili Powder",104,13
25197,"Iced Oatmeal Cookie Kid Z Bar",3,19
25199,"Classic Chicken Salad",1,20
25206,"Olive Brushetta",110,13
25208,"Original Aloe Organic Aloe Vera Drink",98,7
25209,"Breakfast Essentials Rich Milk Chocolate Complete Nutritional Drink",65,11
25212,"Frappuccino Chilled Coffee Drink",26,7
25213,"Sweet & Salty Snack Mix",125,19
25221,"All Natural Prosciutto Vacuum Pack",96,20
25223,"Roasted Sweet Peppers",81,15
25225,"Rich Dark Chocolate",45,19
25226,"Smarty Kat Pet Toy Frisky Flyer",41,8
25229,"Minions Extra Soft Toothbrush Ages 5+",20,11
25230,"Chopped Onions",123,4
25231,"Organic Spearmint Tea",94,7
25232,"Lucky Charms Cereal",121,14
25237,"Nutty Bars",61,19
25242,"Organic Concord Grape Juice",98,7
25245,"Chocolate Hazelnut Bars",45,19
25246,"White Cheddar Macaroni & Cheese Cups",4,9
25252,"Vegan Veggie Salami Slices",14,20
25256,"Cultured Low Fat Buttermilk",84,16
25271,"Thai Style Chili Sauce",66,6
25272,"Small Macintosh Apple",24,4
25279,"Ultra Strong Toilet Paper",54,17
25281,"Buttermilk Biscuit",105,13
25283,"Lasagne Pasta",131,9
25286,"Sugar Substitute",17,13
25295,"Five Star Chocolate Bar Caramel",45,19
25300,"Family Organic Apple Juice Boxes - 4 CT",98,7
25303,"Zap Ems Pizza Snacks",38,1
25305,"Cold Brew Coffee Nitro Can",26,7
25309,"Hearty & Delicious 100% Whole Wheat Bread",112,3
25310,"All Natural Beef Jerky",23,19
25311,"Red Curry Paste",69,15
25314,"Lemon & Chive Dressing",89,13
25316,"Coconut Dreams Cookies",61,19
25323,"Calming Shampoo Tea Tree + Sea Buckthorn",22,11
25329,"Meatloaf in Gravy",38,1
25330,"Pecan Nut & Rice Cracker Snacks",78,19
25331,"Chocolate Malt",37,1
25332,"Unsweetened Coconut Water",98,7
25335,"Diet Cran-Lemonade Juice",98,7
25340,"Large Yellow Flesh Nectarine",24,4
25341,"Lit'l Smokies Smoked Sausage",106,12
25344,"Ultra Comfort Care Toilet Paper",54,17
25346,"Peanut Butter Dark Chocolate + Protein Bar",3,19
25347,"Greek 100 Calories Strawberry Banana Fat Free Yogurt",120,16
25350,"Super Premium Natural Brown Paper Basket Coffee Filters (8-12 Cups)",26,7
25353,"Aged Garlic Extract Immune Formula 103",47,11
25362,"Green Tea Peach",94,7
25363,"Fancy Greens",123,4
25367,"Original Miracle Whip Dressing",72,13
25368,"Complete Powder",74,17
25370,"Non-Dairy Organic Chocolate Hazelnut Fudge Frozen Dessert",37,1
25371,"Organic Banana Blueberry Baby Food Puree",92,18
25379,"Salted Sweet Cream Butter Quarters",36,16
25380,"Diet Caffeine Free No Calorie Orange Soda",77,7
25387,"Base Cookie Dough Protein Bar",3,19
25388,"Lil Snapper Kid Size Granny Smith Apples",24,4
25392,"Plus Downy Clean Breeze Scent Liquid Laundry Detergent, 46 oz, 24 loads Laundry",75,17
25393,"Heavy Duty 12\"" Aluminium Foil",85,17
25396,"Dark Mocha Almond Chewy Granola Bars",48,14
25397,"Blasts! Reese's Peanut Butter Cups Frozen Dairy Dessert",37,1
25398,"Chocolate Snack Grahams",78,19
25406,"Prime Filets Meaty Favorites Variety Pack Cat Food",41,8
25407,"Mashed Potatoes",13,20
25408,"Peppered Beef Jerky",23,19
25422,"Peanut Butter Crunch Cereal",121,14
25424,"Cayenne Cleanse Kombucha",100,21
25425,"Organic Petite Diced Tomatoes",81,15
25435,"Original Lemonade",115,7
25437,"Organic Peach Rings",50,19
25438,"Guava Nectar",31,7
25439,"Organic Carrot Cake Sprouted Cookies",61,19
25442,"G Series Perform Orange Sports Drink",64,7
25443,"Delights Turkey Sausage, Egg Whites & Cheese Croissant",52,1
25444,"Borage Therapy Unscented Hand Cream",25,11
25448,"Mexican Roasted Pasilla Chile Cooking Sauce",30,6
25450,"Very Emollient Body Lotion - Unscented Original",25,11
25451,"3 Minute Miracle Moist Deep Conditioning Treatment",22,11
25455,"Four Cheese",79,1
25461,"Peachy Pistachio Greek Yogurt",120,16
25464,"Unscented 2-Ply Double Roll Bathroom Tissue",54,17
25466,"Water",115,7
25469,"Smokehouse Almonds Value Pack",117,19
25470,"Original Artichoke Burgers",42,1
25471,"Soft French-Style Herb-Garlic Nut Cheese",21,16
25472,"Sparkling Tangerine Probiotic Drink",120,16
25475,"Spot's Stew Succulent Salmon Recipe Dog Food",40,8
25476,"Classic Recipe Chicken & Stars Condensed Soup",69,15
25477,"Yogurt, Nonfat, Organic, Plain",120,16
25483,"Tasteful Sides Macaroni & Cheese",4,9
25489,"Gluten Free Inca Red",63,9
25492,"Tofu, Firm",66,6
25494,"Medium House Blend Ground Coffee",26,7
25495,"Flip™ Low-Fat Key Lime Crumble Greek Yogurt",120,16
25499,"Vanilla Plant Based Nondairy Beverage",91,16
25503,"All-Vegetable Shortening Baking Sticks",17,13
25504,"Toasted Caramel Coconut Chips",117,19
25506,"Tall Compostable Kitchen Bags",60,17
25513,"Boomchickapop Sea Salt Popcorn",23,19
25519,"High Protein Milk Chocolate Nutrition Shake",65,11
25520,"Reduced Fat Crumbled Blue Cheese",2,16
25521,"Fiber Harmony Certified Organic  Whole Husk Psyllium",70,11
25525,"Aged Artisanal Treenut Cracked Pepper Cheese",21,16
25527,"Lowfat Maple Yogurt Organic",120,16
25533,"Vegan Chao Creamy Original Cheese Slices",21,16
25535,"Organic  Creamy Peanut Butter Hint of Sea Salt",88,13
25537,"French Snacking Brie",21,16
25542,"Orzo, No. 65",131,9
25544,"Fresh Cut Golden Sweet Whole Kernel Corn",81,15
25546,"30 Gallon Large Trash Bags",60,17
25548,"Ultra ComfortCare Mega Roll Toilet Paper",54,17
25550,"Flour corn tortillas filled with chicken and vegetables over a bed of rice topped with a Real cheese sauce Chicken Enchiladas",38,1
25551,"Big Sur Breakfast Burrito",52,1
25552,"Organic Steel Cut Oats",130,14
25553,"All Natural Hoisin Sauce",66,6
25556,"Cheese Alternative Shreds, Mozzarella",21,16
25557,"Black Tie Frosted Cupcake",8,3
25561,"Enriched Fine Yellow Corn Meal",17,13
25562,"Clover Premium Honey",29,13
25569,"Fudge Stripes Original Cookies",61,19
25570,"Eggo Strawberry Waffles",52,1
25577,"Organic Bunny Pasta & Chicken Broth Soup",69,15
25579,"Naturally Smoked Trout Fillet",15,12
25581,"Blueberry Lowfat Yogurt",120,16
25582,"Disney Princess Assorted Sizes Adhesive Bandages",118,11
25584,"Yellow Corn Tortillas",128,3
25586,"White Meat Chicken Primavera Cat Food",41,8
25587,"Organic Strawberry Hibiscus Kombucha",31,7
25588,"Seedless Small Watermelon",24,4
25598,"Organic Plain French Style Yogurt",120,16
25602,"Blemish Control Apricot Scrub",73,11
25605,"Variety Pack Splash Water Beverage",115,7
25610,"Organic Pomegranate Kernels",116,1
25613,"Homestyle Popcorn",23,19
25615,"Heavenly  Crisp Peanut Butter Candy Bars",45,19
25619,"Original All-Purpose Tomato & Basil Marinara",9,9
25623,"Real Guacamole",67,20
25627,"Burrata Mozzarella Cheese",2,16
25629,"Cold Brew Coffee with Milk",31,7
25630,"Healthy Grains Fiber Cinnamon Oat Clusters",57,14
25633,"Sea Fresh Toothpaste Deep Sea Spearmint",20,11
25634,"Air Chilled Chicken Drumsticks",35,12
25640,"White Peach",24,4
25642,"Sgt. Pepper Goat Milk Cheese",21,16
25647,"Heirloom Tomato",83,4
25648,"Chipotle Lime Mayo",72,13
25653,"Organic Plain Yogurt",120,16
25659,"Organic Coconut Milk",91,16
25666,"Madras Curry Spicy Indian Simmer Sauce",72,13
25667,"Slant-Tip Tweezers",132,11
25670,"High Pulp Orange Juice",31,7
25671,"Clean Mint Zero Mouthwash",20,11
25672,"Pulsatilla 30 C Homeopathic Pellets",11,11
25676,"Condensed Soup, Bean with Bacon",69,15
25680,"Creamy Peanut Butter Spread",88,13
25683,"Organic Dill Weed",104,13
25684,"French Style Green Beans with Roasted Garlic",81,15
25685,"Beef Consommé Condensed Soup",69,15
25686,"Super Soft Flour Tortillas Fajita Size 20 ct",128,3
25691,"Original Life Cereal",121,14
25695,"Extra Firm Sprouted Soybean Tofu",14,20
25705,"Butterhead Lettuce",83,4
25706,"Hazelnut Bromstad Design Liquid Coffee Creamer",53,16
25707,"Home Style Chicken Gravy",5,13
25715,"Organic Green Grapes",24,4
25718,"Cold Brew Coffee",26,7
25720,"Organic Sunchoke",83,4
25721,"Zap Ems Fettuccine Alfredo",38,1
25727,"Delifresh Combos The Honey Smoked Turkey Breast Honey Ham",96,20
25731,"Maple Bacon Blueberry Meat Bar",3,19
25732,"Spring Onion Instant Rice Noodle Soup",66,6
25740,"Pepperidge Farm® Goldfish Xtra Cheddar Baked Snack Crackers",78,19
25741,"Saffron Threads",104,13
25742,"PlugIns Scented Oil Refill Clean Linen",101,17
25743,"Organic Beef Stock",77,7
25745,"Oreo  Ice Cream Sandwiches",37,1
25746,"Dill & Garlic Sauerkraut Salad",110,13
25747,"Organic Kosher Fat Free Chicken Broth",69,15
25753,"Organic Homestyle Waffles",52,1
25758,"Super Tea Sweet Thorn",94,7
25760,"Creamy Caesar Dressing",89,13
25762,"Spinach Pizza Snacks",129,1
25767,"Organic Multi Grain Squares Cereal",121,14
25768,"Organic Black Peppercorn",104,13
25769,"Olive Oil Squeeze Mayonnaise Dressing",72,13
25777,"Instant Nonfat Dry Milk",17,13
25783,"Lemon Lime Thirst Quencher",64,7
25796,"Medium Texas Salsa",51,13
25800,"Root + Hair Deep Repair Conditioning Hair Mask",22,11
25802,"Pierogi Potato & Cheese",6,2
25804,"Original Soy Milk",91,16
25805,"Madagascar Vanilla Almond Nuts & Spices Bars",3,19
25806,"Anticavity Fluoride and Antigingivitis Fresh + Whitening Gel Toothpaste",20,11
25814,"Butter Buns Hotdog",43,3
25817,"Zero Calorie Grape Soda",77,7
25821,"Organic Raspberry Fruit Spread",88,13
25824,"Pita Chips Simply Naked",107,19
25825,"Original Long Grain Rice",4,9
25826,"Greek & Chia Blueberry Nonfat Yogurt",120,16
25830,"Eggo Blueberry Waffles",52,1
25832,"Morning Rounds Muesli Fruit & Grain Buns",93,3
25834,"Organic 85% Dark Chocolate for Baking",45,19
25836,"Burgers Spicy Black Bean Veggie Burgers",42,1
25837,"Mini Babybel Light Semisoft Edam Cheeses",21,16
25838,"Snack N Go Applesauce Pouches",99,15
25839,"Froot Loops Cereal",121,14
25841,"Even Advanced Sea Mineral Cleansing Gel",109,11
25842,"Gluten Free Rice Crust Spinach Pizza",79,1
25843,"Maple Bacon Potato Chips",107,19
25844,"Double Rolls Bath Tissue",54,17
25847,"Splash Raspberry Lemonade",98,7
25849,"Brown Butter Almond Brittle Ice Cream",37,1
25852,"Edamame",1,20
25854,"Polska Kielbasa Sausage",106,12
25861,"Freshly Shaved Parmesan Cheese",21,16
25868,"Spicy Sichuan Chili Green Peas",50,19
25869,"Light Cranberry Juice",98,7
25872,"Salted Caramel & Chocolate Non Dairy Frozen Dessert",37,1
25876,"Strawberry Yogurt Protein Drink with a Crunchy Shot",120,16
25878,"Medium Picante Salsa",51,13
25879,"Organic Whole Milk Strawberry Kefir",84,16
25885,"Grapefruit, Bag",24,4
25886,"Wild Blend Rice",63,9
25890,"Boneless Skinless Chicken Breasts",49,12
25893,"Original Pancake & Waffle Mix",130,14
25896,"Activia Lowfat Peach Yogurt",120,16
25903,"Italian Salad Dressing & Recipe Mix",89,13
25906,"Paleo Granola Cinnamon Crunch",57,14
25915,"Extra Heavy Overnight With Flexi-Wings Maxi Pads",126,11
25918,"Crumbled Garlic & Herb Feta Cheese",21,16
25919,"Parmesan Shredded Cheese",21,16
25922,"54.6 yard Heavy Duty Packaging Tape",87,17
25926,"Natural Orange Flavor Sparkling Mineral Water",115,7
25927,"Organic Chocolate Brownie Bar",3,19
25930,"Pure Cane Confectioners 10-X Powdered Sugar",17,13
25931,"Organic Baby Spinach Salad",123,4
25934,"60 Minute IPA",27,5
25936,"EnviroKidz Gluten Free & Wheat Free Gorilla Munch Corn Puff Cereal",121,14
25937,"Semi Soft Part-Skim Slices",21,16
25938,"Peru Sweet Onions",83,4
25939,"Kettle Cooked Kosher Dill Potato Chips",107,19
25947,"Pecan Halves",117,19
25948,"Peppermint In Dark Chocolate Bar 55% Cocoa",45,19
25949,"Cream Top Smooth & Creamy Maple Yogurt",120,16
25952,"Original Potato Chips",107,19
25965,"Santa Fe Fiesta Salad",1,20
25972,"Dead Sea Mineral Bath Salt",133,11
25976,"Pepperidge Farm Colors Cheddar Baked Snack Crackers",78,19
25978,"Small/Medium Dog Treats",40,8
25980,"Organic Gluten Free Pancake & Baking Mix",130,14
25985,"Chicken & Apple Smoked Chicken Sausage",106,12
25986,"Blueberry Lemonade",31,7
25987,"Gluten Free Peanut Butter Cookie",105,13
25997,"Doctor Formulated Probiotics Once Daily Women's 50 Billion Guaranteed Vegetarian Capsules",70,11
26002,"Mini Farfalle Pasta",131,9
26010,"Dairy Free Vegetable Pot Pie",38,1
26013,"Organic Dried Papaya",50,19
26015,"Organic Southwestern-Style Black Bean Soup",69,15
26021,"Caramel Nut Brownie",3,19
26023,"Organic Chewy Honey Roasted Nut Granola Bars",3,19
26028,"Almond Cheddar Style Cheese Alternative Block",21,16
26030,"Mozzarella Traditional Cut Shredded Cheese",21,16
26032,"Dairy Free Mozarella Style Shreds",21,16
26036,"Organic Apples & Apricots",92,18
26037,"Family Care Smooth & Dry Insect Repellant",87,17
26040,"Deli Fresh Honey Ham, 97% Fat Free, Gluten Free",96,20
26043,"Gluten Free Grilled Chicken Breast Strips",34,1
26047,"Tuna Salad",1,20
26052,"Mixed Berry Greek Yogurt",120,16
26055,"Original Fruit Chews",45,19
26060,"Pimento Stuffed Manzanilla Olives",110,13
26061,"Homegrown Gluten Free Rice Pasta & Cheddar Microwavable Macaroni",4,9
26075,"Sensitive Skin Shave Cream",55,11
26076,"Gluten Free Corn Dogs",106,12
26083,"Baby Bella Mushrooms",123,4
26088,"Aged White Cheddar Popcorn",23,19
26090,"Tuna Fillets Ventresca In Olive Oil",39,12
26093,"Soy Crisps Lightly Salted",107,19
26094,"Krave Cereal Chocolate",121,14
26096,"Organic Gala Apples, Bag",24,4
26100,"Waffles, Ancient Grains",52,1
26101,"Spearmint Water",115,7
26104,"Frozen Organic Mango Chunks",116,1
26111,"Classic Roast Ground Coffee",26,7
26113,"Vegetarian Vegetable Extra Large Cubes Bouillon",69,15
26118,"Oven Ready Lasagna",131,9
26124,"Tartar Protection Whitening Toothpaste Cool Mint Paste",20,11
26126,"Moisturizing Yuzu Shower Gel",25,11
26128,"Organic Mango Chunks",116,1
26129,"Steel Cut Cranberry Vanilla Almond Flavor Instant Oatmeal",130,14
26131,"Mixed Berries Whole Milk Icelandic Style Skyr Yogurt",120,16
26133,"Classic Macaroni & Mild Cheddar Cheese",4,9
26134,"Tuscan Bean & Rice Soup",59,15
26135,"1% Milk",84,16
26138,"100% White Grape Juice",98,7
26139,"Slow Churned Light Classic Vanilla Ice Cream",37,1
26143,"Organic Lavender Hand Sanitizer",25,11
26148,"Heart Healthy Mix",117,19
26152,"Granulated Sugar",17,13
26163,"Organic Mayonaise",72,13
26165,"Electrolyte Enhanced Water",115,7
26168,"Newman O's Creme Filled Mint Chocolate Cookies",61,19
26170,"Spring Roll Skins",66,6
26171,"Lint Roller - 56 Sheets",87,17
26172,"Light Sour Cream",108,16
26177,"Organic Honey Nut O's Cereal",121,14
26179,"Set Me Up Beautiful Bold Hold Hairspray, Max",22,11
26183,"Gelato Indulgences Tiramisu",37,1
26184,"Cookies 'n Cream Low Fat Ice Cream Sandwiches",37,1
26187,"The Ultimate Beefless Slider",42,1
26188,"Scrubbing Bubbles Lemon Power All Purpose Disinfectant Cleaner",114,17
26193,"Orange Juice To-Go",98,7
26198,"Chicken & Noodles Compleats",4,9
26201,"Chicken Taquitos",129,1
26203,"Clean Linen Automatic Spray Starter",101,17
26209,"Limes",24,4
26211,"Awesome Strength Paper Towel",54,17
26216,"Cotija",21,16
26221,"Skinny Cow Vanilla Low Fat Ice Cream Sandwiches",37,1
26223,"Cranberry Almond Plus Fruit & Nut Bars",3,19
26227,"Old Vine Zinfandel",28,5
26230,"Sprouted Watermelon Seeds",117,19
26231,"Raspberry Iced Tea Drink Mix Packets",90,7
26232,"Original Big Biscuit Cereal",121,14
26242,"Organic Black Lentils",63,9
26246,"Mini Double Caramel Ice Cream Bars",37,1
26248,"Classic Pancakes",130,14
26250,"Mini Pancakes",52,1
26251,"Original Blend Medium Roast Ground Coffee",26,7
26252,"Atlantic Salmon Fillets",15,12
26254,"Corn Snack, Hot Chili Pepper & Lime, Takis",107,19
26260,"Sliced Olives",110,13
26273,"Organic Chocolate Frosting",97,13
26278,"Organic Mashups Mixed Berry",92,18
26280,"Pure Cane Light Brown Sugar",17,13
26282,"Organic Snack Mix Bunnies Snack Mix, Organic",125,19
26283,"White Corn",83,4
26284,"Sensitive Infant Formula for Fussiness and Gas",92,18
26286,"Tahoe White Chocolate Macadamia Cookies",61,19
26292,"Fruit & Vegetable Wash",114,17
26293,"Organic Tart Cherry Juice",98,7
26298,"Thin Crust Margherita Pizza with Fresh Mozzarella & Basil",79,1
26300,"Spaghetti Protein Plus Pasta",131,9
26301,"Fresh Whole Milk Ricotta",108,16
26307,"Aged Red Wine Vinegar",19,13
26309,"Cold Pressed Watermelon Juice",98,7
26312,"Caesar Salad Kit",123,4
26313,"Pad Thai Noodles",63,9
26314,"Buttermilk, Cultured Low Fat",84,16
26315,"Organic White Corn & Wheat Tortillas",128,3
26317,"Organic Lemonade",98,7
26318,"Pineapple Juice",98,7
26319,"Cereal, Puffed Rice",121,14
26321,"Greek Yogurt Caesar Kit",123,4
26324,"Grass Fed Ground Beef",122,12
26329,"Cinnamon Raisin Brioche",93,3
26339,"White Potatoes",83,4
26343,"Reduced Fat Shredded Mozzarella Cheese",21,16
26344,"Organic Mixed Berry Sipper Juice",98,7
26346,"Organic Skim Milk",84,16
26348,"Mixed Fruit Fruit Snacks",50,19
26349,"Salty Caramel Ice Cream",37,1
26351,"Gluten Free Mini Pretzels",107,19
26353,"Goat Cheese Original Log",21,16
26355,"Doctor Formulated Probiotic Mood 50 Billion",70,11
26358,"Milk of Magnesia Fresh Mint Liquid Laxative",70,11
26362,"Lavender Lullaby Soap",102,18
26364,"Kefir Cultured Milk Smoothie, Whole Milk, Sublime Slime Lime",120,16
26365,"Red Label Scotch",124,5
26366,"Artisanal Spinach Fettuccine Pasta",131,9
26367,"Alcohol-Free Witch Hazel Rose Petal Toner",109,11
26368,"Vanilla",26,7
26369,"Organic Roma Tomato",83,4
26372,"FreshBurst Antiseptic Mouthwash",20,11
26373,"Vitamin D Added Evaporated Milk",17,13
26376,"Shrimp Spring Roll",13,20
26384,"Large Brown Eggs",86,16
26386,"Protein Energy Bar Original Peanut Butter Fudge",3,19
26390,"Shirataki Zero Calorie Noodle Substitute",66,6
26395,"Vermont White Cheddar",21,16
26396,"Bold Party Blend Snack Mix",125,19
26397,"Brightly Lint-Free Paper Towel",54,17
26405,"XL Pick-A-Size Paper Towel Rolls",54,17
26407,"Unsalted Beef Flavor Cooking Stock",69,15
26409,"Vanish Continuous Clean Drop-Ins Blue Discs Toilet Cleaner",114,17
26410,"Rice Thins Brown Rice Snack Crackers",78,19
26412,"Fresh Lean Ground Turkey",49,12
26416,"100% Real Tea Leaves Decaffeinated Tea Bags",94,7
26419,"Organic Very Raw Honey",29,13
26425,"Sliced Sharp Cheddar Cheese",21,16
26427,"Fruit & Nut Delight Bar",3,19
26429,"Green Grapes",24,4
26431,"Organic Frosted Maple Brown Sugar Toaster Pastries",48,14
26434,"Honey/Lemon Cough Drops",11,11
26442,"Medium Thick & Chunky Salsa",51,13
26452,"Dairy Free Gluten Free Cheeze Lover's Pizza",42,1
26453,"Organic SprouTofu Royal Thai Baked Tofu",14,20
26454,"Mint 70% Dark Chocolate Bar",45,19
26456,"Italian Pizza Crust Original 12oz",128,3
26459,"All Purpose Cleaner, Lemon Breeze Scent",114,17
26460,"1st Foods Applesauce Baby Food",92,18
26472,"1/3 Less Fat Chive & Onion Cream Cheese",108,16
26475,"Sensitive Facial Cleansing Towelettes",109,11
26476,"The Original Caesar Dressing",89,13
26477,"Cello Tomatoes",83,4
26480,"Purple Top Turnip",83,4
26486,"Organic Shiitaki Mushrooms",116,1
26488,"Organic Strawberry Grassfed Whole Milk Yogurt",120,16
26495,"Buttermilk",84,16
26497,"Romaine Lettuce",83,4
26499,"Lavender Long Lasting Deodorant",80,11
26502,"Stevia",47,11
26503,"Classic Vegetables Whole  Kernel Corn",116,1
26504,"Creamy & Raw Almond Butter",88,13
26505,"Snack Size Vanilla Yogurt Raisins",117,19
26506,"Zesty Sriracha Carrot Hummus",67,20
26509,"Hot Taco Seasoning Mix",5,13
26510,"Eggo Nutri-Grain Low Fat Waffles",52,1
26520,"Cheese Shredded Sharp Cheddar Reduced Fat 2%",21,16
26521,"Organic Grass-Fed Classic Mild Cheddar Macaroni & Cheese",4,9
26522,"Prenatal Gummy Vitamins",47,11
26525,"Sweet Pea and Violet Body Wash",127,11
26528,"Extra Sharp White Cheddar Cheese",21,16
26530,"Bath Tissue",54,17
26540,"Organic All Vegetable Shortening",17,13
26552,"Cafe Steamers Asian Beef Teriyaki",38,1
26553,"Butter Bread",112,3
26558,"Macaroni & Soy Cheeze Pasta",42,1
26559,"Dishwasher Detergent, Fresh Scent",74,17
26560,"Natural Balance Overnight Maxi Pads",126,11
26566,"London Dry Gin",124,5
26568,"Polenta Enriched Corn Meal",4,9
26571,"In Tomato Sauce Spaghetti & Meatballs",59,15
26576,"Yellow Corn Tortilla Chips",107,19
26583,"Oven Bags",85,17
26585,"Mix Lemon Bar",105,13
26586,"Quart Sized  Easy Open Freezer Bags",85,17
26587,"Ultra This Colby Jack",21,16
26589,"Indoor Delights Cat Food",41,8
26592,"Wasabi Seaweed Chips",107,19
26598,"Brushing Chews Fresh Breath Daily Dental Treats",40,8
26599,"Jasmine Green",31,7
26600,"Peanut Butter, Unsalted, Crunchy",88,13
26602,"Digestives Milk Chocolate",61,19
26604,"Organic Blackberries",24,4
26606,"Simply White Natural Clean Mint Fluoride Toothpaste",20,11
26607,"Basil Dryer Sheets",75,17
26609,"Premium Solid White Albacore in Vegetable Oil Tuna",95,15
26612,"Extra Strong Large Trash 30 Gallon Drawstring Bags",60,17
26620,"Peach Pear Flavored Sparkling Water",115,7
26624,"Graduates For Toddlers Apple Cinnamon Cereal Bars",92,18
26629,"Cherry Pie Fruit & Nut Bar",3,19
26634,"Cookies, Chocolate Chip Walnut",61,19
26638,"Organic Thai Sweet Potato Soup",69,15
26641,"Santa Maria Seasoning",104,13
26642,"Almond + Sea Salt",45,19
26648,"Ataulfo Mango",24,4
26649,"Gluten Free Hot Buffalo Wing Pretzel Sticks",107,19
26651,"Lowfat 1% Milkfat Lactose Free Milk",91,16
26656,"Vanilla Rice Protein",65,11
26664,"Fruit Spread, Organic, Raspberry",88,13
26665,"Tandoor Baked Naan",128,3
26666,"Pure Peppermint Herbal Tea",94,7
26668,"Cannellini White Kidney Beans No Salt Added",59,15
26669,"Vanilla Cupcake Grahams Snacks",78,19
26670,"Mighty Dry Hard Cider",27,5
26675,"Organic Ground Fenugreek",104,13
26679,"Organic Unrefined-Unfiltered Extra Virgin Olive Oil",19,13
26683,"Cafe Latte Pure Lightly Sweetened Iced Coffee With Almond Milk",91,16
26689,"Lime Diet Coke",77,7
26693,"Powder Fresh Scent Deodorant Antiperspirant Aerosol",80,11
26698,"Sourdough Hard Pretzels Fat Free",107,19
26700,"Pesto Cheese Tortellini",12,9
26701,"Maca Berry Probiotic Super Tea",94,7
26705,"Ultra Downy Infusions Amber Blossom Liquid Fabric Conditioner",75,17
26706,"Chicken Pad Thai With Rice Noodles",38,1
26709,"Four Cheese Rising Crust Pizza",79,1
26710,"Sport Laundry Liquid, Lavender & Eucalyptus Extracts",75,17
26711,"Lightly Salted Cashews Halves & Pieces",117,19
26712,"Ocean Whitefish & Tuna in Sauce Prime Filets Wet Cat Food",41,8
26714,"Chicken Salad",1,20
26715,"Coffee Peter Cook-Ies Ice Cream Bars",37,1
26717,"Ginger Yuzu Scented Dish Soap",74,17
26723,"Comice Pear",24,4
26727,"Nutrition Protein Mix Blueberry Nut",125,19
26728,"Compostable Tall Trash Bags 13 gallon",60,17
26735,"Vanilla Almond Crisp Protein Bar",3,19
26736,"Red Wax Gouda",112,3
26738,"Original Cold Brew  Coffee With Milk",26,7
26739,"Dark Chocolate Squares With 88% Cocoa",45,19
26746,"Organic Lacinato Kale",83,4
26750,"Organic Red Thai Hom Mali Jasmine Rice",100,21
26751,"Organic Tomato Basil Sauce",9,9
26753,"Chocolate Energy Bars And Gels",3,19
26756,"Light CocoWhip! Coconut Whipped Topping",6,2
26758,"Maple Mustard Sauce",72,13
26759,"Solid Light Tuna In Olive Oil",95,15
26763,"99% Fat Free Vegetarian Chili With Beans",59,15
26764,"Seasoning",104,13
26767,"No Calorie Sweetener Packets",17,13
26768,"Organic Thompson Raisins",117,19
26769,"Organic Unrefined Coconut Oil",19,13
26771,"Light Coffee with Milk Medium Roast Iced Coffee",26,7
26781,"Frosted Cinnamon Roll Toaster Pastries",48,14
26790,"Organic AppleApple",99,15
26792,"Vegetable Classics Macaroni & Bean Soup",69,15
26798,"Light Lemon Cream Pie Yogurt",120,16
26799,"Sweeper Dry Pad Refills Unscented",114,17
26800,"Organic Baby Kale Mix",123,4
26806,"Oat Revolution Classic Steel Cut Oats with Flax",130,14
26810,"Organic Date Pecan & Coconut Granola Bar",3,19
26820,"Habanero Jack Cheese",21,16
26822,"Indoor Saucy Seafood Bake in Sauce Cat Food",41,8
26824,"Migraine Pain Reliever Caplets",133,11
26826,"Coconut Crème Coffee-Mate Coffee Creamer",53,16
26830,"Hummus Spicy Three Pepper",67,20
26831,"Frosted Chocolate Fudge Pop-Tarts",48,14
26833,"Red Wagon Organic Ground Coffee",26,7
26836,"Kelloggs Special K Protein Cinnamon Brown Sugar Crunch",121,14
26839,"Brussels Cookies",61,19
26842,"Boneless Beef Sirloin Steak",122,12
26845,"Relaxed Mind Tea Bags",94,7
26848,"Swiss Cheese Block",21,16
26851,"Chew-Lotta Long Lasting Chewbone Dog Snacks",40,8
26856,"Organic Ezekiel 4:9 Sesame Bread",112,3
26857,"Spirited Prints Paper Towels with Thirst Pockets - 8 CT",54,17
26861,"Whole Kernel Sweet Corn",81,15
26863,"Original Frosted Mini Wheats Little Bites",121,14
26870,"New England Clam Chowder",1,20
26872,"Original Wheat Crackers",78,19
26873,"Kettle Cooked Olive Oil Potato Chips",107,19
26876,"Cherry Tomato Medley",83,4
26877,"Vegetable Oil Non Stick Cooking Spray",19,13
26878,"G Series Lime Cucumber Sports Drink",64,7
26882,"Russet Potatoes",83,4
26883,"Bac'n Pieces",89,13
26885,"Luau BBQ Potato Chips",107,19
26889,"Vegetable Broth",69,15
26894,"Organic Chocolate Milk",84,16
26895,"Hot Pepper Sesame Oil",72,13
26897,"Salsa, Medium",51,13
26899,"Grow Well DHA Baby Food",92,18
26900,"USDA AA Extra Large Eggs",86,16
26901,"Ricotta Salata Cheese",2,16
26907,"Wild Caught Boiled Baby Clams",95,15
26910,"100% Juice No Sugar Added Apple",98,7
26911,"Kale Krunch The Original Quite Cheezy",50,19
26914,"Bean & Cheese Burrito",38,1
26915,"Organic Lowfat Yogurt Banana Vanilla",120,16
26917,"Beef & Bean Green Chili Burritos",38,1
26922,"Freshly Grated Cheese, Parmesan",21,16
26923,"Organic Mid Season Heirloom Apple Sauce",98,7
26924,"French Vanilla Light Roast K-Cup Packs Arabica Coffee",26,7
26925,"Organic Pink Lady (Cripps) Apple",100,21
26929,"Roasted Tomato Chipotle Corn Salsa Medium Hot Salsa",51,13
26931,"No Drip Sinus Pump Mist",11,11
26932,"Turbinado Cane Sugar",17,13
26937,"Organic Kale",116,1
26939,"Penne Rigate Pasta",131,9
26940,"Organic Large Green Asparagus",83,4
26949,"Tempt Unsweetened Original Hemp Milk",91,16
26951,"Acai + 10 Superblend 100% Fruit Juice + Boosts",31,7
26955,"Alla Vodka Sauce",9,9
26959,"Organic Vanilla Unsweetened Almond Non-Dairy Beverage",91,16
26960,"Schweiks Blend Whole Bean Coffee",26,7
26964,"Oil of Oregano Dietary Supplement",47,11
26966,"Chocolate Covered Ring Jells",33,6
26981,"Bean & Rice Chips Nacho",107,19
26985,"3 Jumbo Romaine Hearts",123,4
27000,"Grassfed Whole Milk Vanilla Yogurt",120,16
27004,"Cherry Menthol Cough Suppressant Drops",11,11
27007,"Fruit & Cream Variety Pack Instant Oatmeal",57,14
27011,"Chicken & Sausage Gumbo Soup",69,15
27012,"Organic Baby Spring Mix",123,4
27014,"Black Bean Soup",30,6
27017,"Hand Sanitizer Organic Lavender",118,11
27019,"Thins Light & Tasty Snack Crackers Lightly Salted",78,19
27020,"Mandarins Bag",24,4
27022,"Veggie Rotini Pasta",131,9
27024,"Bottled Water",115,7
27027,"Original Spoon Size Shredded Wheat Cereal",121,14
27028,"Vanilla Hempmilk",91,16
27030,"Organic Fermented Rice Probiotic",70,11
27033,"Microwave Ready Original Bacon",106,12
27036,"Virginia Brand Ham",7,12
27038,"Double Shot Espresso And Cream",26,7
27044,"Maple Almond Butter",88,13
27045,"All Natural Sour Cream",108,16
27046,"Echinacea Supreme Extract",47,11
27055,"Mushroom Ramen",66,6
27057,"Gluten Free Sandwich Rounds",58,1
27061,"Sweet Potato Apple Stage 2 Baby Food",92,18
27065,"All Natural Chicken Drumsticks",35,12
27070,"Organic Green Dragon Tea",94,7
27071,"Fruity Dyno Bites Cereal",121,14
27072,"Zero",77,7
27077,"Guava Guayaba Nectar",31,7
27080,"Strawberry Twists",45,19
27085,"Mango Pineapple Salsa",67,20
27086,"Half & Half",53,16
27090,"Lemon Seltzer",115,7
27092,"Diet Lemonade Soda",77,7
27093,"Thai Coconut Soup",69,15
27098,"Baby Food, Organic, Peach, Banana & Raspberry with Quinoa, 2 (6 Months & Up)",92,18
27102,"BelVita Blueberry Breakfast Biscuit Packs",48,14
27104,"Fresh Cauliflower",83,4
27105,"Gluten Free Quinoa Rotelle Pasta",131,9
27107,"Kids Bubble Fruit Flavor Cavity Protection Toothpaste",20,11
27113,"Wild Berry Low Fat Clusters & Flakes",121,14
27115,"All-Natural Autumn Apple  Fruit Strip",50,19
27117,"Refresh Herbal Tea",94,7
27122,"Part Skim Mozzarella Cheese",21,16
27126,"Gluten Free All Purpose Baking Flour",105,13
27133,"Soft‑Ripened Brie Cheese",2,16
27138,"Vermont White Cheddar Macaroni & Cheese Dinner",4,9
27142,"Unsweetened Organic Coconut Milk Light",91,16
27143,"Spicy Three Pepper Hummus",67,20
27144,"Organic Chocolate Rooibos Caffeine Free Tea",94,7
27147,"White Corn Tortilla Chips",107,19
27148,"Cold Brew Unsweetened Black Iced Coffee",26,7
27156,"Organic Black Beans",59,15
27161,"Plus Pain Relief Maximum Strength Antibiotic Ointment",118,11
27170,"Hemp Almond Pure Castile Soap",25,11
27171,"Bread Crumbs",17,13
27172,"Coconut Water, Real, with Pulp",98,7
27177,"Shampoo, Body Wash, Bubble Bath Coconut+Lemon",22,11
27178,"Classic White Premium Baking Chips",17,13
27179,"Rising Crust Pepperoni Pizza",79,1
27186,"Vegetable Spring Rolls",42,1
27189,"Turkey Smoked Sausage",106,12
27191,"Delightful Multi-Grain Bread",112,3
27196,"Pure & Natural Light Sour Cream",108,16
27200,"Original Mexican Style Pizza",79,1
27201,"Egg Noodle, Medium",131,9
27203,"Red Hot Beef Burrito",38,1
27204,"Organic Vanilla Frosting",17,13
27209,"Original Supreme Sausage, Pepperoni, Peppers, Black Olives, Onions",79,1
27213,"Premium White Chocolate Baking Chocolate Bar",17,13
27216,"Macaroni Salad",1,20
27227,"Pumpkin Seed Cheddar Crispbreads",78,19
27229,"Hoisin Sauce",66,6
27235,"Organic Flame Raisins",117,19
27236,"Jubilee Rice",63,9
27237,"Butter Top Wheat Bread",112,3
27238,"Light Boston Cream Pie Yogurt",120,16
27239,"Bits Cheese Cracker Sandwiches",78,19
27240,"Classic Lavender & Chamomile Liquid Hand Soap",127,11
27241,"Cultured Pasture Butter",36,16
27242,"Cheese Party Pizza",79,1
27243,"Premium Pure Cane Granulated Sugar",17,13
27244,"Hannah Max Crunchy Chocolate Chip",45,19
27246,"Big Chewy Chocolate Chip Granola",48,14
27247,"Original Soy Creamer",91,16
27249,"100% Unbleached Recycled Bath Tissue",54,17
27250,"Organic LactoRelief Iron Fortified Toddler Formula",92,18
27259,"Allergy + Congestion 12 Hour Relief Extended Release Tablets",11,11
27267,"Organic Grassmilk Yogurt Wild Blueberry",100,21
27275,"Pineapple Strawberry Sparkling Water",115,7
27277,"Organic Stage 1 First Sweet Potatoes",92,18
27278,"Ziti Bolognese Pasta Bowl",38,1
27284,"Organic Fruit and Nut Granola Cereal",57,14
27286,"Organic Mustard Greens",24,4
27288,"Chocolate Chip Cookie Dough",105,13
27292,"Sea Salt Macadamias",117,19
27294,"Wrigley's Orbit Wintermint Sugar Free Gum- 3 PK",46,19
27299,"Organic SprouTofu Firm Water Packed Tofu",14,20
27304,"Organic 5 Grain Elbows & White Cheddar Macaroni and Cheese",4,9
27307,"Cage Free Grade A Large Brown Eggs",86,16
27313,"Light Mozarella String Cheese",21,16
27315,"The Original Biscuits",61,19
27316,"Trop50 No Pulp Orange Juice w/ Calcium + Vitamin D, 50% Less Sugar & Calories",31,7
27323,"Pure & Natural Sour Cream",108,16
27325,"Alpine Spring Water",115,7
27326,"Organic Sprouted Spelt Flour",17,13
27330,"Rich & Creamy Hershey's Dutch Cocoa Chocolate Frosting",97,13
27331,"White Rosemary Scent Natural Surface Cleaner",114,17
27335,"Earl Grey Black Tea",94,7
27336,"Organic Rainbow Carrots",123,4
27344,"Uncured Genoa Salami",96,20
27353,"Hazelnuts",117,19
27355,"All Natural Seasoned Waffle Cut Fries",129,1
27356,"French Onion Dip",67,20
27360,"Boneless Skinless Chicken Breast Fillets",49,12
27361,"Cello Carrots",83,4
27362,"Frozen Organic Dark Sweet Cherries",116,1
27363,"Green Curry Paste",66,6
27364,"Scrub Sponges",114,17
27366,"100% Apple Juice Original",98,7
27370,"Bandito Mild Salsa",51,13
27388,"Lunchable Extra Cheesy Pizza",96,20
27390,"Organic Ginger with Chamomile Tea",94,7
27392,"Strawberry Organic Kefir",120,16
27395,"Original Low Fat Orange Cream Yogurt",120,16
27398,"Genuine Chocolate Flavor Syrup",103,19
27401,"Dark Chocolate Bar Original",45,19
27402,"Healthy Kids Organic Vanilla Nutritional Shake",92,18
27407,"Chunky Salsa Medium",51,13
27413,"100% Mighty Mango Juice Smoothie",31,7
27415,"Great Northern Beans",59,15
27418,"Storage Bags",85,17
27420,"Natural Mint Flavor Chlorofresh",70,11
27423,"Real Aged Cheddar Macaroni & Cheese",4,9
27428,"Dairy Pure Fresh Heavy Whipping Cream",53,16
27429,"4 Cheese Mexican Fine Cut Shredded Cheese",21,16
27433,"Artisan French Rolls",58,1
27435,"Whole Wheat Pita Bread Loaves",128,3
27437,"Brown Rice Spaghetti Pasta",131,9
27440,"Honey Smacks Sweetened Puffed Wheat Cereal",121,14
27451,"Almond Meal/Flour",17,13
27454,"Organic Mini Sandwich Crackers Cheddar Cheese",78,19
27458,"Panko Japanese Style Bread Crumbs",112,3
27463,"Normal to Dry Skin Fragrance Free Daily Moisture Fragrance Free",127,11
27464,"Direct Trade House Blend Medium Roast Ground Coffee",26,7
27470,"Organic Kale Chips",107,19
27471,"Parmesan Garlic Pita Chips",107,19
27475,"Nonpareil Capers",110,13
27476,"Via Italian Roast Instant Coffee",26,7
27477,"Boudin Sliced Sourdough Round",112,3
27479,"Nonfat Plain Yogurt",120,16
27482,"Turkey Sausage",106,12
27505,"Original Strawberry Gelatin",105,13
27506,"Children's Vegetarian Probiotic Capsules",70,11
27509,"Organic Seasoned Yukon Select Potatoes Hashed Browns",129,1
27510,"Sausage, Egg, & Cheese Biscuit",52,1
27511,"Milk, Organic, Fat Free",84,16
27513,"Balsamic Vinaigrette Light Dressing",89,13
27514,"Maple Glazed Honey Ham",96,20
27521,"Organic Lacinato (Dinosaur) Kale",83,4
27522,"Gluten Free Uncured Bacon Mac and Cheese",38,1
27523,"Pasta Sauce, Organic, Cherry Tomato with Basil",9,9
27524,"Diced Mangos in Light Syrup",99,15
27525,"100% Pure Versatile Skin Care Castor Oil",25,11
27527,"Bath Tissue 4 Pk",87,17
27530,"Compostable 12 oz Insulated Hot Cups & Lids",111,17
27531,"Dairy Free Unsweetened Vanilla Coconut Milk",53,16
27541,"Plain Greek Nonfat Yogurt",120,16
27544,"Lemon Verbena Hand Soap",25,11
27548,"Original Semisoft Cheese",21,16
27553,"Organic Blueberry Cream On Top Whole Milk Yogurt",120,16
27554,"Gluten Free Blueberry Muffins",93,3
27555,"Organic Dried Granny Apple Chips",107,19
27558,"Polar Ice Sugar-Fee Gum",46,19
27569,"Peanut Buttah Cookie Core™ Ice Cream",37,1
27570,"Beef Flavor Ramen Noodle Soup",4,9
27573,"Sweet Potato Littles",129,1
27576,"Classic 100% Whole Wheat  Bread",112,3
27578,"Sweet Potato Skinny Stick Snacks",107,19
27581,"Reduced Fat 2% Milk 4 Cheese Italian Cheese Shredded",21,16
27582,"Dark Chocolate Minis",45,19
27584,"Organic Crunchy Street Taco Slaw Blend",123,4
27585,"Couscous Tri-Color",63,9
27590,"Dry Roasted Honey Roasted Peanuts",117,19
27592,"Smart Puffs Baked Cheese Puffs Real Cheddar",107,19
27596,"Classic Original Hommus",67,20
27605,"Oven Baked Original Potato Chips",107,19
27607,"Sliced Peaches in 100% Juice",99,15
27608,"Organic Free Range Large Brown Grade A Eggs",86,16
27610,"Living Drip Catch Cuff Large Gloves",114,17
27620,"Microwave Butter Popcorn",23,19
27621,"Dulce De Leche Ice Cream",37,1
27622,"Vanilla dipped in chocolate  Bars",37,1
27625,"Organic Lady Alice Apples",24,4
27626,"Ripened Raspberry Fruit Leather",50,19
27627,"Dairy Free Almond Milk Mocha Almond Fudge Frozen Dessert",37,1
27629,"Trusted Care 2-Ply Tissues",54,17
27639,"Cream Top with Chocolate on the Bottom Yogurt",120,16
27642,"Chicken-Free Strips Seasoned",42,1
27644,"Cilantro Pesto",72,13
27646,"Organic Edensoy Extra Vanilla Soy Milk",91,16
27649,"Pre-Sliced Black Forest Ham",96,20
27652,"Handmade Vodka",124,5
27653,"Argan Oil of Morocco Renewing Penetrating Oil Hair Oil",22,11
27655,"Juice, Vegetable & Fruit, Fuel",31,7
27656,"Reduced Sugar Mixed Fruit Fruit Snacks",50,19
27658,"Farms Thin Sliced Smoked Ham",96,20
27662,"Large Grade AA Cage Free Eggs",86,16
27663,"GOLEAN Crunch! Cereal",121,14
27664,"Ginger-O's Creme Filled Ginger Cookies",61,19
27668,"Green Tea Ice Cream",37,1
27671,"Granola, Original, Almond Pecan",57,14
27676,"Pinto Beans",59,15
27678,"Savory Shreds with Ocean Whitefish & Tuna in Sauce Cat Food",41,8
27681,"Lower Sugar Instant Oatmeal  Variety",130,14
27683,"Black Beans No Salt Added",59,15
27686,"Jalapeno Nacho Slices Mild",110,13
27687,"Croissant Crust Philly Steak & Cheese",38,1
27688,"Original Pops",45,19
27690,"Apple Cinnamon GoGo Squeez",50,19
27695,"Natural Chicken & Sage Breakfast Sausage",106,12
27696,"Multi Surface Vinegar Cleaner",114,17
27697,"100% Natural America's Favorite Tea",94,7
27701,"Beef Jerky Garlic Chili Pepper",23,19
27703,"Organic Quick Oven Toasted Oats",130,14
27705,"Icelandic Style Skyr Non-Fat Strained Plain Yogurt",120,16
27706,"White Rice",4,9
27708,"Powerball Automatic Dishwasher Detergent",74,17
27710,"Fat Free Small Curd Cottage Cheese",108,16
27713,"White Arborio Rice",63,9
27714,"Gummy Bears",45,19
27715,"Farmstand Flaxbread Egg and Vegetarian Bacon Breakfast Sandwich",52,1
27725,"Everyday Coconut Strawberry Shampoo & Body Wash for Babies & Up",22,11
27726,"Lemon Seltzer Water",77,7
27729,"Cold-Pressed Organic Orange",31,7
27730,"Almond Breeze Original Almond Milk",91,16
27735,"Organic Coconut Palm Sugar",17,13
27737,"Brown Rice Black-Eyed Peas and Veggies Bowl",38,1
27741,"Organic Extra Firm Cubed Tofu",14,20
27744,"Organic Whipping Cream",53,16
27747,"Regular Roll White",54,17
27748,"Stay Clean Scrub Sponges - 3 CT",114,17
27750,"Sour Batard",112,3
27754,"Safflower Oil",19,13
27756,"Colombian Peaks Whole Bean Coffee",26,7
27757,"Beef Salami",96,20
27759,"Cheese & Broccoli Ravioli For Kids",38,1
27760,"Black Cherry Liquid Water Enhancer",90,7
27761,"Oats & Chocolate Chewy Bars",48,14
27767,"Plain Organic Grassmilk Yogurt Cup",100,21
27770,"Reese's Miniatures Peanut Butter Cups",45,19
27772,"Tropical Green Tea Bags",94,7
27778,"Lemon Echinacea Organic Throat Coat Tea",94,7
27781,"Tea Tree Oil Dental Tape",20,11
27783,"Strawberry Fruit Spread",88,13
27790,"Small Curd Lowfat 2% Milkfat Cottage Cheese",108,16
27794,"Garden Vegetable Ready Rice",4,9
27796,"Real Mayonnaise",72,13
27801,"Philadelphia Cream Cheese Spread",108,16
27811,"Classic Chicken Noodle Soup",69,15
27817,"Fresh Medium Salsa",67,20
27826,"Coastal California Wildflower Honey",29,13
27827,"Green Pickled Jalapeno Peppers",30,6
27828,"Ricotta & Lobster Ravioli Classic Meal for 2",38,1
27829,"Creamy Deluxe Gluten Free Rice Pasta & Extra Cheesy Cheddar Sauce",4,9
27830,"Baby Lima Beans",116,1
27839,"49 Flavors Jelly Belly Jelly Beans",45,19
27841,"White Whole Mushrooms",83,4
27845,"Organic Whole Milk",84,16
27847,"Fair Trade Dark Chocolate Cookies",61,19
27848,"Organic Dried & Unsulfured Orchard Select Apples",50,19
27858,"Korean Gochujang Sauce",66,6
27864,"Butter Croissant",93,3
27865,"Original Tomato Juice",98,7
27868,"Toilet Paper Rolls",54,17
27871,"Vegetable Party Tray",123,4
27872,"Zero Calorie Iced Green Tea Raspberry",94,7
27874,"Apple Sauce Pouches",99,15
27875,"Sunflower Cinnamon Protein Bar",3,19
27876,"Classic Spinach Ravioli",12,9
27877,"Roasted Organic Red Potatoes",116,1
27881,"Olives, Organic, Kalamata, Pitted",110,13
27885,"Malbec",28,5
27888,"Free and Clear Natural Liquid Laundry Detergent",75,17
27891,"Movie Theater Butter",23,19
27893,"Italian Salad Dressing",89,13
27897,"Margherita Naan Frozen Pizza",79,1
27900,"Vegan Apple Maple Breakfast Sausage",14,20
27903,"CleanCare 1-Ply Double Rolls Toilet Paper",54,17
27904,"White Meat Chicken Egg Rolls",129,1
27910,"Chicken Burrito Bowl",13,20
27913,"Yokids Squeeze Strawberry Yogurt",120,16
27920,"Champagne Dressing",89,13
27921,"Cranberry Raspberry Juice Cocktail",98,7
27924,"Snack & Go Original Applesauce Cups",99,15
27925,"Organic Red Bartlett Pear",24,4
27927,"2X More Absorbent Paper Towels",54,17
27930,"Real Pure Acai",113,1
27933,"Extra Virgin Imported Robust Olive Oil",19,13
27939,"Mediterranean Style Kefir Cheese Labne",120,16
27941,"All-In-1",74,17
27949,"Avocado Oil Canyon Cut Kettle Cooked Potato Chips Sea Salt",107,19
27951,"Cream On Top Vanilla Organic Yogurt",120,16
27958,"Chicken Drumsticks",35,12
27959,"Premium Indian Tonic Water",77,7
27961,"Mentho Lyptus Cough Suppressant Oral Anesthetic Menthol Drops",11,11
27963,"Classic Smoked Ham Steaks",7,12
27964,"HE Liquid Laundry Detergent, Original scent",75,17
27966,"Organic Raspberries",123,4
27968,"Turkey Meatball Bites",34,1
27977,"Fresh Goat Cheese Log Herb Chèvre",21,16
27979,"Diet Mountain Dew Soda",77,7
27984,"Sleeve of Tuscan Melons",32,4
27985,"Smartwater Electrolyte Enhanced Water",115,7
27991,"Champagne Brut",134,5
27992,"Unbleached Recycled Paper Towel Rolls",54,17
27999,"Organic Brussel Sprouts",123,4
28000,"Recover Vanilla Protein Shake",64,7
28004,"Limonata Sparkling Beverage",115,7
28006,"Cool Berry Pectin Throat Drops",11,11
28008,"Greek Salad",1,20
28012,"Clover Honey Bear",29,13
28015,"Frontier Buttermilk and Honey Flapjack and Waffle Mix",130,14
28016,"White Meat Fun Nuggets",129,1
28020,"Gluten Free Broccoli & Cheese Baked Nuggets",129,1
28021,"Organic 100% Whole Wheat Loaf",112,3
28031,"8.5\"" Microwavable Cut Resistant Plates",111,17
28037,"Broccoli Cauliflower Pasta",38,1
28038,"Soft Baked Double Chocolate Brownie Cookies",61,19
28044,"Water, Natural Spring",115,7
28050,"Donut Peach",24,4
28051,"Double Chocolate Cake",8,3
28054,"Roasted Red Pepper Hummus With Chips",67,20
28056,"Cake Pans, Square, 8 Inch",10,17
28058,"Gluten Free Sliced Mountain White Bread",112,3
28062,"Organic Sea Salted Raw Sauerkraut",110,13
28065,"Extra Crispy Restaurant Seasoned Style French Fried Potatoes",129,1
28066,"Double Espresso Cold Brew Coffee",26,7
28071,"Olive Hummus",67,20
28073,"Cherry Vanilla Ice Cream",37,1
28079,"Orecchiette Dry Pasta",131,9
28080,"Sugar Free Italian Sweet Creme Coffee Creamer",53,16
28083,"Healthy Multi Grain Bread",112,3
28085,"Jalapeno Jack Potato Chips",107,19
28092,"Activia Vanilla Low Fat Yogurt",120,16
28100,"Liquid Hand Soap, Refill, Lemon Verbena Scent",25,11
28104,"Artisan Roasted Chicken Broth",69,15
28106,"Organic Tri-Colored Peppers",116,1
28113,"Classic Mac",4,9
28118,"Lemon Real Italian Ice",37,1
28122,"Peter Rabbit Organics Kale Broccoli and Mango Purée",92,18
28123,"Organic Cut Green Beans",116,1
28125,"White Meat Chicken Cutlets Natural Dog Snacks",40,8
28127,"Flat Fillet Anchovies in Olive Oil with Salt Added",95,15
28128,"French Roast Dark Coffee",26,7
28131,"Organic Olive Oil California",19,13
28132,"Heart to Heart Organic Oat Flakes & Blueberry Clusters Cereal",121,14
28134,"Grain Free Turkey Canned Cat Food",41,8
28137,"Chicken & Vegetable Dumplings Potstickers",129,1
28149,"Blackberry Cabernet Sorbetto",37,1
28155,"Premium Lager Beer",27,5
28156,"Total 0% Nonfat Plain Greek Yogurt",120,16
28157,"American Blend Salad",123,4
28158,"Farmer Cheese",108,16
28169,"Vegetable Pad Thai With Rice Noodles",42,1
28171,"Organic Cilantro Bunch",16,4
28172,"Original No. 7 Recipe Barbecue Sauce",5,13
28174,"Light Original Soymilk",91,16
28177,"Fruit & Nut Apple Pie Crunch Chia Plus Granola Bars",3,19
28180,"Triple Action Cool Mint Gel Toothpaste",20,11
28191,"Niblets Corn & Butter Sauce Steamers",116,1
28198,"Rainbow Candy",45,19
28199,"Clementines, Bag",123,4
28202,"Healthy Grains with Chia Seeds, Raspberry Clusters",3,19
28204,"Organic Fuji Apple",24,4
28207,"Organic Stevia Sweetener",29,13
28214,"Energy Drink, Organic, Pomegranate Acai",64,7
28215,"Nutter Butter Peanut Butter Bites Sandwich Cookies",61,19
28217,"Crispy Cocoa Rice",121,14
28219,"Ginger Peach Decaf Longevity Tea Bags",94,7
28221,"Sliced Blueberry Bagels",93,3
28226,"Power Grains Waffles 6 ct",52,1
28227,"Zero calorie Sport Drink",64,7
28228,"Mesquite Smoked Turkey Breast",96,20
28232,"Ripe Sliced Olives",110,13
28234,"Duck Fat",19,13
28235,"Cheesy Cheddar Rotini Pasta Sides",4,9
28242,"Drinkable Blueberry Non-Fat Yogurt",120,16
28246,"Sweet Vermouth",124,5
28248,"Baby Spinach & Arugula",123,4
28249,"Lite Raspberry Vinaigrette",89,13
28252,"Extra Virgin Olive Oil, Robust",19,13
28255,"Cheesy Rice & Broccoli Steamers",116,1
28266,"Party Size! Cantina Traditional Tortilla Chips",107,19
28274,"Hibiscus Apricot Probiotic Tea Tonic",94,7
28275,"Nutrish Soup Bones Real Beef & Barley Flavor Chew Bones For Dogs",40,8
28277,"Organic Black Truffles Dark Chocolate",45,19
28278,"Organic Penne Rigate",131,9
28281,"Variety Pack Ice Cream Bars",37,1
28285,"Organic Apricot",24,4
28286,"Kid Z Bar Organic S'mores Energy Bars",3,19
28289,"Organic Shredded Carrots",123,4
28290,"Kale Flavored Corn Tortilla Chips",107,19
28299,"Mexican Style Four Cheese Shredded Cheese",21,16
28307,"Soft Taco Whole Wheat Tortillas",128,3
28309,"Gourmet Pizza Three Cheese Gluten Free",79,1
28311,"Fruit Snack, 100% Pure, Organic, Peach and Apple",92,18
28313,"Oatmeal Cookies",61,19
28319,"Late Harvest Berry Seltzer",100,21
28322,"Dill Pickle Potato Chips",107,19
28326,"Organic Gotta Have Vanilla Nonfat Frozen Yogurt",37,1
28330,"Organic Ground Korintje Cinnamon",104,13
28331,"Chicken Stew Natural Food for Dogs",40,8
28337,"Swaddlers Diapers Giant Pack - Size 3",56,18
28339,"Magic Tape Clear",87,17
28340,"Instant Ginger Honey Crystals",47,11
28342,"Pineapple Strawberry Naturally Essenced Sparkling Water",115,7
28344,"French Vanilla Super Moist Cake Mix",105,13
28348,"Organic Kidney Beans Low Sodium",59,15
28349,"Vanilla Chamomile Flavor Super Shot Probiotic Drink",70,11
28353,"Salted Peanut In Milk Chocolate Bar",45,19
28358,"Chocolate Chip Vegan Cookie Dough",105,13
28360,"Cheeze Louise! Vegan Broccoli Poppers",50,19
28366,"Wild West Dill Pickle Chips",110,13
28367,"Pure Rewards Grain Free Chicken & Lamb Jerky Bits Dog Treats",40,8
28369,"Lite Italian Dry Salame",96,20
28371,"Graham Crackers",61,19
28373,"Original Rotisserie Chicken",13,20
28378,"Stage 2 Sweet Potato Corn & Apple Baby Food",92,18
28379,"Protein Chewy Bars Salted Caramel Nut",48,14
28380,"Organic Grass-Fed Real Aged Cheddar & Macaroni Shells",4,9
28384,"Sweet Peas",116,1
28390,"Chicken Meat with Currant & Sesame BBQ Seasoning",3,19
28398,"Master Brew Kombucha Ginger",31,7
28399,"Pineapple Coconut Sorbet Pops",37,1
28407,"Honey Cornbread & Muffin Mix",105,13
28411,"California Extra Virgin Olive Oil",19,13
28412,"Veggie Penne Pasta",131,9
28413,"Bunny-Luv Organic Carrots",83,4
28415,"Rosemary & Thyme Focaccia",58,1
28420,"Organic Cultured Low Fat 1% Cottage Cheese",108,16
28424,"Tex Mex Jackfruit",71,16
28425,"Pitted Castelvetrano Green Olives",110,13
28427,"Vitamin D Whole Milk",84,16
28430,"WetJet Febreze Lavender Vanilla & Comfort Scent Liquid Cleaner Refill",114,17
28431,"Light Sodium Mexican Casserole Bowl",38,1
28432,"Baby Back Pork Ribs",122,12
28437,"Organic 85% Ground Beef",122,12
28438,"Pork Jerky Grilled Sweet Teriyaki",23,19
28439,"Grape Fruit Ice Bars",37,1
28441,"Chick'n Nuggets",42,1
28442,"Coronita Beer Extra",27,5
28443,"Almond Butter, Raw, Organic",88,13
28448,"Dry Roasted Unsalted Peanuts",117,19
28449,"French Roast, Dark Roast K-Cups",26,7
28450,"Colagate Total Whitening Toothpaste",20,11
28451,"GoodNites® Disposable Bed Mats",56,18
28454,"Sweetened Corn & Oat Cereal",121,14
28458,"Black Bean Tamale Verde",38,1
28459,"Golden Grahams Cereal",121,14
28464,"Whipped Light Cream, Original",53,16
28465,"Icelandic Style Skyr Blueberry Non-fat Yogurt",120,16
28468,"Veggie Canadian Bacon",14,20
28472,"Classic Tender Beef & Chicken Feast Cat Food",41,8
28473,"Wavy Original Potato Chips",107,19
28476,"Organic Small Curd Cottage Cheese",108,16
28481,"Oikos Fat Free Strawberry Greek Yogurt",120,16
28483,"Skinless Boneless Smoked Sardine Fillets",95,15
28489,"School Safe Chocolate Cupcakes",8,3
28490,"Family Favorites Parmesan and Romano Pasta Sauce",9,9
28491,"Butter Candies",45,19
28493,"Adult's Probiotic Capsules",70,11
28507,"Organic Green Tea Lemongrass",94,7
28508,"Sundae Syrup Chocolate Flavored, No Mess Cap",103,19
28511,"Whipping Cream Ultra Pasteurized",53,16
28515,"Bagel Thins Everything",93,3
28516,"with Xylitol Cinnamon 18 Sticks Sugar Free Gum",46,19
28517,"Culinary Collection Herb Roasted Chicken",38,1
28521,"Chocolate Chip Cooke Dough Gelato",37,1
28527,"White Horseradish",72,13
28529,"Graduates Lil' Entrees Pasta Stars In Meat Sauce With Green Beans",92,18
28535,"Cucumber & Garlic  Tzatziki",51,13
28537,"Hand-Formed Vegan Burger Patties",14,20
28539,"Complete Pancake & Waffle Mix",130,14
28547,"Certified Organic Brown Gravy Seasoning Mix",5,13
28553,"Whole Strawberries",116,1
28560,"Natural Choice Smoked Deli Ham",96,20
28564,"UltraClear Invisible Solid Pure Clean Anti-Perspirant & Deodorant",80,11
28566,"Oatmeal Traditional",130,14
28568,"Spinach Dal Indian Cuisine",76,6
28569,"Café Steamers 100% Natural Tortellini Primavera Parmesan",38,1
28570,"Sundried Tomato Organic",50,19
28571,"Pretzel Rods",107,19
28572,"Premium Ice Cubes",37,1
28573,"Summer Pack Variety Bottles",27,5
28574,"Fresh Parsnips",83,4
28576,"Vanilla Bean Chia Pod",120,16
28577,"No Pulp Orange Juice",31,7
28578,"Brown Ale",27,5
28581,"Salad Cut Hearts Of Palm",81,15
28582,"Good & Plenty Licorice Candy",45,19
28584,"Dandelion Root, 525 mg, Capsules",47,11
28590,"Chicken Breast Cutlets",49,12
28593,"Reduced Fat 2% Chocolate Milk",84,16
28594,"Organic Plain Cream on Top Yogurt",120,16
28597,"Organic Stoneground Wheat Crackers",78,19
28599,"Flavor Variety Instant Oatmeal",130,14
28600,"Flaky Supreme Cinnamon Rolls With Icing",105,13
28601,"Collard Greens",83,4
28605,"24 Hour Non-Drowsy Allergy Relief Liqui-Gels",11,11
28606,"Vanilla Wafers",61,19
28607,"Just Balsamic Salad Dressing",89,13
28609,"Whole Grain Rotini",131,9
28610,"L'Orange Sparkling Natural Mineral Water",115,7
28613,"Organic Grapefruit Ginger Sparkling Yerba Mate",94,7
28614,"Dry Split Green Peas",63,9
28622,"Honey Salted Peanut Bar",3,19
28626,"Foam Bowls",111,17
28628,"Peter Rabbit Organics Pumpkin Carrot & Apple Snack",92,18
28632,"Premium Sweet Petites Carrots",123,4
28634,"Hard Salami",96,20
28635,"0% Greek Yogurt Black Cherry on the Bottom",120,16
28638,"Toilet Cleaner Tablets - 3 CT",114,17
28643,"Organic Shoyu Soy Sauce",66,6
28647,"Nacho Cheese Tortilla Chips",107,19
28656,"Raw Sauerkraut",110,13
28659,"Horseradish Mustard",72,13
28664,"Organic Biologique Kokuho Rose Medium Grain Heirloom White Rice",6,2
28670,"Lentil Chips, Himalayan Pink Salt",107,19
28682,"Chocolate Peanut Butter Cup Gelato",37,1
28687,"Power & Free Toilet Bowl Cleaner with Hydrogen Peroxide",114,17
28688,"Cashew Halves & Pieces",117,19
28691,"Original Light Ranch Salad Dressing",89,13
28692,"Singles Deep Dish Pepperoni Pizzas",79,1
28698,"Asian Noodle Salad",1,20
28699,"Organic 7 Grain with Flax Bread",112,3
28703,"Broccoli Wokly",123,4
28704,"Onion Vidalia",83,4
28710,"Black Refried Beans",59,15
28715,"Chocolate Milk Frozen Pops",37,1
28719,"Barista Series Original Soy Non-Dairy Beverage",91,16
28720,"Couscous Original",63,9
28725,"Organic Diced Mangoes",116,1
28728,"Organic Falafel",129,1
28729,"Organic Vegan Wild Mushroom Gravy",5,13
28730,"Girl Scouts Thin Mints Coffee Creamer",53,16
28732,"Super Berry Fusion",117,19
28733,"Chicken Nuggets",129,1
28741,"Organic Ground Cloves",104,13
28745,"Oven Roasted Turkey",96,20
28748,"Nuggets Assortment",45,19
28749,"Clasico Instant Coffee",26,7
28752,"Traditional Caramel Filled Amsterdam Waffle",61,19
28754,"Milk Chocolate Nuggets",45,19
28755,"Uncured Bacon & Eggs Scramble Bowl Frozen Meal",52,1
28756,"Deviled Eggs",13,20
28757,"Original Cat Chow Naturals Plus Vitamins & Minerals Cat Food",41,8
28759,"Mountain Chai Black & Spices Concentrate",94,7
28761,"Organic Truffle Fries",129,1
28762,"Window Cleaner with Vinegar",114,17
28764,"Organic Gluten-Free Quinoa Spaghetti",131,9
28765,"Peach & Willow Bark Exfoliating Wipes",109,11
28767,"Organic Crunchy Peanut Butter",88,13
28769,"Organic Apple Chicken Sausage",106,12
28771,"Baked Chewy Bars Caramel Apple",3,19
28773,"Goji Berries, Certified Organic",117,19
28777,"Soft Peach S-M Underwear for Women Maximum Absorbency",6,2
28778,"Apple Turnovers",8,3
28781,"DeBoles Organic Angel Hair Pasta",131,9
28782,"Zesty Lemon Hommus",67,20
28785,"Organic Tahini",72,13
28790,"Bolani Spinach Filled Flatbread",112,3
28797,"Gluten-Free Edamame",116,1
28800,"Louisiana's Pure Hot Sauce",72,13
28801,"Organic Mixed Berry Snack Bar",3,19
28805,"100% Pure Corn Starch",17,13
28813,"Gourmet Chocolate Chunk Cookies",8,3
28820,"Master Brew Kombucha, Grapefruit",31,7
28824,"Onion Rings",129,1
28826,"Parchment Baking Paper",97,13
28827,"Classic Decaf Medium Decaffeinated Ground Coffee",26,7
28828,"Traditional Hot English Mustard",72,13
28829,"Kellogg's Pop-Tarts Frosted Strawberry Pastries",48,14
28834,"Stix Crispy Seaweed Strips Original",50,19
28836,"Grapefruit Juice",31,7
28841,"Veggie Juice Apple, Kiwi, Zucchini & Green Bean",98,7
28842,"Bunched Cilantro",16,4
28849,"No Salt Added Black Beans",59,15
28851,"Cage Free  100% Liquid Egg Whites",86,16
28859,"Sesame Seaweed Rice Chips",107,19
28862,"Chicken Fried Rice",38,1
28868,"Mushroom Bites With Roasted Garlic & Olive Oil",129,1
28871,"Keurig Breakfast Blend Decaf Light Roast Coffee K Cups",26,7
28877,"Andre Prost Unsweetened Coconut Milk",91,16
28879,"Amy Indian Mattar Paneer Light In Sodium",38,1
28881,"Banana Cream Traditional Oikos Greek Yogurt",120,16
28883,"Organic Yellow Corn Taco Shells 12 Count",30,6
28887,"Easy Flaps Tall Kitchen Bags 13 gal",60,17
28892,"Muscat Grape Jelly",88,13
28900,"Black Label Center Cut Bacon",106,12
28901,"Sea Salt Veggie Straws",107,19
28902,"Ginger Turmeric Spice Almondmilk",31,7
28906,"Kale Blazer Juice",31,7
28911,"Buttermilk Complete Pancake & Waffle Mix",130,14
28912,"Cheese, Fancy Shredded, Mexican Mix",21,16
28913,"100% Lime Juice",98,7
28915,"Penne Lisce",131,9
28916,"Hot House Seedless Cucumbers",83,4
28918,"Marcona Almonds",117,19
28920,"Vegan Peanut Butter Chocolate Chip Cookies",61,19
28921,"Original",37,1
28923,"Chocolate Lover's Variety Pack Donuts Classic",93,3
28924,"Organic Salted Crackers",78,19
28928,"Uncured Black Forest Ham",96,20
28931,"Honey Bunches of Oats Honey Roasted Cereal",121,14
28934,"Frozen Broccoli Florets",116,1
28938,"Refreshing White",62,5
28939,"Cuties Dairy Free Mint Chocolate Chip Frozen Dessert Sandwiches",37,1
28940,"Roasted Almond Crunch Crunchy Granola Bars",3,19
28941,"Stone Ground White Rice Flour",17,13
28946,"Yogurt Tubes Blueberry",120,16
28949,"Switzerland Swiss Cheese",2,16
28958,"Raspberry Coffee Cake",8,3
28959,"Organic Lentils",63,9
28961,"Hazed & Confused™ Core Ice Cream",37,1
28963,"Naked Sponges - 2 CT",114,17
28968,"Applewood Smoked Center Cut Uncured Bacon",106,12
28969,"Fruit Bars Tangerine With Strawberry Blueberry Pineapple",37,1
28973,"Smoked Turkey Drumstick",35,12
28977,"Classic Roast Coffee K-Cups",26,7
28983,"Veri Veri Teriyaki Marinade & Sauce Less Sodium",5,13
28985,"Michigan Organic Kale",83,4
28986,"Mild Italian Chicken Sausage",106,12
28987,"Vanilla Bottles",92,18
28989,"Prickly Pear Water",77,7
28990,"Curly Parsley Bunch",16,4
28993,"Iceberg Lettuce",83,4
28994,"Plum",123,4
28997,"Infant Formula",92,18
28999,"Flank Steak",122,12
29006,"Everyday Thin & Crispy Turkey Bacon",106,12
29007,"Crystallized Ginger Slices",117,19
29009,"Organic Salted Pistachio",117,19
29011,"Rubbed Sage",104,13
29013,"Gluten Free Cracked Pepper And Salt Crackers",78,19
29015,"Honey Bunches of Oats Roasted Oats",121,14
29020,"Whiskey",124,5
29021,"Great Dogs Original Chicken Hot Dogs Bun Size",106,12
29027,"Baby Bella Mushroom Whole",123,4
29028,"Cooked Beer Bratwurst",106,12
29031,"Spinach & Feta Chicken Sausage",106,12
29034,"Select-a-Size Rolls Paper Towels Tissue",54,17
29035,"Strawberry Watermelon Liquid Water Enhancer",90,7
29040,"Psyllium Whole Husks, Colon Cleanser",70,11
29045,"Organic Hibiscus Berry Sparkling Probiotic Drink",31,7
29051,"Mild Fruit Toddler Training Toothpaste",20,11
29066,"Beyond Chicken Grilled Strips",14,20
29067,"Dandelion Tea Bags",94,7
29071,"Gourmet Pizza Nut-Free Pesto Gluten Free",79,1
29077,"Organic Milk Chocolate Peanut Butter Cups",45,19
29078,"99% Fat Free Natural Goodness Chicken Broth",69,15
29079,"Seasoning Curry Powder",104,13
29082,"Waffle Fries French Fried Potatoes",129,1
29084,"Honey Mustard Nut-Thins Cracker",78,19
29085,"Green Fusion Fruit & Veggie Smoothie Blend",113,1
29088,"Red Hot Buffalo Wings Sauce",72,13
29090,"Cultured Lowfat Buttermilk",84,16
29091,"Lean & Fit Chicken Apple Sausage Egg White & Cheddar on Multi Grain Flatbread Breakfast Sandwich",52,1
29094,"Flip Coffee Break Bliss Greek Yogurt",120,16
29095,"Original Cream Cheese",108,16
29096,"Milk Thistle 150 Mg, v-caps",47,11
29098,"Chicken & Salmon Dinner in Gravy Savory Shreds Cat Food",41,8
29103,"Zero Go-Go Mixed Berry Vitamin Water",64,7
29104,"1000 Sheets Unscented Bathroom Tissue",54,17
29112,"Organic Spicy Chili",59,15
29116,"Spinach Souffle",38,1
29117,"Organic Gluten Free Sea Salt by the Seashore Multigrain Tortilla Chips",107,19
29118,"French Vanilla Soy Creamer",91,16
29122,"Kona Brewing Pipeline Porter",27,5
29124,"Bite Size Cheddar Cheese Crackers",78,19
29125,"Bac-Out Stain & Odor Remover",114,17
29126,"Organic Strawberry Chia Lowfat 2% Cottage Cheese",108,16
29127,"Dairy Free Unsweetened Coconut Milk",91,16
29130,"Raw Manuka Honey Hi Active 15 Plus",29,13
29133,"Natural Care Baby Wipes Fragrance Free",56,18
29136,"No Salt Added Fresh Cut Sweet Peas",81,15
29138,"Roasted Chicken & Garlic Rice Pilaf Mix",4,9
29139,"Red Creamer Potato",83,4
29140,"Coke Life",77,7
29142,"Natural Chicken & Apple Breakfast Sausage Patty",52,1
29153,"Classic Pizza Crust",105,13
29156,"Organic Stage 2 Sweet Potato Garbanzo Barley",92,18
29158,"Panko Breadcrumbs Original",5,13
29166,"Fat Free Unsalted Mini Pretzels",107,19
29176,"Extra Large Eggs",86,16
29180,"Tuscan Kale & Quinoa Salad",1,20
29182,"Vanilla Pot De Creme",71,16
29184,"Vanilla with Oreo/M&Ms Variety Pack Lowfat Yogurt",120,16
29189,"Seeded Jewish Rye Bread",112,3
29193,"Snak-Saks Crackers",61,19
29195,"Wild Sardines in Extra Virgin Olive Oil",95,15
29196,"Toasted Buttercrisp Crackers",78,19
29199,"Recycled Adult Ultra Soft Toothbrush",20,11
29204,"Slivered Almonds",117,19
29205,"Mint (Spearmint)",16,4
29209,"Biotin B Complex Thickening Shampoo",22,11
29211,"Herb & Garlic with Lemon Juice Marinade",5,13
29212,"Organic Einkorn Whole Wheat Pasta Fusilli",131,9
29214,"Blueberry Blended Cultured Soymilk",120,16
29217,"Coconut Water Kefir",31,7
29223,"Golden Pineapple",24,4
29225,"Extra Creamy Whipped Cream",53,16
29228,"Original Traditional Dijon Mustard",72,13
29229,"Smoked Scottish Salmon",15,12
29230,"Ultra Double 3 Ply",54,17
29238,"Spicy Fiesta Sprouted Flax Snax",50,19
29242,"Whole Grain Original Flavor Macaroni & Cheese Dinner",4,9
29244,"Croissants",93,3
29249,"Blueberry Crisp Energy Bars",3,19
29251,"Smoked Beef Rope Sausage",106,12
29252,"Fresh Scent Dishwasher Detergent",74,17
29253,"Organic French Roast Gound Coffee",26,7
29256,"Organic Udon Japanese Wheat Noodles",66,6
29259,"Baby Bananas",24,4
29261,"Pepper Jack Cheese Singles",21,16
29262,"Red Rhapsody  Fruit Smoothie Blend",98,7
29263,"Naturally Clean Soft  Toothbrush",20,11
29265,"Traditional Lavash Flatbread",128,3
29269,"Dunkin' Turbo Ground Coffee",26,7
29270,"Beet Apple Carrot Lemon Ginger Organic Cold Pressed Juice Beverage",31,7
29272,"Steamfresh Protein Blends Southwest Style Frozen Meal",116,1
29274,"Mung Bean Sprouts",123,4
29277,"Raw Basil Pesto",9,9
29279,"No Salt Potato Chips",107,19
29284,"Pink Lemonade Drink Mix",90,7
29285,"Organic Bernie's Farm Fruit Snacks strawberry, raspberry, & orange",50,19
29287,"Organic Vegetarian & Delicious Four Cheese Tortelloni",12,9
29291,"Organic Mushroom Base",69,15
29295,"Organic Lowfat Sour Cream",108,16
29298,"Deluxe Thick Apricot Fruit Spread",88,13
29299,"Dutch Country Smooth Texture 100% Whole Wheat Bread",112,3
29302,"Graduates Lil' Crunchies Mild Cheddar Corn Snacks",92,18
29306,"Raw Whole Cashews",117,19
29307,"Baby Arugula",123,4
29309,"Spaghetti with Meat Sauce Pasta Meal",38,1
29310,"Caramel & Peanut Candy Bar",45,19
29311,"Organic California White Basmati Rice",63,9
29313,"Non-Alcohoic Beer",27,5
29315,"Signature Pepperoni Crispy Thin Crust Pizza",79,1
29318,"Open Mic Series Tropic Wonder Earl Grey & Orange Peel Brew",31,7
29326,"Gluten Free Original English Muffins",93,3
29327,"Tomato Basil Garlic Italian Sauce",9,9
29328,"Organic Sweet Mini Peppers",123,4
29334,"Leek",83,4
29336,"All Natural Smoothies Razzmatazz",113,1
29337,"Granola Bars, Gojiberry Triple Yum-Yum",3,19
29344,"Milk Chocolate Covered Frozen Banana",37,1
29345,"Choose-A-Sheet Regular Roll Paper Towels",54,17
29346,"Mild Italian Sausage",106,12
29350,"Moisture Rich Luxurious Moisture Conditioner",22,11
29356,"Gold & White Corn",81,15
29362,"Simply Smart Olive Oil & Rosemary Chicken Strips",49,12
29363,"Cinnamon Cereal",121,14
29369,"Diet Ginger Beer",77,7
29370,"Organic White Cheddar Popcorn",23,19
29373,"Nonfat Probiotic Drinks",120,16
29374,"Gluten Free Artisan Chia Seeds Nut-Thins",78,19
29382,"Pure Vegetable Oil",19,13
29387,"Yo Toddler Organic Strawberry Banana Whole Milk Yogurt",120,16
29388,"Mandarin Orange Crispy Chick'n",42,1
29392,"Natural String Cheese",21,16
29393,"Marinated Artichoke Hearts",81,15
29397,"Chickpeas! Penne Pasta",131,9
29398,"Organic Seedless Watermelon",24,4
29405,"European Style Salted Butter",36,16
29406,"Cherry Turnovers",93,3
29413,"Organic Red Anjou Pear",100,21
29416,"Oh My Yog! Organic Maple",120,16
29418,"Fluoride-Free Antiplaque & Whitening Peppermint Toothpaste",20,11
29419,"Immune+ Citrus Drink Mix Dietary Supplement",47,11
29428,"Organic Caramel Crunch Sea Salt Milk Chocolate Bar",45,19
29429,"Crunch Berries Cereal",121,14
29432,"Original Crackers",78,19
29439,"Wild Non-Pareil Capers, Sunkissed in the Mediterranean",110,13
29442,"Hand Soap Lavender",25,11
29447,"Milk, Organic, Vitamin D",84,16
29449,"Caramel & Cheddar Popcorn Mix",23,19
29453,"Salamini Napoli",96,20
29456,"Mild General Tso Stir-Fry Sauce",66,6
29458,"Flavor Enhancer",104,13
29460,"Hemp Seeds",117,19
29461,"Organic & Cold-Pressed Vegetable & Fruit Juice Harmony",31,7
29463,"Cookie Dough Chip Fit Frozen Desserts",37,1
29470,"Cinnamon Swirl French Toast",52,1
29471,"Combination Pizza Rolls",129,1
29473,"EF Whtie Arborio White Rice",63,9
29474,"Bowls",111,17
29478,"Fudge Graham Nutrition Bar",3,19
29479,"Gobble Gobble Turkey Pouch Stage 3",92,18
29484,"Almonds & Sea Salt Organic Extra-Dark Chocolate Bar 72% Cocoa",45,19
29487,"Roma Tomato",83,4
29490,"Salted Caramel",103,19
29500,"Hard-Boiled Eggs",86,16
29503,"Coke",77,7
29506,"Pita Bread",128,3
29509,"80  Vodka Holiday Edition",124,5
29515,"Dry Lentils",59,15
29517,"Natural Ginger Ale",77,7
29529,"Lemon-Lime Soda",77,7
29532,"Cashew Sesame Pimento Spread",67,20
29536,"Organic The Original Sweet Tea",94,7
29544,"Cream Top Peach on the Bottom Yogurt",120,16
29545,"Cherry Coke Soda",77,7
29546,"Kula Watermelon",31,7
29548,"Starter Kit",114,17
29553,"Super Soft Taco Flour Tortillas",128,3
29554,"Dry Dog Food",40,8
29557,"Apples, Pumpkin & Carrots Organic Baby Food",92,18
29558,"Sriracha Arare Rice Cracker",78,19
29560,"Sleek & Shine Fortifying Shampoo",22,11
29564,"Vanilla Drumstick Ice Cream Cone",37,1
29565,"Toasted Rice Green Tea Bags",94,7
29569,"Fruit On The Bottom Strawberry Yogurt",120,16
29574,"Tempt Unsweetened Vanilla Hemp Milk",91,16
29577,"Prepared Cheese Product Slices",21,16
29578,"Classic Paté Classic Seafood Entree",41,8
29582,"Green Chile & Cheese Pupusas",38,1
29584,"Original Cinnamon Bread",112,3
29586,"Fresh Garlic",83,4
29589,"Vanilla Chocolate Chip Ice Cream",37,1
29594,"YoKids Strawberry Banana/Strawberry Yogurt",120,16
29598,"Paper Snack & Sandwich Bags, 100% Unbleached",85,17
29599,"Total Greek Strained Yogurt with Blueberry",120,16
29600,"Spinach Feta Cheese Pie",13,20
29602,"Ear Candy (Cow Ears) Dog Chews",40,8
29603,"Pink Virgin Lemonade",31,7
29604,"Regular All Purpose Cleaner",114,17
29607,"Fair Trade Peru Whole Coffee Beans, Dark Roast",26,7
29611,"Skinny Cow Dreamy Clusters Candy Pouches Milk Chocolate",45,19
29613,"Fuji Apple Crisps",117,19
29615,"Bread, Country Buttermilk",112,3
29616,"Direct Trade Black Cat Classic Espresso Roast Whole Bean Coffee",26,7
29617,"Madagascar Vanilla Gelato",37,1
29621,"French Vanilla Whey Based Protein Powder",65,11
29622,"Spaghetti Brown Rice Pasta",131,9
29623,"Black Berry Hibiscus Beverage",31,7
29625,"Bright Beet Juice Smoothie",31,7
29627,"Synergy Raspberry Chia Kombucha",31,7
29628,"Ultra Strong Toilet Paper Double Rolls Bathroom Tissue",54,17
29635,"Kalamata Pitted Olives",110,13
29636,"Age Shield Face Lotion Sunscreen Broad Spectrum SPF 110",73,11
29637,"Matches, Strike On Box, Large Kitchen",87,17
29642,"Ultra Soft Bath Tissue",54,17
29646,"Sweet & Salty Nut Peanut Granola Bars",48,14
29648,"Buttermilk Ranch Dressing",89,13
29650,"Pork Chorizo",122,12
29657,"Harvest Best in 100% Fruit Juice Mandarin Oranges",99,15
29659,"Early Result Pregnancy Test",6,2
29660,"Frosted Toaster Pastries, Cherry Pomegran",48,14
29662,"Potato Yukon Gold Organic",83,4
29664,"Tuna Chunk Light In Water",95,15
29668,"Watercress, Bunch",83,4
29669,"Organic Tri-Color Blend Quinoa",63,9
29671,"Organic Bluephoria Yerba Mate",94,7
29672,"Lactose Free Low Fat Vanilla Yogurt",120,16
29674,"Grab and Go Pulp Free 100% Pure Calcium & Vitamin D Orange Juice",31,7
29675,"Organic Bagged Carrots",83,4
29683,"Singapore Sesame Ginger Street Noodles",66,6
29686,"EnviroKidz Glute Free & Wheat Free Chocolate Crispy Rice Bars",48,14
29687,"Cereals Simply Delicious Muesli A Classic Muesli",121,14
29689,"Garden Veggie Straws Sea Salt",50,19
29690,"All Natural Smoothies Mango-a-go-go",113,1
29691,"Petite Butter Croissant",43,3
29694,"Organic Coconut Oil",19,13
29695,"Craveables Chicken Club Panini",38,1
29696,"Odor Block Scent Free Tall Kitchend Drawstring Bags",60,17
29697,"Fresh Cut Brussels Sprouts",123,4
29698,"Snack Stacks! Original Potato Crisps",107,19
29700,"Soft Toothbrush",20,11
29706,"Voila! Frozen Garlic Shrimp Dinner",38,1
29714,"Classic Hamburger Buns",43,3
29719,"Congo Pear Antioxidant Beverage",31,7
29722,"Pasta Sauce Tomato Basil",9,9
29727,"All Natural Fresh Chicken Thighs",35,12
29731,"Potatoes O'Brien with Onions and Peppers",129,1
29734,"Nature's Calorie-Free Sweetener",17,13
29735,"Caffeine Free Diet Coke",77,7
29736,"Organic Light Corn Syrup",29,13
29739,"Toothpaste, All-One, Cinnamon",20,11
29740,"Organic Chili Powder Blend",104,13
29742,"Organic Toaster Pastries Frosted Lotta Chocolotta - 6 CT",48,14
29744,"100% Natural Petite Diced Tomatoes",81,15
29751,"Golden Brown Mild Pork Sausage Links, Fully-Cooked",34,1
29752,"Gluten Free Foods Granola",57,14
29758,"Extra Cheesy Pizza Lunchables",13,20
29760,"Meat Lover's Pizza",79,1
29761,"Vegan Meat Loaf",7,12
29763,"Yogurt, Organic, Lowfat, Raspberry, 1-1/2% Milkfat",120,16
29766,"Ruby Red Grapefruit Light 50 Juice Drink",98,7
29778,"Pop Up Bowl Movie Theater Butter Popcorn",23,19
29781,"Fragrance Free Conditioner",22,11
29782,"Italian Tomatoes Chopped",81,15
29783,"Chili Lime Beef Jerky",23,19
29791,"Original Chicken Seasoned Coating Mix",5,13
29792,"Sunflower Crunch Chopped Salad Kit",123,4
29794,"Iced Coffee",26,7
29797,"Traditional Yerba Mate Loose Leaf Tea",94,7
29798,"Organic Lasagna with Meat Sauce",38,1
29801,"100% Recycled White Paper Towels",54,17
29804,"Multi-Surface Cleaner Original",114,17
29805,"Reduced Fat Super Chunk Peanut Butter",88,13
29817,"Hand Sanitizer, Peppermint Spray",126,11
29820,"Blueberry English Tea Scones",93,3
29821,"SuperMoist White Cake Mix",105,13
29824,"Gluten Free Margherita Pizza",79,1
29826,"Salty Date Raincoast Crisps",78,19
29830,"G2 Glacier Freeze Drink",64,7
29833,"Original Flatbread Gluten Free",78,19
29834,"Organic Pear, Kale & Cucumber Stage 2 Baby Food",92,18
29837,"Of Maine Fresh Frozen Wild Blueberries",116,1
29840,"Organic Low Sodium Roasted Red Pepper & Tomato Soup",69,15
29843,"Orange Scent Disinfecting Wet Wipes",114,17
29848,"Diet Peach Tea",94,7
29852,"Fresh Atlantic Salmon Fillet",39,12
29859,"Made with Organic Pasta & Cheddar Cheese Original Flavor Macaroni & Cheese Dinner",4,9
29862,"Uniquely Sharp Mustard",72,13
29867,"Capers, Non-Pareil",81,15
29871,"Organic Roast Beef",96,20
29874,"Mustard, Spicy Brown",72,13
29878,"Extra Sugar-Free Peppermint Gum",46,19
29879,"Light & Lean Soft Taco Fiesta",38,1
29880,"Sancerre",62,5
29881,"Pure Protein Chocolate Peanut Butter Bars",3,19
29886,"Key Lime Sparkling Water",115,7
29892,"Creamy Poppyseed Salad Dressing Smooth & Sweet",89,13
29893,"Italian Zesty Dressing",89,13
29894,"Organic Dark Brown Sugar",17,13
29898,"Organic Spaghetti Pasta",131,9
29900,"Dark Chocolate Candy",45,19
29901,"Just Ranch Spread",72,13
29905,"Milano Orange Chocolate Cookies",61,19
29910,"Super Moist Yellow Cake Mix",105,13
29911,"Giant Chocolate Fudge Ice Cream Bar",37,1
29912,"Chopped Garlic In Water",81,15
29921,"Cheese Finely Shredded Mexican Four Cheese Blend",21,16
29925,"Sourdough Hearty Sliced Bread",112,3
29926,"Roasted & Salted Almonds",117,19
29929,"Organic Mochi Sweet Rice Cakes",78,19
29930,"Baby Dill Pickles",110,13
29931,"Protein PLUS Multigrain Elbow Macaroni Pasta",131,9
29934,"Creamy Tomato Soup",69,15
29938,"All Natural Lemon Tea Bottles",94,7
29939,"Spanish Queen Olives",110,13
29941,"Red Plums",24,4
29942,"Gluten Free Oatmeal Apple Pieces and Cinnamon with Flax & Chia",130,14
29944,"Sriracha Potato Chips",107,19
29950,"Spicy Uncured Bacon & Egg Roasted Potato Jalapeno & Cheddar Burrito",52,1
29952,"Paleo English Muffins",93,3
29956,"Milk Chocolate Candies",45,19
29957,"Country Apple Butter",88,13
29960,"Acini di Pepe, No. 78",131,9
29963,"Moroccan Argan Oil Renewing Shampoo",22,11
29965,"Star Fruit",24,4
29974,"Gluten Free Cinnamon French Toast Sticks",52,1
29978,"Flushable Moist Wipes",126,11
29983,"Gluten Free Exotic Black Rice Bread",112,3
29987,"Shredded Mozzarella",21,16
29993,"Organic Low Fat Chocolate Milk",84,16
29994,"Chocolate Mint Cacao superfood Drink",31,7
29996,"Bread, Sprouted Grain & Seed Loaf, Genesis 1:29",112,3
30000,"Home Menu Meals for 2 Orange Chicken",38,1
30003,"Tacos For Two",30,6
30004,"Orange Natural Cane Soda",77,7
30007,"Super Greens",123,4
30011,"Rishikesh Whole Grain Brown Basmati Organic Rice",63,9
30012,"Gentlease Infant Formula for Fussiness, Gas, and Crying",92,18
30016,"Lighty Breaded Fishies",34,1
30018,"Prime Filets Turkey Dinner In Gravy",41,8
30020,"Organic Multigrain Snack Crackers",78,19
30021,"Distilled White Vinegar",19,13
30024,"Cage Free Grade AA Large White Eggs",86,16
30027,"Organic Chard Green",83,4
30030,"Honkers Ale",27,5
30035,"Natural Sweetener",17,13
30036,"Belgian White Wheat Ale",27,5
30041,"Chanterelle Mushrooms",83,4
30043,"Large Pitted Black Olives",110,13
30052,"Soft & Chewy Strawberry Newtons",100,21
30057,"Orzo Pasta",131,9
30059,"Organic Lemon Ginger Flavor Super Shot Probiotic Drink",70,11
30062,"White Select-A-Size Paper Towels",54,17
30064,"Double Acting Baking Powder",17,13
30066,"Classic Granola",57,14
30069,"Organic Echinacea Plus Elderberry Tea",94,7
30072,"Baby Swiss",2,16
30073,"CASCAD ACTION PACS REG 60CT",74,17
30082,"Mozarella String Cheese",21,16
30094,"Rapid Result Pregnancy Test Kit",6,2
30095,"Thirst Quencher Lemon-Lime",64,7
30103,"Cookies, Milk Chocolate",61,19
30106,"Miniatures Candy Bars",45,19
30110,"Selects Very Low Sodium Chunk White Albacore Tuna in Water",95,15
30111,"Organic Shredded Coconut",24,4
30117,"Salted Peanut Butter Filled Pretzels",107,19
30121,"Peach & Mango Soy Yogurt",120,16
30122,"Chicken Free Strips Grilled",42,1
30123,"Ranch Salad Dressing",89,13
30132,"Pop'ettes Rich Frosted Donuts",8,3
30133,"Cooked Spicy Italian Sausage",106,12
30135,"Cheddar Cheese Burrito",38,1
30137,"Miso, Organic, Mellow, Red",66,6
30138,"Apricot Raspberry Verona Cookies",61,19
30142,"Vegetable Dumpling",13,20
30144,"Crystals Cat Litter",41,8
30146,"Sierra Trail Mix Energy Bar",3,19
30147,"Hot Spicy Vegetable Mini Wontons",129,1
30148,"Organic Stage 2 Chicken Brown Rice Baby Food",92,18
30151,"Burrito Size Flour Tortillas",128,3
30154,"Lemon Cupcakes",8,3
30155,"7 Deadly Zins",28,5
30157,"Bisquick Heart Smart Pancake & Baking Mix",130,14
30159,"Super Dark Pomegranate And Goji Chocolate Bar",45,19
30162,"Teriyaki & Pineapple Chicken Meatballs",38,1
30169,"Total 2% All Natural Plain Greek Yogurt",120,16
30170,"Fresh Cut Green Beans",81,15
30171,"Sonoma Veggie Burger",42,1
30175,"Authentic French Cheese & Cream Brioche",112,3
30183,"Quaker Life Cinnamon Cereal",121,14
30191,"Light Original Ranch Salad Dressing",89,13
30192,"Organic 4 Months Butternut Squash Carrots Apples + Prunes Baby Food",92,18
30197,"Vanilla Syrup",90,7
30201,"Bath Tissue Double Roll",54,17
30204,"Coconut Spray Oil",19,13
30214,"Half Steam Pan",10,17
30217,"Disposable Nursing Pads",82,18
30219,"Lactose Free Blueberry Yogurt",120,16
30220,"Saline Enema",70,11
30223,"Chicken Sausage Apple",106,12
30224,"Potato Crisps, Original",107,19
30227,"Bag of Dutch Yellow Fingerling Potatoes",83,4
30229,"Extra Clean Medium Toothbrush",20,11
30233,"Organic Large Brown Grade AA Cage Free Eggs",86,16
30241,"Chunky Hearty Bean and Ham Soup",69,15
30245,"Black Bean Tamales",13,20
30247,"Mighty Absorbent Paper Towels",54,17
30252,"Organic Soft Wheat Bread",112,3
30254,"Wild Pink Salmon, No Salt Added",95,15
30257,"Microwavable Mac & Cheese",4,9
30266,"Cherry Limeade Sparkling Water",115,7
30274,"Artesano Style Bread",112,3
30277,"Graham Style Crackers, Gluten-Free, Cinnamon Grahams",61,19
30284,"Kosher Chicken Thighs",35,12
30287,"Ranch Original Topping & Dressing",89,13
30290,"100% Recycled Bath Tissue Rolls",54,17
30291,"Stone Ground Garbanzo Bean Flour",17,13
30294,"Chocolate Covered Strawberries Ice Cream",37,1
30305,"Fancy Eggplant",83,4
30307,"Doubleshot Espresso & Cream Premium Coffee Drink",26,7
30310,"Mixed Unsalted Nuts",117,19
30312,"Organic Soymilk Plain",91,16
30316,"Baby Brie",21,16
30320,"Craveables Four Cheese Pizza",79,1
30323,"Apple Cinnamon Hot Oatmeal",130,14
30327,"Organic Ice Cream Cones",103,19
30333,"Home Style Fat Free Gravy - Savory Beef",69,15
30334,"Grapefruit Fizz Water",115,7
30336,"Organic Beans And Cheese Burrito",38,1
30337,"Gluten Free Dark Chocolate Cocoa Breakfast Bars",45,19
30338,"Dark Chocolate Acai Blueberry",45,19
30339,"Toasted Coconut Chips",17,13
30340,"Oatmeal Squares Brown Sugar",121,14
30342,"Ultra Orginal Concentrated Dish Liquid",74,17
30349,"Indian Major Grey's Mango Chutney",88,13
30352,"Goldfish Original Baked Snack Crackers",78,19
30353,"Curate Cherry Lime Sparkling Water",115,7
30365,"Vegetable Chips",18,10
30382,"Organic Flour Tortillas",128,3
30385,"Organic Free Range Grade A Large Brown Eggs",86,16
30387,"Chicken Alfredo & Penne Classic Meal for 2",38,1
30388,"Organic Forest Berry Cream On Top Whole Milk Yogurt",120,16
30391,"Organic Cucumber",83,4
30393,"Newman's Special Decaf Extra Bold Medium Roast K-Cup Packs",26,7
30397,"Milk Chocolate Chocolate Candies",45,19
30406,"Butternut Squash",83,4
30407,"Pumpkin Pie",8,3
30411,"Organic Lemon Flavor Recharge Thirst Quencher With Electrolytes",98,7
30413,"Charcoal Briquets Easy Light Bag",87,17
30414,"Bean Sprouts in Water",66,6
30415,"Truffle, Sea Salt",45,19
30420,"Arugula, Kale, Apple, Romaine, Celery, Cucumber, Lemon, Ginger Cold Pressed Juice",31,7
30422,"Grapefruit",24,4
30425,"Chewy Chocolate Chip Granola Bars",3,19
30427,"Accents Organic Sprouted Quinoa Trio",63,9
30428,"Baked Cheddar Bunnies Crackers",78,19
30433,"Regular Strength Pain Reliever & Fever Reducer",133,11
30435,"Apple Dapples Cereal",121,14
30439,"Strawberry Lemonade Liquid Drink Mix",90,7
30440,"Chocolate Crepes",93,3
30442,"Low Fat Vanilla Yogurt",120,16
30450,"Creamy Almond Butter",88,13
30459,"Organic Grade A Dark Amber Maple Syrup",29,13
30461,"Organic Multigrain Mild Green Mojo Tortilla Chips",107,19
30463,"Organic Simply Stock Unsalted Chicken Stock",69,15
30471,"Organic Kids Berry Cherry Flavor Probiotic Chews",70,11
30480,"Tomatoes, Whole Peeled",81,15
30482,"Calrose Rice",63,9
30483,"Dulce De Leche Sugar Free Pudding",71,16
30486,"Organic Sweet Cherries",116,1
30489,"Original Hummus",67,20
30492,"French Vanilla Half+Half",53,16
30494,"Organic Mango Slices",117,19
30496,"Crumbled Danish Blue Cheese",21,16
30499,"Special Blend Lemonade",31,7
30502,"Turkey Meatballs, Dinner Size, Flame Broiled",34,1
30505,"Gluten Free Class French Dinner Rolls",58,1
30506,"Hummus Roasted Pepper",67,20
30511,"Thin & Crispy Crust Four Cheese Pizza",79,1
30512,"Lemon Dishwasher Detergent + Clorox Stain Fighting",74,17
30515,"Peanut Butter Brownie Bliss Rich Chocolate Brownie Layered With Creamy Real Peanut Butter",61,19
30517,"Cut Corn",116,1
30522,"Cookie Dough Protein bars",3,19
30529,"Stage 2 Pear Pumpkin Baby Food",92,18
30532,"Chunky New England Clam Chowder",69,15
30535,"Dish Liquid, Ultra Concentrated, Aloe",74,17
30536,"Multigrain Bread Artisan Sandwich",112,3
30549,"Strawberry Banana",31,7
30551,"Farmstyle Greek Old Fashioned Vanilla Strained Lowfat Yogurt",120,16
30553,"Original Snack Mix 40 Ounce",107,19
30557,"Manzano Banana",24,4
30558,"Pretzel Slider Buns",43,3
30559,"Certified Compostable Food Waste Bags 3 Gallon",60,17
30561,"Plain Bagelettes",93,3
30563,"Strained Non-Fat Strawberry Icelandic Style Skyr Yogurt",100,21
30569,"Infants Pain Reliever and Fever Reducer Berry Drops",6,2
30571,"Bare Fruit Banana Chips",50,19
30574,"Hazelnut Chocolate Chip Gelato",37,1
30575,"Flamin' Hot Flavored Corn Chips",107,19
30581,"Organic Tulsi Turmeric Ginger Stress-Relieving & Harmonizing Caffeine Free Herbal Supplement",94,7
30583,"Flaked Coconut Unsweetened",17,13
30584,"Sharp Cheddar Shredded Cheese",21,16
30585,"Soymilk Non Dairy Frozen Dessert Gluten Free Cookie Dough",37,1
30588,"8\"" Flour Tortillas De Harina",128,3
30589,"Soy Ginger Sauce",66,6
30591,"Cinnamon Brown Sugar Breakfast Biscuits",48,14
30592,"Coconut Oil Popcorn",23,19
30597,"French Vanilla Coffee Creamer",53,16
30599,"Homemade Vodka Sauce",9,9
30604,"32 oz UHT Eggnog Eggnog",84,16
30617,"Creme Caramel Flan",71,16
30618,"Plain Unsalted Rice Cakes",78,19
30620,"Roasted Garlic & Olive Oil Pearled Couscous",4,9
30621,"Garlic Herb Nut Cheese",21,16
30623,"Unsweetened 100% Cocoa",17,13
30627,"Crispy Golden Spud Puppies",116,1
30629,"Southwest Couscous Salad",1,20
30630,"Yogurt, Sheep Milk, Blackberry",120,16
30633,"Veggie Cheese & Pretzel Snack Pac Prepacked",50,19
30635,"Lactose Free Yogurt Plain",120,16
30638,"White Paper Towels",54,17
30639,"Organic Orange Juice",98,7
30641,"Family Reserve Single Serve Vanilla Nut Medium Roast Coffee",26,7
30643,"Double Zipper 2 Gallon Freezer Bags",85,17
30645,"Pulled Pork",7,12
30658,"Dark Chocolate Almond & Coconut Fruit & Nut Bar",3,19
30659,"Medium Bag Peanut Milk Chocolate Candies",45,19
30661,"Lower Sugar Maple & Brown Sugar Instant Oatmeal",130,14
30662,"Cranberry Watermelon Probiotic Juice Drink",31,7
30664,"Organic Beef Base",69,15
30668,"Half Baked Frozen Yogurt",37,1
30673,"Harissa Hot Sauce",51,13
30674,"Blueberry Toaster Bagels",93,3
30675,"Edamame Soybeans in Pods",116,1
30678,"Rosemary & Olive Oil Flatbread",128,3
30680,"Slider Freezer Bag Gallon",85,17
30681,"Pineapple Soda Fridge Pack",77,7
30682,"Yeast Extract",72,13
30683,"Puffins Peanut Butter & Chocolate Cereal",121,14
30693,"Herbal Tea, Organic, Chamomile, Caffeine Free, Bags",94,7
30695,"Milk Chocolate Bar",45,19
30696,"Eggo Homestyle Waffles",52,1
30700,"Angel Food Cake",8,3
30702,"Hampshire 100% Natural Grade A Pasteurized Sour Cream",108,16
30706,"805 Blond Ale",27,5
30707,"Organic Ground Chicken Breast",49,12
30709,"Rustic Country White Sandwich Bread",112,3
30718,"Unsweetened Pure & Smooth  Green Tea",94,7
30719,"Kids Alphatots Family pack",129,1
30720,"Sugar Snap Peas",83,4
30721,"No Beans Chili",59,15
30726,"Organic Assam Black Tea",94,7
30727,"Vanilla Almond Fit Granola",57,14
30729,"Mild Thai Green Curry Paste",66,6
30730,"Truffles, Organic, Darkest Cacao",45,19
30731,"Pure Cane Granulated White Sugar",17,13
30736,"Hard Cider Crisp Apple",27,5
30737,"Original Vanilla Low Fat Yogurt",120,16
30742,"Veggie Pepperoni Pizza",14,20
30744,"Classic Tender Liver & Chicken Feast Cat Food",41,8
30745,"Organic Bulgarian Yogurt",120,16
30746,"Organic Peanut Butter Milk Chocolate Bar",45,19
30750,"Chocolate Fudge High Protein Bars",3,19
30751,"All-Purpose Flour",17,13
30752,"Meat & Cheese Tray",7,12
30753,"Organic Red Lentil Penne",131,9
30754,"Wheels & Cheese",38,1
30755,"Smoked Mild Alaskan Sockeye Salmon",15,12
30756,"Mandarin Clementine  Bag",24,4
30759,"Freezer Gallon Bags",85,17
30763,"Garden Vegetable Soup",1,20
30764,"Cinnamon Raisin Bagels",93,3
30771,"Spearmint Sugar Free Gum",46,19
30774,"Organic French Roast Ground Coffee",26,7
30776,"Organic Raw Kombucha Gingerade",31,7
30777,"Organic Classic Hummus",67,20
30784,"Organic Restaurant Style  Sea Salt & Lime Tortilla Chips",107,19
30795,"Sesame Seaweed Salad",13,20
30796,"Strawberry Gem Fruit Spread",88,13
30806,"Olive Oil Rosemary and Garlic Oven Fries",129,1
30808,"One & Done Refreshing Cucumber & Green Tea Baby Wipes",56,18
30811,"Tart Cherry Stomp Juice",31,7
30814,"Vegan Flaxbread Breakfast Sandwiches 2 Count",38,1
30820,"Cheese Alternative, Mozzarella",91,16
30823,"Organic Pumpernickel",112,3
30825,"Organic Maple Agave Pancake Syrup",29,13
30827,"Seedless Cucumbers",32,4
30830,"Organics Vitamin C Fortified 100% Apple Juice",98,7
30839,"Homestyle Breaded Chicken Breast Tenders",129,1
30840,"Light Beef Pot Roast Soup",69,15
30842,"Hydrogen Peroxide Topical Solution",118,11
30849,"Blueberries Pint",24,4
30850,"French Roast Ground Coffee",26,7
30855,"Chocolate Hazelnut Butter Blend",88,13
30857,"Herbal Tea Sampler",94,7
30859,"Dark Chocolate Hemp Seeds",117,19
30866,"Bleach Alternative Grapefruit Dish Detergent",114,17
30878,"Organic Chopped Ginger",72,13
30881,"Naturally Smoked Oysters in Pure Olive Oil",95,15
30884,"Island Vanilla Cereal",121,14
30885,"Acidophilus Yogurt",120,16
30889,"In Water Sardines",95,15
30901,"Snickerdoodle Cinnamon Sugar Cookies",61,19
30905,"Vanilla Soy Beverage",91,16
30906,"Spicy Tuscan Tomato Sauce",9,9
30908,"Teriyaki Turkey Jerky",23,19
30909,"Telera Rolls",43,3
30910,"Double Stuf Golden Sandwich Cookies",61,19
30913,"Organic Green Tea",94,7
30918,"Whole Chicken",35,12
30919,"Parchment Baking Sheets",97,13
30921,"Jumbo Grade A White Eggs",86,16
30928,"Organic Gluten Free Yellow Cornmeal",17,13
30941,"Apple and Blueberry Organic Baby Food",92,18
30942,"Cherry Cassis Sparkling Fermented Tea",31,7
30945,"Organic Banana, Cinnamon & Granola Stage 2 Baby Food",92,18
30946,"Organic Pitted Dates",117,19
30949,"Organic YoKids Smoothie Strawberry Banana Lowfat Yogurt",120,16
30950,"Mild Banana Pepper Rings",110,13
30953,"Sliced Beets No Salt Added",81,15
30955,"Unsalted Vegetable Stock",69,15
30957,"Mild Tomatillo Salsa",51,13
30958,"Honey Mustard and Onion Pretzels Pieces",107,19
30960,"Regular Pork Sausage Tube",106,12
30962,"Vanilla Greek Yogurt 0% Fat",120,16
30964,"Super 4 Snacks White Bean, Quinoa, Lentil, Chia Cheesy Nacho Baked Bean Bites",107,19
30966,"Organic Amber Agave Nectar",29,13
30967,"Organic Frosted Flakes Cereal",121,14
30968,"Water Chestnut",83,4
30974,"Organic Chopped Shallots",81,15
30975,"Raspberry Lime Seltzer",115,7
30982,"All Natural Original Hummus",67,20
30985,"Sea Salt Snack Crackers",78,19
30994,"Talenti Double Dark Chocolate Gelato",37,1
30995,"Creme Fraiche French Cultured Cream",53,16
30996,"Black Truffle Goat Cheese Log",21,16
30999,"Layered Dark Chocolate Coconut Granola Bars",3,19
31001,"White Tuna In Olive Oil",95,15
31003,"Broccoli  Bunch",100,21
31015,"Old Country Style Muesli Cereal",130,14
31016,"Unstopables Downy Unstopables Fresh In-Wash Scent Booster Fabric Enhancers",75,17
31018,"White Meat Chicken Florentine Cat Food",41,8
31020,"Organic Honey Grade A",29,13
31022,"Original Kettle Cooked Potato Chips",107,19
31030,"2% Milkfat Large Curd Cottage Cheese",108,16
31038,"Flexible Fabric Extra Large Bandaids",118,11
31040,"Sea Salt Pita Chips",107,19
31041,"Envirokidz Chocolate Koala Crisp",121,14
31042,"Plain Icelandic Style Skyr 4% milkfat Yogurt",120,16
31043,"Ultra Thin Regular Pads wth Wings",126,11
31045,"Severe Triple Medicated Toothache & Gum Relief Plus Cream",20,11
31055,"Spring Mix Mesclun",123,4
31060,"Dinner Plates",111,17
31066,"Aluminum Foil",85,17
31073,"Organic Bunch Arugula",83,4
31074,"Organic Cotton Tampons",126,11
31075,"Dark Chocolate Morsels",17,13
31076,"Tumeric Golden Milk Elixir",31,7
31078,"Organic Jalapeno Kettle Chips",107,19
31081,"Ale, India Pale, Brew Free! Or Die IPA",27,5
31086,"Whole Wheat Pita",128,3
31087,"Whole Kernel Corn No Salt Added",81,15
31088,"Fluted 9.5 In Cake Pan",10,17
31093,"Original Tofu Pups",14,20
31095,"Jade Pearl Rice Ramen",66,6
31096,"Gluten Free Nutty Cranberry Maple Granola",57,14
31100,"ProBugs Whole Milk Kefir Orange Creamy Crawler",120,16
31102,"Sugar Free Energy Drink",64,7
31113,"Pinot Noir Rose",6,2
31114,"Pure Tea Tree Castile Soap",25,11
31124,"Absolutely Zero Energy Drink",64,7
31125,"Jewish Rye Seedless Bread",112,3
31126,"Coffee Crunch In Dark Chocolate",45,19
31127,"Sweet Batard",112,3
31129,"Special K Sea Salt Cracker Chips",78,19
31130,"Sea Salt Flakes Original",104,13
31134,"Mediterranean Apricots",117,19
31136,"Original Flavor Sugar Free Gum 3 Pk",46,19
31148,"Egg Rolls, Gluten-Free, Vegetable",129,1
31150,"Original Bar Soap",127,11
31154,"Frontier Whiskey",124,5
31156,"Cafe Domingo Medium Roast Whole Bean Coffee",26,7
31159,"Carmel Peanut Perfectio",120,16
31163,"Homemade Membrillo Quince Paste",88,13
31164,"Original Flavor Crispy Corn Snacks",107,19
31166,"60% Vegetable Oil Spread",36,16
31174,"Refried Beans, Black, Fat Free, Organic, Vegetarian",59,15
31177,"Field Flowers Fabric Conditioner",75,17
31180,"Premium Dog Treats Chicken",40,8
31181,"Organic Garlic Hommus",67,20
31182,"Malt Liquor",27,5
31183,"Cacao Milk Chocolate",45,19
31188,"Italian Seitan",14,20
31196,"Half Dozen Grade A White Eggs Large",86,16
31210,"Philadelphia Reduced Fat Cream Cheese Spread",108,16
31213,"One a Day Ultimate Flora Adult Formula Capsules",70,11
31215,"Lemon Yogurt",120,16
31218,"Spinach & Artichoke Cheese Dip",129,1
31219,"Shishito Pepper",83,4
31225,"Gluten Free Classic Hotdog Buns",43,3
31228,"Organic Deep Green Blends Power Greens",123,4
31231,"Vitamin Water Zero Rise Orange",64,7
31233,"Organic Hearts Of Romaine",123,4
31236,"Premium Soft Pretzel Bites",107,19
31238,"Blue Corn Tortilla Chips",107,19
31241,"Mother's Special Blend Skin Toning Oil",25,11
31242,"Pico De Gallo Chunky Salsa",67,20
31248,"White Potato",83,4
31252,"Fat Free Refried Beans",59,15
31257,"Vegan Chocolate Chip Mini Muffins",8,3
31258,"Granola Bar Peanut Butter",3,19
31263,"Breaded Fish Sticks",34,1
31264,"Foaming Hand Wash Sweet Water",127,11
31267,"Organic Red Wine Vinegar",19,13
31268,"Sandwich Bags",85,17
31269,"Mixed Fruit Flavored Snacks",50,19
31270,"Chili Sauce, Sweet, Thai Style Spicy",72,13
31271,"Gluten Free Strawberry Brown Sugar with Flax Instant Oatmeal",130,14
31273,"Ultra Free & Clear Dishwashing Liquid",74,17
31275,"Organic High Fiber Coconut Flour",17,13
31279,"Veggie Ground Crumbles",42,1
31287,"Organic Black Peppercorns",104,13
31288,"Lowfat Key Lime Yogurt",120,16
31292,"All Natural Cinnamon Raisin Bread",112,3
31296,"Beef Fajitas",7,12
31299,"Some Pulp Orange Juice",31,7
31302,"Green Split Pea",63,9
31305,"Light Italian Dry Salame",96,20
31306,"Pancetta Italian Style Dry Cured Bacon",96,20
31307,"Korean Kimchi",66,6
31315,"Cobb Salad With Chicken & Bacon",1,20
31317,"Mandarin Oranges in Light Syrup Fruit Cups",99,15
31323,"Light Wisconsin String Cheese",21,16
31327,"Orange Chicken Complete Skillet Meal For Two",38,1
31328,"Whole Grain Crispbread",78,19
31329,"Tender white meat chicken, vegetables & rice in a Cheddar cheese sauce Grandma's Chicken & Vegetable Rice Bake",38,1
31330,"Plain Naan",128,3
31334,"Chocolate Almond & Sea Salt with Chia Granola Bars",3,19
31337,"Organic Hummus Spicy Jalapeño Cilantro",67,20
31338,"Classic Almond Butter",88,13
31342,"Organic SprouTofu Extra Firm Tofu",14,20
31343,"Shredded Mild Cheddar Cheese",21,16
31345,"Half-Cut Kosher Pickles Dill",110,13
31348,"Working Hands Hand Cream",127,11
31350,"Salted Almond Butter Filled Dark Chocolate Bar",45,19
31354,"Millet & Brown Rice Ramen",66,6
31355,"Sliced Provolone Cheese",21,16
31360,"Multi-Purpose Machine Cleaner",74,17
31371,"Whole Wheat English Muffins",93,3
31372,"Dark Brown Sugar",17,13
31373,"Macrobar Prolonged Powder Banana + Almond Butter",3,19
31374,"Outshine Strawberry Fruit Bars",37,1
31377,"Cheesecloth",10,17
31378,"Traditional Size Corn Tortillas, 6\""",128,3
31380,"Omeprazole Acid Reducer Tablets",70,11
31382,"Mandarin Orange Sparkling  Water",115,7
31384,"Refried Black Beans Low Fat",59,15
31386,"Peach Yogurt Protein Drink With a Crunchy Shot",120,16
31387,"Natural Almonds 100 Calorie Packs",117,19
31388,"Fresh Chicken Drumsticks",49,12
31391,"Gourmet Delicate Avocado Oil",19,13
31392,"Rosemary Crostini",78,19
31394,"100 Calorie Pretzels Packs",107,19
31395,"Brownberry Country Buttermilk Sandwich Bread",112,3
31404,"Vanilla Yoghurt",120,16
31406,"Jalapeno Cheddar Flavored Cheese Dip",51,13
31407,"L Glutathione 250 mg",47,11
31414,"Cinnamon Crunch",121,14
31416,"Organic Vanilla Raw Fit Protein for Weight Loss",65,11
31422,"100% Orange Juice",31,7
31423,"Vegetable Classics Tomato Basil",69,15
31425,"Tempt Unsweetened Coconut Hemp Milk",84,16
31426,"Classic Poultry & Beef Feast Variety Cat Food",41,8
31427,"Three Cheese Potatoes",4,9
31433,"Organic Cinnamon Crunch Cereal",121,14
31437,"Hearty Beef Barley RTS Soup",69,15
31439,"Whole Milk, Vitamin D, Jug",84,16
31441,"French Butter Cookies Coated In Milk Chocolate",61,19
31443,"PlugIns Scented Oil Refill Red Honeysuckle Nectar",101,17
31444,"Crystallized Ginger In Dark Chocolate  Bar",45,19
31445,"Dairy Free Plain Cultured Coconut Milk",120,16
31447,"Crispy Pineapples",117,19
31448,"Premium Feast Dinner Cat Food",41,8
31450,"Diet Green Tea With Citrus",94,7
31454,"After Dark Chocolate frozen nonfat yogurt bars",37,1
31459,"Sprouted Seven-Grain Bread",112,3
31461,"Cheese Tamale Verde",38,1
31467,"Sockarooni Spaghetti Sauce",9,9
31469,"Berry & Barley Organic Baby Food",92,18
31471,"Semisweet Chocolate Chips",17,13
31474,"Dried Tart Cherries",117,19
31477,"High Protein Bar Chunky Peanut Butter",3,19
31478,"Dairy-Free Cheddar Style Wedges",21,16
31481,"Sleepytime Extra Herbal Tea Bags",94,7
31486,"Zero Calorie Sweetener",17,13
31487,"Boomchickapop Sweet & Salty Kettle Corn",23,19
31490,"Organic Ginger Brew Soda",77,7
31492,"Salad 50 Spring Mix/50 Baby Spinach",123,4
31493,"Soft Toothbrush Powered By Yogurt Cups",20,11
31499,"Reduced Fat American Cheese Singles",21,16
31500,"Forseflex Drawstring 13 Gallon Bags",60,17
31502,"Take & Bake French Dinner Rolls",43,3
31504,"Organic Stage 2 Peaches & Bananas Baby Food",92,18
31505,"Fiesta Grilled Chicken",38,1
31506,"Extra Virgin Olive Oil",19,13
31509,"Sausage Biscuit",52,1
31510,"Organic Instant Coffee",26,7
31513,"Kefir Cultured Milk Smoothie Plain",120,16
31515,"Gluten Free Breaded Chicken Breast Nuggets",34,1
31517,"A Zesty Tomato Sauce Combined with Garlic, Onion and Basil Marinara Sauce",9,9
31519,"Gluten Free Strawberry Breakfast Bars",48,14
31523,"Southwest Taco Seasoning Mix",30,6
31525,"Pita Pocket Bread",128,3
31526,"Kids Alphatots",129,1
31528,"Natural Emmentaler Swiss Cheese",21,16
31529,"Vaporizing Decongestant Vicks VapoRub Cough Suppressant Topical Analgesic Ointment 3.53 oz Respiratory Care",11,11
31531,"Pure Pink Grapefruit",98,7
31533,"Spinach Feta in a Pocket Sandwich",38,1
31539,"Organic Worcestershire",72,13
31543,"Dura Towel Paper Towels",54,17
31551,"Organics Pop's Corn Microwave Popcorn, Organic, Light Butter",23,19
31553,"Fresh Ginger Root",83,4
31555,"Organic Light in Sodium Lentil Vegetable Soup",69,15
31557,"White Nectarine",24,4
31558,"Pure Vanilla Joy Candle",101,17
31562,"Sweet Onions",83,4
31563,"Gluten Free Black Bean and Quinoa Burrito",38,1
31564,"Crackers",78,19
31567,"Organic Pearl Heirloom Quinoa",63,9
31571,"Four Cheese Mashed Potatoes",4,9
31572,"Blends Lowfat Strawberry Yogurt 2% Milkfat",120,16
31573,"Whole Grain Brown Ready Rice",4,9
31574,"Chocolate Deluxe Bars",3,19
31575,"Organic Veganaise",88,13
31577,"Whole Wheat Bunnies Baked Snack Crackers",78,19
31578,"Canned Diet",77,7
31579,"Swedish Ginger Snaps",61,19
31589,"Petite Diced Tomatoes",81,15
31596,"Rice Express Fresh Steamed Sticky White Rice",4,9
31602,"Steel Cut Oatmeal Blueberries and Cranberries",130,14
31605,"Cheese Curls",107,19
31608,"Minis Candy",45,19
31610,"Meatloaf and Mashed Potatoes",38,1
31611,"Klassic 3 Seed Crispbreads",128,3
31612,"Black Bean Vegetables Burrito",38,1
31615,"Dark Choc. Rice Cakes",78,19
31618,"Thick Medium Cheddar Slices",21,16
31621,"Body Wash Aloe",127,11
31623,"Kefir Cultured Milk, Nonfat, Plain, Unsweetened",120,16
31624,"Organic Soybean Spaghetti Shape",131,9
31634,"Brown Sugar Maple Oatmeal with Ancient Grains",130,14
31635,"Vanilla Almond Milk Yogurt",120,16
31636,"Organic Fusilli Whole Wheat",131,9
31640,"Original Puffins Cereal",121,14
31642,"All Natural Raspberries",116,1
31644,"Temptations Cat Treats Tempting Tuna",41,8
31645,"Confetti Bean Pasta",13,20
31647,"Cut-Rite Wax Paper",85,17
31648,"Chopped Chipotle & Cheddar Salad Kit",123,4
31649,"Ultimate Flora RTS Extra Strength Probiotic 30 Billion Cultures Capsules",70,11
31651,"Extra Fancy Unsalted Mixed Nuts",117,19
31653,"Organic Unsalted Chicken Bone Stock",69,15
31654,"Ultra Soft Mega Rolls  Bathroom Tissue",54,17
31657,"Organic Basil Babe Level 1 Baby Food",92,18
31660,"Classico Traditional Pizza Sauce",9,9
31661,"Original Family Size Saltine Crackers",78,19
31662,"Organic White Wine Vinegar",19,13
31663,"Vanilla Blueberry Clusters With Flax Seeds Granola",57,14
31670,"Buttermilk Complete Pancake Mix",130,14
31672,"Milk Chocolate with Almonds Candy Bar",45,19
31676,"Grilled Chicken Feast in Gravy Cat Food",41,8
31678,"Gluten Free Cinnamon Raisin Bread",112,3
31681,"Extra Light Tasting Olive Oil",19,13
31682,"Million Dollar Bun",112,3
31683,"Original No Pulp 100% Florida Orange Juice",31,7
31693,"Veggie Stix Sea Salt",107,19
31696,"Natural Antiseptic, Tea Tree Oil",118,11
31698,"Organic Almond Non Dairy Beverage Vanilla",91,16
31701,"Potato Puffs with Roasted Garlic and Cracked Black Pepper",129,1
31706,"Sugar Free Chocolate",71,16
31710,"Pancakes Blueberry - 18 CT",52,1
31712,"Breaded Chicken Breast",34,1
31713,"Raw Coconut Water With Fair Trade Coffee",115,7
31714,"Feta Cheese In Brine",21,16
31717,"Organic Cilantro",16,4
31720,"Organic  Whole Milk",84,16
31721,"Farmer's Garden Medium Salsa",51,13
31724,"Mini Yellow Rounds Corn Tortilla Chips",107,19
31725,"Mandarin Orange in 100% Fruit Juice",99,15
31727,"Organic Tomato Paste, No Salt Added",81,15
31730,"Chewy Granola Bar Chocolate Chip Granola",3,19
31737,"Organic Freeze Dried Strawberries",117,19
31747,"Classic Salmon & Shrimp Feast Cat Food",41,8
31748,"Cantaloupe Grapefruit Sparkling Water",115,7
31759,"Cherrios Honey Nut",121,14
31762,"Sweet Italian Style Chicken Sausage",106,12
31764,"Original Sparkling Seltzer Water Cans",115,7
31766,"Cheese Pizza Snacks",129,1
31767,"100% Extra Virgin Olive Oil Spray",19,13
31769,"Marinara Italian Sauce",9,9
31770,"Organic Tofu",14,20
31772,"Sprouted Grain Bread Cinnamon Raisin",58,1
31778,"Oven Baked Cheddar & Sour Cream Potato Crisps",107,19
31782,"Big Delux Chocolate Chip Big Cookie Dough",105,13
31789,"Garden Spinach Herb 6 Ct Wraps",128,3
31794,"Crispy Rosemary Fries with Sea Salt",129,1
31797,"Cell Food",47,11
31800,"Chicken Margherita & Penne Classic Meal for Two",38,1
31801,"9 Inch Plates",111,17
31802,"Simply Naked Bagel Chips",107,19
31805,"Gourmet Tomato Medley",32,4
31807,"Tears Lubricant Eye Drops",44,11
31808,"Lemon-Lime 12 Pack Soda",77,7
31812,"Craft Brewed Yerba Mate Brew Solar Kombucha",31,7
31823,"Natural Preserved Lemons",110,13
31824,"Crackers, Classic Saltine",78,19
31825,"Solid Cool Essentials W/Cucumber & Green Tea Scent Deodorant Clinical Protection",80,11
31826,"Lemongrass & Chili Instant Rice Noodle Soup",66,6
31829,"Creme De Menthe Thins",45,19
31836,"6.25 Oz LifeSavers Peppomint Peg",46,19
31838,"Spikes Medium Chunky Salsa",51,13
31845,"18-In-1 Hemp Peppermint Pure-Castile Soap",25,11
31846,"Heavy Whip Cream",53,16
31847,"Pure Butter Shortbread",61,19
31848,"Mini Pretzels",107,19
31853,"Premium Ginger Beer",77,7
31859,"White Truffle Flavored Extra Virgin Olive Oil Spray",19,13
31860,"Foil Sheets",85,17
31865,"Four Cheese Ravioli",12,9
31869,"Organic Edamame",116,1
31871,"Beef Polska Kielbasa",106,12
31872,"Totopos de Maiz Mexican Style Thin & Crispy Salted Tortilla Chips",107,19
31880,"Sunflower Seed Butter",88,13
31882,"Sugar Free Low Calorie Raspberry Gelatin Dessert",105,13
31883,"Vegetable Lasagna",38,1
31886,"Pretzel In Milk Chocolate Bar",45,19
31888,"Caramel Minis Size Chocolate Cookie Bar Candy 11.5-oz. Bag",45,19
31890,"Healthy Dark Chocolate",3,19
31893,"Ice Cream Chocolate Mocha Chip",37,1
31907,"Fierce Fruit Berry Punch Thirst Quencher",64,7
31910,"Steel Cut Oats with Currants, Flax and Chia",130,14
31911,"8 x 8 x 1 5/8\"" EZ Occasions with Covers  Cake Pans",10,17
31912,"Avocado Oil",19,13
31915,"Organic Red Delicious Apple",24,4
31922,"Multi Symptom Relief Combo",11,11
31924,"Kava Kava Root, Vegetarian Liquid Phyto-Caps",47,11
31927,"Four Cheese Pasta Sauce",9,9
31930,"Chipotle Powder",104,13
31931,"Pure Fire Tonic Apple Cider Vinegar Drink",77,7
31932,"Protein & Fiber Madagascar Vanilla, Almonds & Pecans Hot Oatmeal",130,14
31933,"Hemp Milk Non Dairy Beverage Original",91,16
31944,"Super Size Flour Tortillas",128,3
31945,"Organic Fresh Pressed Pure Carrot 100% Juice",98,7
31949,"Tropical Turmeric Jun-Kombucha Made With Honey Organic",31,7
31950,"Radish Bunch",83,4
31951,"Miniature Peanut Butter Cups",45,19
31954,"Broccoli Slaw",123,4
31955,"Organic Banana Puffs",92,18
31956,"Cheddar And Sour Cream",107,19
31958,"Spinach and Arugula Salad",123,4
31959,"Garden Vegetable Spread Deli Cups",2,16
31960,"Eggo Pancakes Minis",52,1
31961,"Chilpotle Peppers in Adobo Sauce",30,6
31964,"Passionfruit Sparkling Water",115,7
31966,"Angel Hair Pasta With Herbs",4,9
31970,"Organic Basmati Rice",4,9
31974,"Cinnamon Sugar Cookie Chips",107,19
31979,"Organic Breath Spray",20,11
31981,"1% Low Fat Milk",84,16
31985,"Beefsteak Tomatoes",83,4
31990,"Unscented Pure Castile Soap",102,18
31991,"Ultra Built Strong Plates - 22 CT",111,17
31992,"Select-A-Size Paper Towels, White",54,17
31993,"Reduced Sodium Chicken Broth for Passover",33,6
31995,"Imported Unsalted Butter",36,16
31997,"Viva Vanilla Flavor Protein Smoothie Powder Drink Mix",65,11
32000,"Italian Style Meatballs",34,1
32011,"Mini Crunch Chocolate Chip Cookies",61,19
32016,"Fresh Fussilli",12,9
32017,"Fat Free Feta Chunks",21,16
32018,"Organic Fiber & Protein Pear Blueberry & Spinach Baby Food",92,18
32019,"Chicken Carbonara",38,1
32020,"Classic Ranch Yogurt Dressing",89,13
32023,"Regional Specialties Casarecce Pasta",131,9
32024,"Adobo All Purpose Seasoning With Pepper",104,13
32028,"Green Moroccan Mint Tea",94,7
32029,"Low Sodium Organic Medium Chili",59,15
32030,"Extra Sharp White Cheddar",21,16
32033,"Original Almond Breeze Almond Milk",91,16
32035,"Toasted Pine Nut Couscous Mix",4,9
32042,"Sweet Orange Hand Sanitizer Spray",25,11
32043,"Organic Low Fat Vanila Milk",84,16
32044,"Seltzer Calorie-free Cranberry Lime",115,7
32047,"Original Apple 100% Juice",98,7
32051,"Blueberry Muffin Mix",105,13
32052,"Organic Brown Rice Cake Salt-Free",78,19
32059,"Cage-Free Grade AA Large Eggs",86,16
32068,"Kettle Korn Popcorn",23,19
32069,"Organic Whole Grain Brown Rice Microwaveable Pouches",63,9
32073,"Calms Nerve Tension Sleeplessness 4 GR. - 100 CT",6,2
32079,"Shredded Parmigiano Reggiano",21,16
32080,"Refill Infant Milk-Based with Iron 16.6 oz Pouches Infant Formula Powder",92,18
32081,"Cinnamon Swirl Crumb Cake & Muffin Mix",105,13
32083,"Original in Tomato & Cheese Sauce Pasta",59,15
32085,"Grab 'N Go® Cups & Lids 12 Ounce",111,17
32086,"Tomatoes, Finely Chopped",81,15
32090,"Extra Long Lasting Polar Ice Flavor Sugarfree Gum",46,19
32096,"Yogurt Pretzels",78,19
32099,"Cilantro Lime Chicken Burrito",38,1
32100,"Chop Sweet Kale Kit",123,4
32102,"Big Original baked Cheese Crackers",78,19
32105,"Fully Cooked Maple Sausages 10 Count",106,12
32106,"Organic Stage 2 Rice & Lentil Baby Food",92,18
32108,"Cultured 'Lowfat Buttermilk",84,16
32109,"Caffe Espresso Ground Coffee",26,7
32110,"Bone In Pork Loin Chops",7,12
32112,"Lemon Poppyseed Oat Bar",3,19
32115,"93/7 Ground Beef",6,2
32124,"Pimento Cheese",21,16
32130,"Milk Chocolate Toffee Almond High Protein & Fiber Bar",3,19
32133,"4 Cheese Mexican Shredded Cheese",21,16
32134,"Lactose Free Plain Kefir",120,16
32139,"Hommus Classic Original",67,20
32140,"Organic Maple Cinnamon Waffles",57,14
32141,"Diet Coke Soda",77,7
32151,"Gluten Free Wraps",128,3
32155,"School Safe Brownie Bars",61,19
32156,"Cranberry Juice Cocktail",98,7
32163,"Hot Salsa",51,13
32167,"Oats 'N Dark Chocolate Protein Granola",57,14
32170,"Lentil Salad",1,20
32175,"Root Beer Soda",77,7
32177,"Blood Oranges",24,4
32184,"Organic Balsamic Vinegar",19,13
32192,"100% Whole Grain White Whole Wheat Flour",17,13
32197,"Organic Celery Root",83,4
32201,"Nonfat Strawberry With Fruit On The Bottom Greek Yogurt",120,16
32203,"Cordon Bleu Raw Stuffed Chicken Breasts",38,1
32204,"Nut & Oat Bread",112,3
32205,"Fluoride-Free Antiplaque & Whitening Spearmint Toothpaste",20,11
32211,"Whole Grains Oatnut Bread",112,3
32225,"Gluten-Free Table Crackers",78,19
32226,"Milk Chocolate English Toffee Miniatures Candy Bars",45,19
32227,"House Blend Whole Bean Coffee",26,7
32230,"Organic Greek Fat Free Plain Yogurt",120,16
32231,"Grape Juice",31,7
32235,"No Caffeine Lemon Lime Soda",77,7
32237,"Campanelle Pasta",131,9
32239,"100% Whole Wheat Slice English Muffins",93,3
32248,"High Protein Vanilla Nutrition Shake",65,11
32249,"Delight Air Popped Popcorn, White Cheddar",23,19
32251,"Sugar Free Hard Candies",45,19
32253,"Zesty Lemon Quinoa Blend",63,9
32254,"Mixed Berry Low Fat Almond Non-Dairy Yogurt",120,16
32255,"Four Potato Hash Browns",129,1
32256,"Mango Chutney",76,6
32259,"Red Globe Grapes",24,4
32263,"Lowfat Peach Yogurt",120,16
32265,"ForceFlex Drawstring Tall Kitchen Bags",60,17
32267,"Twelve Essentials Fruit and Vegetable Juice",31,7
32270,"Spice Wrld Organic Garlic",123,4
32271,"Original Applesauce",99,15
32272,"Low-Fat Apricot on the Bottom Greek Yogurt",120,16
32277,"Cashew Milk Dark Chocolate Truffle Ice Cream",37,1
32284,"Vanilla Almond Pecan Oatmeal Bowl",130,14
32285,"Gluten Free Cinnamon Raisin Bagels",93,3
32293,"Organic Bunny Fruit Tropical Treat Fruit Snacks",50,19
32295,"Organic Breathe Easy Rub",104,13
32299,"Dijon Mustard",72,13
32300,"Original 120 count Fabric Enhancers Dryer Sheets",75,17
32303,"Red Seedless Grapes",24,4
32304,"Reduced Sodium Vegetable Lentil & Roasted Red Peppers Soup",69,15
32307,"Demi Baguette",112,3
32316,"Vanilla Greek Yogurt",120,16
32325,"Slow Churned  Caramel Delight Ice Cream",37,1
32327,"3 Gallon Food Scrap Bag",60,17
32330,"Protein Plus Farfalle Multigrain Pasta",131,9
32331,"Flip™ Low-Fat Almond Coco Loco Lowfat Greek Yogurt",120,16
32333,"Apple + Banana Fruit Bar",3,19
32335,"Overnites Size 5 Diapers",56,18
32338,"Natural Jif Creamy Peanut Butter Spread",88,13
32345,"Atlantic Skinless & Boneless Prime Fillet Salmon",95,15
32347,"European Style Unsalted Butter",36,16
32352,"Organic Sea Snax",50,19
32353,"Light Harvest Peach Strawberry Variety Pack",120,16
32360,"Creamy Deluxe Shells & Real Aged Cheddar Sauce",4,9
32369,"Uncured Diced Pancetta",96,20
32373,"Apple Cinnamon Pecan Oatmeal Cup",130,14
32374,"Sour Worms",45,19
32376,"Shrimp",39,12
32380,"Orange Aranciata Sparkling Beverage",77,7
32387,"Roasted Garlic & Sweet Basil Sauce",9,9
32388,"Ibuprofen Liquid Soft Gels 200mg",133,11
32390,"Crumbled Blue Cheese",21,16
32394,"Smart Ones Canadian Style Turkey Bacon English Muffin Sandwich",52,1
32396,"Organic Beans Garbanzo",59,15
32398,"Almonds Mini Nut-Thins Cheddar Cheese",78,19
32400,"w/Banana Pulp Free Juice",31,7
32402,"Crackers, Crispy, Cheddar",78,19
32403,"Fat Free Skim Milk",84,16
32404,"Unsalted Butter Quarter",36,16
32407,"Recycled Facial Tissues 2 Ply",54,17
32412,"Garbanzo Beans No Salt Added",30,6
32413,"Minute Jasmine Rice Microwaveable Rice Bowl",63,9
32420,"Organic 1% Milkfat Lowfat Chocolate Milk",84,16
32423,"Chocolate Delight Granola",57,14
32428,"Golden Crinkles French Fried Potatoes",129,1
32429,"Red Mango",24,4
32433,"Green Peas",116,1
32436,"Original Granola",57,14
32438,"Swiss Cheese Slices",21,16
32440,"Tapioca Pudding Cups",71,16
32442,"Organic Original Tofu Veggie Burger",14,20
32443,"Organic Waffles Blueberry",52,1
32446,"Bunched Carrots",83,4
32448,"Enriched White Bread",112,3
32449,"Zero Calorie Half Iced Tea & Half Lemonade",94,7
32453,"Pro-Strength Hair Clog Eliminator With Clorox",114,17
32455,"Whole Grain Cheddar Baked Snack Crackers",78,19
32463,"Olive Oil & Aloe Vera Hand Soap",25,11
32465,"Sliced White Mushrooms",123,4
32467,"Organic Living Butter Lettuce",83,4
32476,"Garlic & Herb Bread Crumbs",5,13
32478,"Reduced Fat 2% Milk",84,16
32486,"Shredded 3 Cheese Blend",21,16
32492,"Heath Candy Flavored Ice Cream Bars",37,1
32497,"Lowfat & Strawberry Topping Cottage Cheese",108,16
32498,"Lemon Pepper Fish Complete Meals",38,1
32499,"Thick-n-Creamy Horseradish",72,13
32502,"Belgian Style Wheat Ale",27,5
32507,"Vegetable Combo Sp",13,20
32511,"Ground Coffee French Roast",26,7
32515,"Whole Milk Blended Cherry Greek Yogurt",120,16
32519,"Honey Maid Fresh Stack Honey Grahams",61,19
32523,"Extra Strong Dark Chocolate",45,19
32524,"Superior Cola",77,7
32528,"Spicy Tuna Avocado",13,20
32534,"Nutz Over Chocolate Whole Nutrition Bars for Women",3,19
32537,"Parsley",16,4
32538,"Chunk Light Tuna",95,15
32539,"SunButter Crunch Baked Chewy Bars",3,19
32544,"Corn Chex Gluten Free",121,14
32545,"Bakery Classics Sliders Golden Potato Buns",43,3
32548,"Citrus Lemons Organic 2 Lb Bag",123,4
32549,"Prepared Meals Simmered Chicken Medley Wet Dog Food",40,8
32550,"All Natural Lemonade",31,7
32553,"Country Stand Juice, Medium Pulp",98,7
32557,"Plant Based Scrub Sponge",114,17
32562,"Vanilla Ice Cream Cookies",37,1
32563,"Sweetener Packets",90,7
32566,"Dha Omega 3 Vitamin D Milk",84,16
32568,"Vicks DayQuil and NyQuil Cold & Flu Relief Combo",11,11
32569,"Peanut Butter Cracker Sandwiches",78,19
32570,"Black Pepper Snapea Crisps",107,19
32573,"Pretzel Sticks",107,19
32578,"Organic Fresh Squeezed Orange Juice",31,7
32579,"Organic Promise Autumn Wheat Cereal",121,14
32580,"Salted Almond Milk Chocolate Bar",45,19
32585,"Sprouted Wheat Cinnamon Raisin Bagels",93,3
32588,"Refillable Primordial Himalayan Sea Salt Grinder",104,13
32598,"2 in 1 Classic Clean Dandruff Shampoo + Conditioner",22,11
32605,"Glory's Sweet Cherry Tomatoes",83,4
32607,"White Unscented Facial Tissue",54,17
32608,"Organic Cranberry Winter Salad",1,20
32610,"Organic Oven Crinkles with Sea Salt & Pepper",129,1
32611,"Honey Almond Butter Single",88,13
32616,"Caramelized Onions And Gruyere Cheese Ravioli",12,9
32619,"Orange Banana Stage 2 Baby Food",92,18
32621,"Cheddar Sharp Cheese Sticks",21,16
32622,"Fresh Spreadable Cream Cheese",108,16
32624,"Acorn Squash",83,4
32627,"Cereals Super Cranberry Cherry & Almond Muesli Fruity & Tangy With Almonds",121,14
32628,"Pretzel Buns",43,3
32631,"Free Ride Hibiscus Fruit Herbal Refresher Kombucha",100,21
32635,"Standard Size Pet Waste bags",40,8
32636,"Roasted Garlic Hummus with Pretzels",67,20
32637,"Chicken Gravy Mix",5,13
32638,"Red Hot Original Cayenne Pepper Sauce",72,13
32640,"Magic Soap - Hemp Rose",25,11
32642,"Roasted Chicken Breast",96,20
32644,"No.4 Natural Brown Cone Coffee Filters",100,21
32645,"Sugarfree Energy Drink",64,7
32647,"Apples, Guavas & Beets Organic Baby Food",92,18
32648,"Gluten Free Honey Almond Granola",57,14
32650,"White Giant Paper Towel Rolls",54,17
32651,"Body Deodorant Roll-On",80,11
32652,"Organic Broccoli Slaw",123,4
32655,"Organic Large Grade AA Brown Eggs",86,16
32656,"Garam Masala",104,13
32657,"Cheeseburger Macaroni Hamburger Helper",131,9
32665,"Organic Ezekiel 49 Bread Cinnamon Raisin",112,3
32666,"Madagascar Pure Vanilla Extract",17,13
32676,"Chunk Light in Water Tuna",95,15
32677,"Bag of Key Limes",24,4
32679,"Original Plain Yoghurt",120,16
32684,"Grade A Organic Large Brown Eggs",86,16
32689,"Romaine Hearts",123,4
32690,"4.125\"" x 9.5 \"" White Envelopes",54,17
32691,"Vanilla Ice Cream",37,1
32700,"Original Whipped Cream",53,16
32701,"Roasted Seaweed Snacks Wasabi",50,19
32703,"Strawberry Pomegranate Acai Kefir",120,16
32707,"Platinum™ ActionPacs™ Fresh Scent Dishwasher Detergent",74,17
32710,"Portabella Mushroom",83,4
32712,"The Smurfs Gummi Candy",45,19
32714,"Spearmint Gum",46,19
32717,"Baked Beans",59,15
32718,"Cake Pans & Lids, 13 x 9",97,13
32724,"Heavy Duty White Spoons",111,17
32727,"Reduced Fat 4 Cheese Mexican Shredded Cheese",21,16
32732,"Roasted Red Pepper & Basil Quinoa and Brown Rice",4,9
32733,"Cat Food, Kitten/Adult, Select Cuts, Sardine, Shrimp & Crab Meat",40,8
32734,"Spaghetti",131,9
32738,"Brown Basmati Ready Rice",4,9
32739,"Total 2% Cherry Lowfat Greek Strained Yogurt",120,16
32740,"Cold-Brew Black Coffee",26,7
32743,"Apple Plum Kamut Stage 2 Baby Food",92,18
32744,"Concentrated Bleach Fresh Meadow",75,17
32747,"Low Fat 1% Milk",84,16
32748,"Classic Cod Sole & Shrimp Feast Cat Food",41,8
32753,"45 Calories & Delight Wheat Bread",112,3
32755,"Anasazi Beans Green Chillies & Squash Burrito",38,1
32757,"Quiche Lorraine",13,20
32760,"Shells & White Cheddar",4,9
32762,"Nutri-Grain Soft Baked Mixed Berry Cereal Breakfast Bars",48,14
32766,"Beef & Broccoli",38,1
32767,"Parmesan Ranch Dressing + Dip",89,13
32768,"Carrots, Bag",123,4
32771,"Organic Mango Acai Fruit Leather, 12 Ct",50,19
32772,"Shrimp Ceviche",13,20
32773,"VEGET TOMATO BASIL",50,19
32775,"Triple Zero Strawberry Oikos Greek Yogurt",120,16
32781,"Gluten Free Sunrise Crunchy Maple Cereal",121,14
32784,"Natural Shredded Mexican Style Four Cheese",21,16
32786,"Beet Chips",50,19
32787,"Tapestry Napa Valley",28,5
32788,"Organic Udon",66,6
32792,"Chipotle Beef & Pork Realstick",23,19
32799,"4 Cheese Medley Frozen Pizza",79,1
32810,"Smoked Turkey Sausage and Cheddar Cheese",106,12
32812,"Madagascar Bourbon Whole Vanilla Beans",104,13
32818,"Organic Pink Lemonade Bunny Fruit Snacks",50,19
32819,"Pronamel Fresh Wave Fresh Breath Toothpaste",20,11
32828,"Italian Sausage",14,20
32829,"Garden Vegetable Medley Steamers",116,1
32831,"Cherry Vanilla Cherry On The Bottom Cream Top",120,16
32833,"Plain Nonfat Yogurt",120,16
32835,"Crumbled Cheese, Traditional, Feta, Fat Free",2,16
32839,"Dry Rubbed Thick Sliced Pork Bacon",106,12
32842,"Colby-Jack Cheese Sticks",21,16
32850,"Organic Pumpkin Puree",17,13
32851,"Organic Carrots Baby Peeled Prepacked",123,4
32852,"Diced Yellow Onion",123,4
32854,"Salted Caramel Core Ice Cream",37,1
32855,"Turkey Variety Pack",96,20
32856,"Crab Rangoon",129,1
32857,"Organic Chunky Tomato Bisque Soup",69,15
32859,"Oikos Greek Yogurt Traditional Lemon Meringue",120,16
32861,"Organic Instant Oatmeal Light Maple Brown Sugar",130,14
32864,"Organic Baby Rainbow Carrots",123,4
32868,"Slow Churned No Sugar Added Mint Chocolate Chip Ice Cream",37,1
32869,"Spicy Chik'n Veggie Protein Patties",42,1
32870,"Dentastix® Mini Dog Chews",40,8
32872,"ColorSilk Hair Color- Black",22,11
32873,"Half Sour Pickles",110,13
32877,"Yellow Zucchini",83,4
32888,"Simply Clean Baby Wipes",56,18
32900,"Paneer Tikka Masala",13,20
32903,"Southern Banana Pudding",37,1
32904,"Oat Flour, Organic",17,13
32905,"Clementine",24,4
32906,"Raisins Red Seedless Organic Jumbo Size",117,19
32909,"Semi-Soft Part Skim Cheese",2,16
32911,"Organic Sensitivity Infant Formula with Iron",92,18
32912,"Baked Whole Grain Wheat Hint of Salt Crackers",78,19
32915,"Honey Turkey",96,20
32917,"Chicken Marsala",38,1
32921,"Wintermint Sugar Free Gum",46,19
32923,"Organic Triple Berry Blend",116,1
32926,"Cracked Pepper Turkey Jerky",23,19
32927,"House Napa Cabbage",66,6
32931,"Egg Challah Rolls",43,3
32935,"Raw Mild Cheddar Cheese",21,16
32938,"Home Style Marinara Pasta Sauce",9,9
32939,"Disinfecting Wipes Fresh Scent & Lemon",114,17
32940,"Organic Non-Dairy Blueberry Cultured Soy Yogurt",120,16
32942,"Frontier Whole Wheat Oat & Honey Flapjack and Waffle Mix",130,14
32943,"Soybeans in Pods Edamame",116,1
32946,"Chamomile Caffeine Free Tea Bags",94,7
32950,"Breaded Chicken Breast Nuggets, Gluten Free",129,1
32951,"Ricotta Cheese",21,16
32953,"Chunky W/Beans Chili",59,15
32955,"Carrot Chips",123,4
32959,"Jumbo Veggie Protein Smart Dogs Links",106,12
32961,"Blazin' Beef Recipe Dog Food",40,8
32971,"Sliced Peaches",116,1
32972,"Hershey's Crème Pie with a Chocolate Cookie Crust",119,1
32976,"Variety Box (4 of each: Original, White Cheddar & Cheddar Jack)",78,19
32977,"Brown Long Grain Rice",63,9
32978,"Lemon Lime Seltzer",115,7
32979,"Sourdough Boule",112,3
32980,"Mini I.D.'s French Vanilla Creamer, Singles",53,16
32981,"Original Recipe Rice Pudding",71,16
32982,"Yellow Corn Extra Thin Tortillas",128,3
32988,"Natural Foods Olive Oil Potato Chips Sea Salt",107,19
32989,"Mighty 4 Purple Carrot Blackberry Quinoa & Greek Yogurt Tots Snack",92,18
32990,"Skin Therapy Silky Skin Lotionized Moisturizing Shave Gel",55,11
33000,"Pure Irish Butter",36,16
33003,"Dill Rye Bread",112,3
33007,"Peppermint Patties Candy",45,19
33015,"Gluten Free Organic Soyrizo",14,20
33016,"Chef Salad",1,20
33017,"Classic Bubble Sugar-Free Gum",46,19
33018,"Krave Basil Citrus Turkey Jerky",23,19
33021,"Reserve Cheddar Cheese",2,16
33025,"Gluten-Free Brown Rice Pasta",131,9
33026,"Raspberry Tea",94,7
33027,"Fancy Shredded Sharp Cheddar Cheese",21,16
33029,"Dark French Roast Whole Bean Coffee",26,7
33037,"Wheat English Muffins",93,3
33041,"Medium Cheddar Natural Cheese",21,16
33043,"Crescent Rolls",105,13
33055,"Organic Golden Delicious Apple",24,4
33056,"Stacy's Multigrain Pita Chips",107,19
33059,"Ice Peppermint Gum",46,19
33065,"Cabernet Sauvignon",28,5
33071,"Sashimi Combo",13,20
33072,"Cheese, Asiago",21,16
33079,"Alpine Breeze Gentle Whitening for Sensitive Teeth Toothpaste",20,11
33081,"Chicken Apple Sausage",106,12
33087,"Nectarine",24,4
33089,"Goji Berries, Sun-Dried",117,19
33090,"Light & Fit Strawberry Non Fat Greek Yogurt",120,16
33093,"Chilpotle Peppers, in Adobo Sauce",30,6
33094,"Slow Churned Mississippi Mudpie Ice Cream",37,1
33095,"Salame, Italian Dry",96,20
33098,"Organic Stewed Tomatoes",81,15
33099,"Golden Monkey",27,5
33100,"Unsalted Sweet Butter",36,16
33106,"Organic Firm Tofu",14,20
33109,"Greek Plain Whole Milk Yogurt",120,16
33113,"Simply Potaoes Traditional Mashed Potatoes",129,1
33114,"Sport Chocolate Mint Protein Bar",3,19
33120,"Organic Egg Whites",86,16
33122,"Peanut Butter Dark Chocolate Protein Chewy Bars",3,19
33124,"Healthy Kids Organic Chocolate Nutritional Shake",92,18
33127,"No Salt Roasted Pistachios",117,19
33129,"Classic Hummus",67,20
33132,"Mild Red Taco Sauce",30,6
33135,"Organic Blueberry Kefir",120,16
33136,"Tissue with Lotion Aloe & E",54,17
33138,"Classic Chopped Grill Feast Cat Food",41,8
33139,"Vegetarian Worcestershire Sauce",72,13
33143,"Original Probiotic Dairy Drink",70,11
33147,"Organic Crimini Mushrooms",83,4
33148,"Almond Plus Vanilla Almond Milk",91,16
33151,"Gluten free Dark Chocolate covered Creamy Banana Fruit Bars",37,1
33153,"IPA",27,5
33156,"Seitan wheat Strips",14,20
33162,"Natural Flavor Butter Popcorn",23,19
33166,"Unisex Free & Clear 2T-3T up to 34 lbs Baby Training Pants",56,18
33168,"Everyday Paper Plates",111,17
33176,"Goldfish Baby Cheddar Baked Snack Crackers",78,19
33178,"100% Juice, Apple",98,7
33184,"Condensed Cream of Mushroom Soup",69,15
33189,"Dry Roasted Sunflower Kernels",117,19
33190,"2013 Zinfandel Red Wine",28,5
33195,"7 Sprouted Grains Bread",112,3
33198,"Sparkling Natural Mineral Water",115,7
33200,"Sliced Ripe Black Olives",110,13
33204,"Graduates Lil' Entrees with Carrots Mashed Potatoes & Gravy with Roasted Chicken",92,18
33206,"Pearled Couscous Original Plain",4,9
33214,"Dark Chocolate Chip Chococonut Chewy Granola Bars",3,19
33216,"Organic Vegetarian Baked Beans",59,15
33219,"Spanish Style Ready Rice",4,9
33220,"Natural Unsalted Sliced Almonds",17,13
33222,"Lemonade with Mango",31,7
33228,"Lunchables Lunch Combinations Pepperoni & Mozzarella",13,20
33231,"Mild Lean Turkey Breakfast Sausage",106,12
33232,"Unsweetened Cashew Milk",91,16
33234,"Selects Smoked Uncured Bacon",106,12
33237,"Classic Five Cheese Lasagna",38,1
33240,"Lightly Seasoned Freeze Dried Edamame Veggie Snack",117,19
33245,"Cole Slaw",123,4
33249,"Organic Cooked Beets",83,4
33251,"Spicy Steak Burrito",38,1
33257,"Original Recipe Chocolate Pudding",71,16
33272,"Fresh Meadow Scent Bleach",75,17
33274,"Organic Whole Wheat Linguine",131,9
33276,"Kalamata Olive Spread",67,20
33279,"Low Sodium Bacon",106,12
33282,"Grain Free Food for Cats Turkey Dinner",41,8
33286,"Margarita",6,2
33290,"Lemon Verbena Dish Soap",74,17
33294,"Tortillas, Wheat Free, Sprouted Corn",128,3
33295,"Original Jambalaya Rice Mix",4,9
33301,"Fig Newtons Cookies",61,19
33303,"Organic Hummus",123,4
33313,"Dark Sumatra Ground Coffee",26,7
33315,"Organic Not Salted Pistachios",117,19
33316,"Lemongrass & Clementine Zest Natural Dish Liquid",74,17
33318,"Sea Salt Soiree Intense Dark Chocolate Squares",45,19
33320,"Organic Banana Bites",117,19
33322,"Chocolate Peanut Butter Creme Sandwich Cookies",61,19
33326,"Cheese Finely Shredded Mexican Four Cheese Blend Reduced Fat 2%",21,16
33331,"Cinnamon Toast Crunch Crispy Sweetened Whole Wheat & Rice Cereal",121,14
33335,"Spf 30 Baby Sunscreen Cream",102,18
33337,"Signature Tortilla Organic Soup",69,15
33342,"Organic Red Grape Tomato Package",123,4
33343,"Sliced Colby & Monterey Jack Cheese",21,16
33349,"Advanced Formula Lip Therapy Skin Protectant",73,11
33350,"All Natural Guacamole Mix",30,6
33351,"Light Multi-Grain English Muffins",93,3
33352,"Organic Kale Greens",123,4
33353,"Powdered Donut Holes",93,3
33354,"Get Focused Breakfast Burrito",38,1
33356,"Graduates Lil EntreesnMacaroni and Cheese with Seasoned Peas and Carrots",92,18
33357,"Fresh Sugar Snap Peas",123,4
33358,"Chocolate Peanut Butter Advantage Meal Bar",65,11
33362,"Chicharrones Pork Rinds",107,19
33364,"Pumpkin & Spice Yogurt",120,16
33367,"8\"" Apple Pie",8,3
33368,"Green Skinned Avocado",83,4
33370,"Total with Strawberry Yogurt",120,16
33373,"Honeycrisp Bag",24,4
33378,"Tzatziki Sauce",51,13
33379,"Red Lentils",63,9
33381,"Belgian Chocolate Reduced Fat Milk",84,16
33382,"P3 Chicken and Cashews",117,19
33385,"Preserves, Strawberry",88,13
33388,"Gluten Free Baking and Pancake Mix",130,14
33391,"Chai Latte K-Cup Packs .4 oz Coffee",26,7
33394,"Outshine Creamy Coconut Fruit Bars",37,1
33395,"Protein & Greens Vanilla Flavor Drink Mix",65,11
33397,"from Concentrate Mango Nectar",98,7
33399,"Red Lentil Dahl Soup",1,20
33401,"Goat Cheese Crumbles",21,16
33402,"Core Original Grain Free Dry Dog Food",40,8
33407,"Ripe Large Pitted Olives",110,13
33410,"Wonderfruit Acai Energy Blend",64,7
33415,"Extra Body Volumizing Shampoo",22,11
33424,"Lemon Sports Drink",64,7
33433,"French Vanilla Rice Pudding",71,16
33434,"Original Fruit",45,19
33438,"Rosemary & Olive Oil Quinoa Blend",63,9
33439,"Deep Moisture Body Wash",127,11
33443,"Passion Fruit",24,4
33452,"Fruit Punch Sports Drink",64,7
33454,"Power-C Dragonfruit Vitamin Water Drink",64,7
33460,"Real Medleys Super Grains Banana Walnut Oatmeal Cup",130,14
33462,"Almond & Apricot Bar",3,19
33463,"Chicken Enchiladas Poblano",38,1
33464,"Fresh Boneless Skinless Chicken Breasts",49,12
33465,"Broth Free Range Chicken Organic",69,15
33466,"Heat & Serve Sweet Potato",123,4
33467,"Stage 1 Apples Apples Apples Organic Pureed Baby Food",92,18
33468,"White Pita",128,3
33471,"Diced Basil Garlic & Oregano Tomatoes",81,15
33474,"Dinnerware Spoons",111,17
33476,"Tuna Florentine Cat Food",41,8
33479,"Organic Mac Pasta Shells & White Cheddar Cheese Macaroni & Cheese",4,9
33480,"Bag of Clementines",24,4
33486,"Sugarfree Bubblemint Gum",46,19
33488,"Flamin' Hot Onion Flavored Rings",107,19
33489,"Organic Peppermint Tea",94,7
33492,"100% Recycled Paper Size Your Own 2 Ply Paper Towel Roll",54,17
33493,"Cotton Swabs",44,11
33494,"Original Nasal Spray",11,11
33497,"Bread, Raisin",112,3
33499,"80% Cocoa Madagascar Chocolate",45,19
33502,"Double Cheese Baked Snack Mix",78,19
33503,"Zucchini Banana & Amaranth Organic Baby Food",92,18
33505,"Premium Cotton Squares",73,11
33506,"Simply 9 White Meat Chicken & Whole Barley Recipe Dog Food",40,8
33508,"Plain Pre-Sliced Bagel Thins",93,3
33509,"Italian Herbs & Olive Oil Mozzarella Stix",129,1
33511,"Whole Care Wintermint  Fluoride Toothpaste",20,11
33515,"Light & Fit Greek Vanilla Yogurt",120,16
33517,"Jalapeno Havarti",2,16
33527,"Organic Classic Rich Crackers",78,19
33530,"Orange Smooth Fiber Supplement",70,11
33537,"Fig And Olive Spread",67,20
33540,"Whole Grain Organic Blueberry Waffles",52,1
33543,"Super Green Juice Blend Smoothie",31,7
33544,"Black Beans & Rice",38,1
33548,"Peach on the Bottom Nonfat Greek Yogurt",120,16
33552,"Real Medleys Peach Almond Oatmeal",130,14
33557,"Cherry Tomatoes",24,4
33560,"Italian Bread Crumbs",5,13
33561,"Premium Stem Strawberries",24,4
33565,"Uncrustables Reduced Sugar Peanut Butter & Grape Soft Bread Sandwiches",38,1
33568,"Fresh Tilapia Fillet",39,12
33569,"Crackers Almond Flour Farmhouse Sharp Cheddar",78,19
33571,"Cocoa-Dough Frozen Desserts",37,1
33572,"Lactose Free 2% Reduced Fat Milk",91,16
33574,"Epsom Salt Soaking Solution Relax & Relief",127,11
33575,"Dairy Free French Vanilla Coconut Milk Creamer",91,16
33579,"Potato Chips, Avocado Oil, Kettle Style, Barcelona Barbecue",107,19
33580,"Goat Milk Toddler Formula",92,18
33587,"Still Artesian Distilled Water",115,7
33589,"G2 Grape Sports Drink",64,7
33590,"No Sugar Added Muesli Cereal",121,14
33592,"Spots Stew Wild Salmon Canned Cat Food",41,8
33593,"Crunchin' Grahams, Honey Sticks, 123 Sesame Street",92,18
33596,"Oikos Fat Free Blueberry Greek Yogurt",120,16
33602,"Sweet White Miso",66,6
33606,"Vanilla Almond Milk Frozen Dessert",37,1
33609,"Ground Beef Patties",122,12
33611,"100% Pure Coconut Water",98,7
33613,"Premium Firm Tofu",91,16
33614,"Carb Balance Flour Tortillas",128,3
33623,"Cage Free Large Brown Eggs",86,16
33624,"Splash Tropical Blend Juice",98,7
33626,"Spinach Cheese Tortellini",12,9
33627,"Mix Popcorn",107,19
33631,"White Mangosteen Peach Green Tea Superfruit",94,7
33633,"Smart Pop Kettle Corn Mini Bags",23,19
33636,"Organic Shells And White Cheddar",4,9
33640,"Baked Beans, Vegetarian",59,15
33642,"Lactose Free Cream Cheese",108,16
33645,"Tasteeos Cereal",121,14
33647,"Blue Chips Corn Tortilla Chips",107,19
33651,"Harvest Cheddar Multigrain Chips",107,19
33655,"Strawberry Jelly",88,13
33656,"Oil Of Oregano Dietary Supplement",47,11
33657,"Mango Fruit Nectar",98,7
33664,"2 % Reduced Fat  Milk",84,16
33665,"California Red Velvet Wine",28,5
33668,"Stage 2 Eat Your Colors Organic, Green: Pea, Kiwi, Pear & Avocado Baby Food",100,21
33671,"100% Pineapple Juice",98,7
33672,"Shredded Monterey Jack Cheese",21,16
33674,"Elmo Mac 'n Cheese With Carrots & Broccoli",38,1
33680,"Fiesta Tortillas Gluten Free",128,3
33682,"Total 2% Greek Mixed Berries Yogurt",120,16
33700,"Teriyaki Marinade & Sauce",66,6
33704,"Lavender Vanilla Wet Mopping Cloths Refills With Febreze",114,17
33705,"New York Cheddar Potato Chips",107,19
33706,"Pomegranate Juice",98,7
33709,"All Natural Medium Fire-Roasted Tomato & Jalapeno Salsa",51,13
33716,"Apple Pie Fruit & Nut Food Bar",3,19
33719,"French Vanilla Yogurt Vanilla",120,16
33720,"Drumsticks",37,1
33722,"Chicken and Vegetable Egg Rolls",129,1
33724,"Nature's First Fine Sea Salt",104,13
33728,"Geranium Scent Laundry Detergent",75,17
33731,"Grated Parmesan",21,16
33735,"Chick Peas Garbanzos",59,15
33736,"Lemon Master Cleanse Fruit Juice Drink",31,7
33739,"Classic Bun Length Turkey Franks",106,12
33741,"Gluten Free Classic Hamburger Buns",43,3
33745,"Oats and Honey Protein Crunchy Granola",57,14
33746,"Simply Stock Organic Vegetable Unsalted Stock",69,15
33747,"Traditional Chicken Rice with Vegetables Soup",69,15
33748,"Organic Superfoods Morning Banana, Blueberry, Yogurt & Oats Breakfast Blend Snack",92,18
33750,"Sweet Rival Sesame Butter + Dates Macrobar",3,19
33752,"Meatless Sausage Egg Gouda Sandwich",42,1
33754,"Total 2% with Strawberry Lowfat Greek Strained Yogurt",120,16
33756,"Crispy Chicken Strips 100% All Natural Fully Cooked",129,1
33764,"Raspberry Sorbetto",37,1
33768,"Sinfully Sweet Campari Tomatoes",83,4
33772,"Eggo Thick & Fluffy Original Waffles",52,1
33776,"L'elegance Toothpicks",111,17
33780,"Strawberry Shortcake Ice Cream Bars",37,1
33782,"Vitaminwater Revive Fruit Punch",64,7
33785,"Chicken Leg Quarters",35,12
33786,"Pepper Jack Cheese Crackers",78,19
33787,"Total 2% Lowfat Greek Strained Yogurt with Peach",120,16
33788,"Yellow Tortilla Chips",107,19
33791,"Raspberry on the Bottom Nonfat Greek Yogurt",120,16
33792,"Organic Smoked Paprika",104,13
33793,"Chewy Candies, Flavored, Fierce Cinnamon",45,19
33796,"Sweet Orange Vanilla Honest Shampoo + Body Wash",25,11
33799,"Anchovy Paste with Olive Oil",95,15
33803,"High Endurance Pure Sport Anti-Perspirant/Deodorant",80,11
33810,"Citrus Dish Soap",74,17
33816,"Yellow Nectarines",24,4
33819,"Original French Vanilla Yogurt",120,16
33825,"Four Fruits Preserves",88,13
33827,"Fat Free French Vanilla Creamer",53,16
33829,"Organic Puree Winter Squash",116,1
33833,"Lean Turkey Kielbasa",34,1
33834,"Eucalyptus & Arnica Be Well Bubble Bath",25,11
33839,"Omega 3 D",47,11
33842,"Everything Crackers",78,19
33845,"Organic YoBaby Vanilla Yogurt",120,16
33846,"Roasted Garlic Hummus",67,20
33847,"Cookies And Cream Ice Cream",37,1
33852,"Black Raspberry Sparkling Water Drink",115,7
33856,"Limited Release Sucks Brown Shugga Sustitute",27,5
33857,"Wild Albacore Tuna in Extra Virgin Olive Oil",95,15
33862,"All One Hemp Peppermint Castile Soap Bar",25,11
33863,"Cherry Coke",77,7
33867,"Laudemio Extra Virgin Olive Oil",19,13
33870,"Bonito Del Norte En Aceita De Oliva",95,15
33871,"Smarty Dish Pink Grapefruit Dishwasher Detergent Tabs",74,17
33873,"Chocolate Flavored Dairy Free Coconut Milk Frozen Dessert",37,1
33877,"Metal Polish Cleaner",114,17
33881,"Goji Berries, All Natural/Raw",50,19
33884,"Bay Leaves",104,13
33885,"5 Symptom Digestive Relief",70,11
33894,"Goldfish Cheddar Baked Snack Crackers Multi Packs",78,19
33897,"Chicken Wings",49,12
33903,"Super Tampon",126,11
33906,"Omega 3 Oil for Pets",40,8
33909,"Cracked Wheat Sourdough Loaf",112,3
33911,"Zero Calorie Cream Soda",77,7
33919,"Organic Coconut Bliss Salted Caramel in Chocolate",37,1
33920,"Sandalwood 2 in 1 Body Wash & Facial Cleanser",25,11
33924,"Soft-Picks  - 40 CT",20,11
33929,"Acai Berry Chia Bar",3,19
33931,"Deep Dish Singles Cheese Pizza",79,1
33942,"Black Chai Decaf  Tea Bags",94,7
33943,"Sliced Yellow Cling Peaches in Heavy Syrup",99,15
33945,"Regular Chips",107,19
33946,"Honey Chamomile Tulsi Tea",94,7
33947,"Cranberry Nectar 100% Juice",98,7
33949,"Voila! Frozen Garlic Chicken Dinner",38,1
33950,"Natural California Raisins Mini Snack Boxes",117,19
33953,"Cheese, Goat Milk, Purple Haze",21,16
33956,"Mighty Mango Juice Smoothie",31,7
33957,"Mexican Casserole Bowl",38,1
33966,"No Stick Baking Spray",19,13
33968,"Organic Spicy Black Bean Soup",69,15
33973,"HE Original Liquid Laundry Detergent",75,17
33974,"Low Sodium Chicken Broth",69,15
33976,"Spreadable Butter Flavored with Olive Oil",36,16
33978,"Organic Icelandic Coconut Yogurt",120,16
33984,"Blush Wine Vinaigrette Dressing",89,13
33987,"Organic Raspberry Premium Fruit Spread",88,13
33989,"Organic Traditional Red Miso",66,6
33990,"Organic Chocolate Chip Granola Bars",3,19
33991,"Gluten Free Sourdough Sandwich Rolls",112,3
34002,"Artisan Spinach Pesto Sausage",14,20
34004,"Mixed Berries Wildly Nutritious Signature Blends",116,1
34005,"Black Seedless Grapes",24,4
34006,"Curly Waves Potato Chips",107,19
34009,"Diced Carrots",123,4
34012,"Almond Breeze Chocolate Almond Milk",91,16
34013,"Microwaveable Whole Grain Brown Rice 2 ct",4,9
34019,"Organic Buckwheat Pancake & Waffle Mix",130,14
34022,"Lite Honey Mustard Dressing",89,13
34023,"Whole Grain Quinoa",63,9
34024,"Classic Soda",77,7
34026,"Garlic Chicken Spring Rolls",129,1
34027,"Crispix Rice & Corn Cereal",121,14
34033,"Aspirin, Low Dose, 81 mg, Enteric Coated Tablets",133,11
34034,"Roasted Garlic Pasta Sauce",9,9
34040,"Organic Gut Shot Ginger Beet Probiotic Drink",81,15
34044,"Organic Orange Juice with Pulp",31,7
34047,"Classic Soda Mini Bottles",77,7
34049,"Broccolini",83,4
34050,"Orange Juice",31,7
34055,"Hot Sauce Chili Garlic",72,13
34058,"Lavender Dryer Sheets",75,17
34061,"Baby Food Meals",92,18
34063,"Medium Roast Original Blend Ground Coffee",26,7
34064,"Beef Chorizo",106,12
34065,"Tomatoes, Crushed, Organic",81,15
34067,"Organic Honey",29,13
34069,"Organic AppleBerry Applesauce on the Go",99,15
34070,"100% Whole Wheat Mini Bagels",93,3
34075,"Distilled Drinking Water",115,7
34077,"Reduced Fat  Sharp Cheddar Cheese Product",21,16
34079,"Oatmeal Blueberry & Hazelnut Cup",130,14
34091,"Medium Guajillo Roasted Garlic & Tomatillo Salsa",51,13
34092,"Spicy Brown Mustard",72,13
34095,"Thin Whole Grain Cakes",78,19
34099,"Crushed Red Chili Pepper",104,13
34104,"Alive! Women's Gummy Vitamins",47,11
34105,"Activia Mixed Berry/Black Cherry Lowfat Yogurt",120,16
34106,"Ultra Strong",54,17
34111,"Mini Naan",128,3
34112,"Hazelnut Ground Coffee",26,7
34121,"Organic Roots Juice",98,7
34122,"Non Pareil Capers",110,13
34123,"Organic Rainbow Chard",83,4
34124,"Organic Low Fat Vegetable Barley Soup",69,15
34126,"Organic Italian Parsley Bunch",16,4
34127,"Frozen Chocolate Fudge Greek Yogurt",37,1
34128,"Tzatziki",67,20
34134,"Spinach Peas & Pear Stage 2 Baby Food",92,18
34137,"Chocolate Sea Salt",3,19
34140,"Tomato Basil Pesto",67,20
34145,"Sweet & Sour Sauce",66,6
34146,"Fruit By The Foot Berry Tie Dye Fruit Snacks",50,19
34148,"Variety of Anitoxidant Infusions Cans",64,7
34155,"American Cheese",21,16
34160,"of Hanover 100 Calorie Pretzels Mini",107,19
34161,"Pure Cane Sugar Cubes",17,13
34163,"ZBar Protein Chocolate Mint Protein Bar",3,19
34164,"Artisan Lettuce",123,4
34165,"Fat Free Half & Half",53,16
34166,"Organic Shredded Parmesan",21,16
34169,"Hommus, Artichoke Spinach",67,20
34182,"Olive Tortilla Chips",107,19
34185,"Lactose Free 2% Milk",91,16
34190,"Organic Coconut Cream",66,6
34194,"Cooking Beef Stock",69,15
34195,"Supreme Dark Chocolate 90% Cocoa",45,19
34196,"Stuffed Jalapenos With Cream Cheese",129,1
34197,"Goat Milk",84,16
34199,"Sonoma Organic Wraps Multigrain Tortillas With Flax",128,3
34202,"Minis Unwrapped Mini Dark Chocolate Covered Peppermint Patties",45,19
34203,"Natural Applesauce Snack & Go Pouches",99,15
34205,"Apple Strawberry  Applesauce On The Go Pouches",99,15
34208,"100% Tangerine Juice",31,7
34209,"Three Cheese Tortellini",131,9
34213,"Great White Bread",112,3
34214,"Pesto Pizza",79,1
34216,"Chocolate Chip Bunny Grahams Whole Grain Graham Snacks Bunny Grahams",61,19
34217,"Pesto Tortellini  Bowls",38,1
34220,"Honey Lavender Stress Relief Tea",94,7
34221,"Tea, Echinacea Immune Support",94,7
34222,"Squeeze Grape Jelly",88,13
34224,"Vanilla Frozen Non-Dairy Dessert Bites",37,1
34229,"Petite Peas",116,1
34230,"4% Milkfat Small Curd Cottage Cheese",108,16
34232,"Sweet & Spicy Caffeine Free Herbal Tea Bags",94,7
34233,"Casual Napkins",54,17
34234,"Grade AA Large White Eggs",86,16
34236,"Riserva Prosciutto",100,21
34243,"Organic Baby Broccoli",83,4
34244,"Bread, Sprouted Sourdough",112,3
34247,"Real Medleys Blueberry Hazelnut Oatmeal",130,14
34248,"Lemon Scent Automatic Dishwasher Detergent Gel",74,17
34249,"Strawberry Puffs",92,18
34254,"White Facial Tissues",54,17
34256,"Organic Milk Coffee",37,1
34262,"Hint Of Sea Salt Almond Nut Thins",78,19
34264,"Organic Sweet Italian Chicken Sausage",106,12
34269,"Oriental Flavor Ramen Noodle Soup",4,9
34270,"Cold-pressed, Deliciously Hydrating Watermelon Water",31,7
34275,"Chiocciole Pasta",131,9
34276,"Pecan Caramel Almond Creamer",91,16
34278,"Prepared Horseradish",72,13
34279,"Stage 2 Roasted Pumpkin and Coconut Rice Baby Food",92,18
34281,"70% Dark Chocolate Bar",45,19
34282,"Original Sandwich Bread",58,1
34283,"Fudgsicle No Sugar Added",37,1
34284,"Organic Light In Sodium Butternut Squash Soup",69,15
34287,"Disinfecting Wipes, Lemon",114,17
34295,"Chocolate Frozen Desserts",37,1
34299,"Jonagold Apple",24,4
34300,"100% Lactose Free Reduced Fat Milk",84,16
34301,"Vanilla Yougurt with Snickers Pieces",45,19
34303,"Blueberry Banana Walnut Hot Oats",130,14
34305,"Crunchy Fish Sticks",129,1
34307,"Special K Chocolatey Strawberry Cereal",121,14
34308,"Unbleached All Purpose Flour",17,13
34310,"Organic Goddess Dressing",89,13
34312,"Triple-Acting Stain Remover Liquid Refill Pre-Spotter",75,17
34314,"Berry Supreme Pie",8,3
34320,"Organic Apples Pommes",24,4
34321,"Original Pepperoni",96,20
34325,"Chickpeas! Rotini Pasta",131,9
34329,"Belgian Milk Chocolate Gelato",37,1
34335,"Ruby Red Grapefruit Juice",98,7
34336,"Alive Raw Extra Virgin Coconut Oil",19,13
34339,"Pizza, Rice Crust, Cheese",79,1
34343,"Breakfast Patties",42,1
34349,"Organic Pureed Ginger",104,13
34355,"Spearmint Sugar-Free Gum",46,19
34356,"Sundried Tomatoes",63,9
34358,"Garlic",83,4
34360,"Simply Favorites Chicken Friced Rice Entree",38,1
34362,"Perfectouch Grab N Go Cups With Lids",111,17
34368,"Dinner Classic White 10.375\"" Dinner Plate",111,17
34370,"Chocolate Breakfast Bites",93,3
34377,"Tuna Solid Canned Olive Oil",95,15
34380,"Coconut Chocolate Chip",3,19
34385,"Arugula and Parsley Pesto Sauce",9,9
34386,"Milano Mint Cookies",61,19
34389,"Black Cherry Sparkling Water",115,7
34394,"Organic Smooth Move Peppermint Tea for Occasional Constipation",94,7
34398,"Natural M&C Four Cheese",4,9
34400,"Chutney, Major Grey Mango",76,6
34401,"Fajita Seasoning",30,6
34405,"Original Fat Free Powder Coffee Creamer",53,16
34407,"Taco Seasoning Mix",104,13
34412,"Big Bags with Double Zipper, XL",60,17
34423,"Pure Organic Pineapple Juice",98,7
34427,"Butter Beans",59,15
34428,"Orange Slices",123,4
34429,"Kumato Tomatoes",83,4
34430,"Sea Salt & Vinegar Kettle Cooked Potato Chips",107,19
34433,"Sweetened Condensed Milk",17,13
34434,"Sriracha Mayo",72,13
34439,"Super Echinacea",47,11
34445,"Organic Whole Grain Red Quinoa",63,9
34446,"Burrito Especial",38,1
34448,"Original Veggie Straws",50,19
34449,"100% Natural Tomato Sauce",81,15
34450,"Bag Of Organic Lemons",24,4
34458,"Vanilla Ice Cream Sandwich",37,1
34459,"Cavity Protection Regular Toothpaste Gel 6.4 Oz Dentifrice",20,11
34466,"Sweet Potatoes",116,1
34473,"Gluten Free Vegan Penguinos Cupcakes",8,3
34479,"Whole Wheat Walnut Bread",112,3
34483,"Diet Cherry Soda",77,7
34487,"Hass Avocado Bag",24,4
34489,"Almond Flour Sundried Tomato Basil Crackers",78,19
34492,"Cheeseburger Sliders",129,1
34496,"Alfredo Pasta Sauce",9,9
34497,"Prosciutto, Americano",96,20
34499,"Mixed Pepper Strips",123,4
34502,"Natural Walnuts And Almonds 100 Calorie Packs",117,19
34503,"Grape-Nuts Cereal",121,14
34504,"Microwave Extra Butter Popcorn",23,19
34507,"Hairball Formula Dry Cat",41,8
34508,"Fat Free Sweetened Condensed Milk",17,13
34509,"Pad Refill",114,17
34511,"White Sharp Cheddar Cheese",21,16
34512,"Madagascar Vanilla Creme Fraiche",108,16
34516,"Soothe & Sleep With Lavander Foaming Bath",127,11
34517,"Organic Beet Juice",98,7
34519,"Simply 100® Blueberry Blended Non-Fat Greek Yogurt",120,16
34520,"Toaster Strudel Cinnamon Roll Toaster Pastries",52,1
34525,"Organic Vanilla Whole Milk Yogurt",120,16
34530,"Organic Chicken Thighs",7,12
34531,"Veranda Blend Blonde Ground Coffee",26,7
34532,"Junior Toothbrush",20,11
34533,"Cheese Creations Classic Alfredo Cheese Sauce",9,9
34534,"Premium Breadsticks 'N Cheese Dip",78,19
34548,"Instant Oatmeal Golden & Brown Raisins with Almonds",130,14
34550,"Creamy Ranch Dressing",89,13
34551,"Organic Cane Sugar",17,13
34555,"Naproxen Pain Reliever/Fever Reducer Tablets",133,11
34556,"Winter Cheer Cold Brew",26,7
34557,"Salted Caramel Greek Nonfat Yogurt",120,16
34560,"Peanut Butter Caramel Ice Cream Candy Bars",37,1
34562,"Original Care Natural Unscented Deodorant",80,11
34565,"Peanut Butter Whole Grain Clusters",57,14
34568,"Bourbon Kentucky Frontier Whiskey",124,5
34573,"Ensure Plus Milk Chocolate Nutrition Shake",65,11
34574,"Milk Chocolate baking Chips",17,13
34578,"Chomperz Original Crunchy Seaweed Chips",50,19
34582,"Natural Creamy Peanut Butter Spread",88,13
34584,"Organic Sliced Peaches",116,1
34590,"Pitted Dates",117,19
34592,"Organic Allspice",104,13
34600,"On the Go Pink Lemonade Drink Mix",90,7
34604,"34% Less Fat than Our Regular Pesto. Reduced Fat Pesto sauce with Basil",9,9
34605,"Beefsteak Tomato",83,4
34608,"1% Milkfat Low Fat Buttermilk",84,16
34617,"Diet Naturally Flavored Cranberry Raspberry Juice Drink",94,7
34619,"Triscuit Baked Whole Grain Wheat Rosemary & Olive Oil",78,19
34620,"Mini Bagels, Whole Grain Blueberry",93,3
34622,"Vanilla Cupcakes",8,3
34625,"Macaroni & Cheese Dinner Nickelodeon Sponge Bob Square Pants Shapes",4,9
34627,"Premium Apple Cider",31,7
34633,"Sugar Wafers Creme Filling",61,19
34635,"Shredded Beef Burrito",38,1
34638,"Apple & Maple Chicken Mini Links",106,12
34640,"Steamfresh Premium Selects Frozen Whole Green Beans",116,1
34648,"Corn Bread Mix",105,13
34654,"Teriyaki Stir Fry Kit",13,20
34655,"Instant Corn Masa Flour",17,13
34658,"100% Recycled 2 Ply Jumbo Paper Towel Roll",54,17
34660,"Roasted & Salted Pistachios",117,19
34664,"Total 2% Lowfat Greek Yogurt with Honey",120,16
34668,"Organic Large Grade AA Omega-3 Eggs",86,16
34675,"Bordeaux Sweet and Simple Cookies",61,19
34678,"Ultra  April Fresh Scent Liquid Fabric Softener",75,17
34684,"Organic Wild Berry Fruit Spread",88,13
34688,"Good Belly Probiotics Juice Drink Blueberry Acai Flavor",31,7
34690,"100% Juice Apple Juice",98,7
34700,"Mineral Deodorant, Body Spray, Lavender & White Tea",80,11
34702,"Nesquik Low Fat Chocolate Milk",84,16
34703,"Toaster Strudel Cream Cheese & Strawberry Pastries",52,1
34706,"Natural Vanilla Miniature Marshmallows",17,13
34712,"Incredible Red Zinfandel",28,5
34713,"Shredded Pepper Jack Cheese",21,16
34717,"Original Natural Buttery Spread",91,16
34720,"Avocado Oil, Refined",19,13
34727,"Daily Clear Hydra-Blast Oil-Free Face Wash",73,11
34731,"Organic Oregano Leaf",104,13
34733,"100% Raw Manuka Honey KFactor 16",29,13
34734,"Sparkling Lemonade",31,7
34735,"Dried Cherries",117,19
34739,"Pink Grapefruit All-Purpose Natural Surface Cleaner",114,17
34740,"Purple Acai Blueberry Superfruit Green Tea",94,7
34744,"Premium Wild Pink Salmon",95,15
34745,"Organic Stage 3 Pear Carrot Apricot Baby Food",92,18
34746,"Cordon Bleu Stuffed Chicken Breasts",49,12
34748,"Sea Salt Original Beef Jerky",23,19
34749,"Miniatures Assortment Candy",45,19
34750,"Black Winter Truffle Butter",13,20
34754,"Ponzu Citrus Seasoned Dressing & Sauce",66,6
34755,"Maple Pecan",121,14
34756,"Maple Bacon",106,12
34759,"Lil' Bits Oatmeal Apple Cinnamon Cereal",92,18
34763,"Mayonnaise Made With Avocado Oil",72,13
34766,"Crunchy Oats 'n Dark Chocolate Granola Bars",3,19
34778,"Platinum Power Clean™ Refreshing Rain™ Dishwashing Liquid",74,17
34786,"Tikka Masala Simmer Sauce",76,6
34789,"Light Vanilla Soymilk",91,16
34794,"Carrot Raisin Manna Bread",58,1
34795,"Cheese, Cheddar, Vermont Sharp",21,16
34799,"Counter Attack, Tablets",47,11
34802,"Alphabets Macaroni Product",131,9
34809,"Cucumber Seedless",83,4
34816,"Whole Pine Nut",17,13
34817,"Nine Grain Sourdough Bread",112,3
34822,"Small MaroSnacks Dog Snacks",40,8
34823,"Mixed Melons",123,4
34824,"Organic Sweet Onion",83,4
34827,"Rich & Hearty New England Clam Chowder Soup",69,15
34829,"Chocolate Wafers Candy Bar",45,19
34834,"Recloseable Sandwich Bags",85,17
34844,"Morning Blend 100% Juice",98,7
34849,"Hot & Spicy Taco Seasoning Mix",5,13
34850,"Pepperoncini",72,13
34851,"Strawberry Fig Bars",48,14
34854,"Steamfresh Selects Frozen Broccoli, Cauliflower & Carrots",116,1
34861,"Beets Bunch",83,4
34862,"Tiny Twists Pretzels",107,19
34866,"Chocolate Milk 1% Milkfat",84,16
34867,"Original Vegenaise Better Than Mayo",72,13
34878,"Stackers Kosher Dill Pickles",110,13
34881,"Baba Ghannouj",67,20
34883,"Premium Gourmet White Popcorn",23,19
34886,"Deluxe Blueberry Bagels",93,3
34887,"Chunky Tomato Garlic & Onion Pasta Sauce",9,9
34893,"Chai Rooibos Herbal Tea Bags",94,7
34894,"Kids Cavity Protection Sparkle Fun Flavor Toothpaste",20,11
34898,"Low Moisture Part Skim Mozzarella String Cheese",21,16
34907,"Detox, Bentonite, Great Plains",6,2
34909,"Platinum Erasing Dish Foam Fresh Rapids Scent",74,17
34915,"Oikos Fat Free Vanilla Greek Yogurt",120,16
34921,"Vanilla or Chocolate Chip Variety Pack Ice Cream Pieces",37,1
34927,"Beef Taquitos",129,1
34930,"Veggie Dip",67,20
34931,"Reduced Fat Sour Cream",108,16
34934,"No Sugar Added Mandarin Oranges in Water",99,15
34939,"Veggie Ground",14,20
34940,"Chicken Flavor Top Ramen Noodles",66,6
34941,"Uncured Italian Dry Salame",96,20
34942,"Kahuna Crunch Trail Mix",125,19
34943,"Gluten Free Spaghetti",131,9
34945,"DRINKING WATER",115,7
34947,"Blue Sparkle Liquid Fabric Softener",75,17
34949,"Hand Picked Pomegranate Seeds/Arils",123,4
34950,"Chocolate Peanut Butter Cup Ice Cream",37,1
34955,"Chunky Blue Cheese Dressing",89,13
34956,"English Breakfast Black Tea Bags",94,7
34957,"Homestyle Chocolate Babka",8,3
34966,"Tortilla Chips Organic Restaurant Style Purple Corn",107,19
34968,"Enriched Poppyseed Hot Dog Buns",43,3
34969,"Red Vine Tomato",83,4
34974,"Baby Mum-Mum Banana  Rice Rusks",92,18
34975,"Organic Reduced Fat Unsweetened Shredded Coconut",17,13
34981,"Panda Brand Gluten-Free Oyster Flavored Sauce",66,6
34986,"Little Bites Blueberry Muffin Pouches",61,19
34991,"Skinny Pack White Cheddar Popcorn",23,19
34993,"Mango Yoghurt",120,16
34995,"Strawberry Thumbprint Cookies",61,19
34999,"Kosher Dill Spears Made with Sea Salt",110,13
35000,"Apple Frank Organic Beef",100,21
35003,"Chunky Peanut Butter High Protein Bar",3,19
35004,"Macaroni Shells & White Cheddar Cheese",4,9
35008,"Disney Frozen Cereal",121,14
35012,"All Natural Mild Hummus",51,13
35030,"Mini Stoned Wheat Thins Crackers",78,19
35032,"Grand Reserve Chardonnay",62,5
35034,"Peppermint Sugar Free Gum",46,19
35036,"Miso Ginger Organic Vinaigrette Gluten Free",89,13
35042,"Black Beans",59,15
35044,"Supreme Thin & Crispy Pizza",79,1
35045,"Original No Pulp Pure 100% Florida Orange Juice",31,7
35050,"Unsweetened Whole Milk Strawberry Yogurt",120,16
35051,"Lakewood Pure Premium Cranberry Juice Blend",98,7
35055,"Just Cranberry Unsweetened Juice",98,7
35065,"Orange Strawberry Banana Juice",31,7
35068,"Taco Mild Seasoning Mix",5,13
35069,"Morsels Healthy Indulgence With Chicken & Salmon In Savory Sauce And Natural Food for Adult Cats",41,8
35070,"Santa Fe-Style Rice & Beans",38,1
35072,"Organic Green Butter Lettuce",123,4
35075,"Zahatar Seasoning",6,2
35078,"Seriously Sharp Cheddar Cheese",21,16
35079,"Guacamole Singles",67,20
35084,"Wheat Organic Bread",112,3
35085,"Spot's Stew Salmon Dry Dog Food",40,8
35090,"Chao, Vegan, Coconut Herb, Slices",21,16
35093,"Taco Kit",30,6
35096,"Pear Halves In Heavy Syrup",99,15
35097,"Natural Pulp Free Coconut Water",98,7
35102,"The Original Liquid Coffee Creamer",53,16
35105,"Traditional Bavarian Classic Soft Pretzels",129,1
35107,"Naturally Rising Crust Pepperoni Pizza",79,1
35108,"Salted Butter",36,16
35109,"Baby Lotion",102,18
35112,"Organic Mashups Strawberry Banana",99,15
35121,"Lemon Ginger Sparkling Probiotic Drink",31,7
35122,"Turkey Breast Thin Sliced Mesquite Smoked Deli Select",96,20
35123,"Grilled & Ready Chicken Breast Strips",34,1
35124,"Southwest Chopped Salad Kit with Dressing",123,4
35127,"Matcha Almondmilk",31,7
35131,"Classic Italian Style Basil Pesto",9,9
35132,"Cheese Square Crackers",78,19
35134,"Epsom Salt Soaking Solution Soothe & Sleep",73,11
35135,"Sea-Salt Grain-Free Tortilla Chips",100,21
35138,"All Natural Plain Pizza Crust",112,3
35140,"Organic Whole Cashews",117,19
35142,"Organic Breakfast Blend Coffee",6,2
35144,"Tartufo Salami",96,20
35147,"Medium Roast Whole Bean Coffee",26,7
35148,"Pale Ale & Honey Spice Mustard",72,13
35150,"Organic Salted Caramel Chocolate Truffles",45,19
35155,"Grand Parisian Complete Salad Kit",123,4
35162,"Organic Coconut Bliss Non Dairy Frozen Dessert",37,1
35163,"Red Leaf Lettuce",83,4
35164,"ActionPacs With Lemon Scent",74,17
35166,"Double Concentrated Tomato Paste in Tube",81,15
35167,"Organic Spicy Taco Seasoning",30,6
35168,"Ezekiel 4:9 Sprouted Grain Tortillas",128,3
35169,"Supreme Pizza",79,1
35171,"Cheddar Cheese Crisps",107,19
35176,"Cream Cheese Cream Cheese Spread",108,16
35181,"Extra Crisp English Muffins",93,3
35182,"Gluten Free Cornbread Mix",105,13
35183,"Organic Stevia",17,13
35184,"Strawberries Clamshell",24,4
35188,"Chia Squeeze Vitality Snack Blackberry Bliss",99,15
35193,"Post Selects Great Grains Cereal Raisins, Dates and Pecans",121,14
35194,"Pre-Sliced Deli Roast Beef",96,20
35198,"Sprouted Burger Buns",43,3
35199,"100% Apple Juice",98,7
35200,"Special Blend Medium Roast Coffee Pods",26,7
35202,"Rosemary Crispbread Crackers",78,19
35203,"Herbal Insect Repellent",118,11
35206,"Whitening Plus Scope Crest Complete Whitening + Scope Multi-Benefit Minty Fresh Striped Toothpaste 6.2oz Dentifrice",20,11
35209,"Ground White Pepper",104,13
35210,"Natural Mozzarella Deli Style Sliced Cheese",21,16
35213,"Organic Blues Bread with Blue Cornmeal Crust",112,3
35216,"York Miniatures Dark Chocolate Covered Peppermint Patties",45,19
35217,"Toasted Sesame Seed Oil",19,13
35218,"Organic Seaweed Snack, Raw",66,6
35219,"Gluten Free Taco Sauce",72,13
35221,"Lime Sparkling Water",115,7
35223,"Dairy Free Plain Cream Cheese Style Spread",108,16
35224,"Drink It Up Coconut Milk Conditioner",22,11
35227,"Bagel Chips, Everything",107,19
35233,"Peach",24,4
35234,"2% Low Fat Cottage Cheese",108,16
35235,"Persian Pickle Cucumbers",123,4
35242,"Cornmeal Crust 3 Cheese Pizza",79,1
35247,"Stout Steak & Potato Handheld Aussie Pies",38,1
35249,"Cake Blend Unbleached Flour",17,13
35252,"Mediterranean Chickpea Veggie Burgers",42,1
35262,"No Drip Foam Mold and Mildew Stain Remover with Bleach",114,17
35263,"Himalayan Pink Salt",104,13
35264,"Cut Okra",116,1
35267,"Organic Granny Smith Apples",24,4
35269,"Vegetable Tray With Low Fat Dressing",32,4
35271,"100% Colombian Ground Medium Dark Coffee",26,7
35273,"Hamburger Dill Pickle Chips",110,13
35274,"Nasal Relief Spray",11,11
35284,"Dark Chocolate Sugar Free Pudding Snacks",71,16
35286,"Cocktail Peanuts",117,19
35289,"Chewy S'mores Granola Bars",3,19
35297,"Organic Mint Crunch Dark Chocolate Bar",45,19
35298,"Steel Wool Soap Pads",114,17
35302,"Sweet Peas Creamed Spinach Medley",92,18
35305,"Hot El Hombre Salsa",67,20
35306,"Gluten Free Organic Peanut Butter & Chocolate Cereal",121,14
35310,"Unsalted Sweet Butter Sticks",36,16
35312,"Freshly Made. Filled with Tender Chicken, Lightly Seasoned with Rosemary and Roasted Garlic Family Size Herb Chicken Tortellini",12,9
35315,"Premium Green Tea",94,7
35317,"72% Cacao Twilight Delight Intense Dark Bar",45,19
35321,"Organic Lowfat Milk",84,16
35323,"Greek Yogurt Blueberry",120,16
35329,"Jalapeno Pretzel Pieces",107,19
35331,"Goblin Chocolate Chip Energy Snack",3,19
35332,"Finley Shreeded Mild Colby Monterey Jack",21,16
35333,"Seasoning Bay Leaf",104,13
35334,"Tricolor Rotini",131,9
35336,"Naked Green Machine Boosted Juice Smoothie",31,7
35339,"Classic Original Scent Deodorant",80,11
35342,"Sugar Free Chocolate Reduced Calorie Pudding Snacks",71,16
35343,"Tomato Sauce & Three Cheese Pizza",79,1
35345,"4 Seasons Pepper Corns Mill Spices",104,13
35347,"French Roast Single Serve Coffee K-Cups",26,7
35350,"Masa Harina Golden Corn Flour",17,13
35352,"Garlic & Herb Rice Pilaf Mix",4,9
35353,"Dino Eggs Instant Oatmeal",130,14
35357,"Monterey Pinot Gris",62,5
35359,"Original Choice Dry Cat Food",41,8
35360,"Lemon Zest Nutrition Bars",3,19
35362,"Andouille",106,12
35363,"Organic Red Pepper Hommus",67,20
35364,"Peter Rabbit Organic Pea Spinach & Apple Puree Snack",92,18
35365,"Naturally Hickory Smoked Hometown Original Bacon",106,12
35370,"Sundried Tomato & Basil Wheat Thins",78,19
35371,"Chocolate Reduced Fat Milk",84,16
35376,"Grovestand Lots of Pulp Orange Juice",31,7
35378,"Grilled & Ready Chicken Breast Fillets",34,1
35382,"Fruit & Veggie Snacks, Chewy, Cinnamon Spiced Beet",45,19
35383,"Classic White Bread",112,3
35384,"Adult Grain-Free & Poultry-Free Dog Food",40,8
35391,"Sun Dried Tomatoes",81,15
35395,"Pure Olive Oil",19,13
35403,"Disinfecting Bathroom Bleach-Free Cleaner",114,17
35406,"All Natural Peach Tea Bottles",94,7
35412,"Select Tender Chicken with Vegetables & Brown Rice Dog Food Recipe",40,8
35413,"Freshly made pasta layered between a rich meat sauce and topped with Real Mozzarella cheese Lasagna with Meat & Sauce",38,1
35417,"Reduced Fat Milk 2%",84,16
35418,"Dark Almond Organic Chocolate",45,19
35419,"Handmade Vodka From Austin, Texas",124,5
35420,"Banana Bites, Chewy, Organic Coconut",50,19
35423,"Magnesium 400 Mg Vegetarian",47,11
35424,"Spring Water Antibacterial Liquid Hand Soap with Moisturizer",127,11
35425,"Gluten Free Brown Rice English Muffins 6 ct",93,3
35429,"Organic Yerba Mate Unsweetened Hibiscus Lime",94,7
35430,"Nilla Wafers",61,19
35431,"Toasted Onion Brown Rice Snaps",78,19
35440,"FreshCare Flushable Cleansing Cloths Refill",54,17
35451,"Chia Pod Blueberry Yogurt",120,16
35458,"100% Whole Wheat Pre-Sliced Bagels",93,3
35460,"Fresh Blueberries",24,4
35461,"Blueberry Beet & Brown Rice Cakes",92,18
35467,"Semi Sweet Chocolate Mega Chunks Dairy Nut & Soy Free",17,13
35469,"Enchilada Black Bean Vegetable",38,1
35470,"Water Mineral",115,7
35473,"Everyday 2-Ply White Facial Tissues",54,17
35475,"Milk Chocolate Chip Cookies",61,19
35483,"Apple & Gouda Cheese Chicken Sausage",106,12
35495,"Salsa Fresca",67,20
35496,"Real2 Alkalized Water 500 ml",115,7
35499,"Imported Vodka",124,5
35501,"Organic Natural Creamy Peanut Butter",88,13
35503,"Organic Vanilla Almond Milk",91,16
35504,"Real Coconut Water",98,7
35505,"Low Fat Ice Cream Sea Salt Carmel Bar",37,1
35507,"Pure Life Purified Water",115,7
35510,"Organic Yukon Gold Potato",83,4
35512,"Apple & Apricot Fruit Bar",3,19
35517,"Sliced New Potatoes",81,15
35518,"Frosted Chocolate Cup Cakes  with Creamy Filling",61,19
35522,"Strawberry Protein Shake",98,7
35530,"Natural Mini Pork Pepperoni",96,20
35534,"Coffee, Medium Roast, Original Blend, K-Cup Packs",26,7
35535,"Organic Red Chard Greens",83,4
35537,"Sea Salt Garden Veggie Chips",107,19
35544,"Carbon Filtered Water",115,7
35547,"Organic Baby Kale",83,4
35548,"Twice Baked Potatoes",13,20
35551,"Italian Parsley",16,4
35556,"Natural Hard Apple Cider",27,5
35561,"Organic Tortilla Chips",107,19
35569,"Premium Pate Wet Cat Food - Chicken Entree",41,8
35577,"Multi Seed English Muffin",58,1
35578,"Genoa Salame with White Cheddar Cheese & Toasted Rounds Small Plates",7,12
35579,"Vanilla Ice Cream Cups",37,1
35581,"Gluten Free Brown Rice White Cheddar Rice Thins",78,19
35582,"Original Unscented Roll-On Antiperspirant Deodorant",80,11
35584,"Pizza Four Cheese",79,1
35585,"Crispy Rice Dark Chocolate Bar",45,19
35588,"Organics Tortilla Chips Blue Corn",107,19
35591,"Natural Reduced Fat Sharp Cheddar Cheese Sticks",21,16
35594,"Organic Hemp Plus Granola Cereal",57,14
35595,"Organic Large Grade AA Eggs",86,16
35600,"Ritz Sour Cream & Onion Toasted Chips",78,19
35601,"Sensitive Skin Moisturizing Cream Soap Bars",127,11
35607,"Light in Sodium Country Cheddar Bowl",38,1
35613,"Original Thin Supreme Pizza",79,1
35616,"Fresh Frozen Mixed Berries",116,1
35618,"Rich & Hearty Loaded Potato with Bacon",69,15
35619,"Corn Chex Cereal",121,14
35622,"50% Less Sodium Black Beans",59,15
35626,"Vegan Honey Mustard Dressing",89,13
35628,"Organic Strawberry Smoothie",120,16
35629,"Coho Salmon",39,12
35633,"Chocolate Peanut Butter",3,19
35635,"Half & Half Lemonade Tea",94,7
35641,"Intensive Healing Anti-Itch Creme",118,11
35649,"Alkalized Water",115,7
35652,"Prosciutto Di Parma",96,20
35665,"Nutter Butter Cookies",61,19
35669,"Paper Towels Pick-A-Size",54,17
35670,"Organic Braised Tofu",14,20
35672,"Tropical Flavored Fruit Snacks",50,19
35678,"All Natural Organic Green Lentils",63,9
35682,"Biscoff Cookie",61,19
35684,"Uncured Summer Sausage",106,12
35687,"Organic Jalapeno Hot Sauce",72,13
35688,"Cocoa Bunnies Whole Grain Cereal",121,14
35689,"Original Non-Dairy Beverage",91,16
35696,"Organic Dried Mango",117,19
35697,"Handy Size Sponges",114,17
35700,"Nutri Stars Childrens Vitamins Fruit Punch Flavor chewable tablets",47,11
35701,"Whole Bean Medium Roast Decaf Coffee",26,7
35704,"Gluten Free Hamburger Buns",58,1
35708,"Chocolate Coconut Chew Flavored Bar",3,19
35714,"Seafood Sensations Cat Food",41,8
35715,"Whole Grain Organic Waffles, Totally Original",52,1
35721,"Irish Aged Cheddar Cheese",2,16
35724,"Honey Nut Crunch Cereal",121,14
35725,"Organic Oregano",104,13
35726,"All Natural Clam Juice",95,15
35727,"Whips! Key Lime Pie Flavored Lowfat Yogurt Mousse",120,16
35731,"Cool Touch Coconut Oil & Aloe Facial Tissues",54,17
35734,"Whole Chia Seeds",117,19
35737,"Fig + Rhubarb Hand Wash",127,11
35738,"Calabrese uncured italian Salami  with pepper and paprika",96,20
35742,"Honey Crunchy Flavor Corn Dogs 6 Count",38,1
35743,"Golean Crisp! Cinnamon Crumble Cereal",121,14
35748,"Rainbow Jimmies Sprinkles",97,13
35749,"Ginger Tea",94,7
35750,"Organic Garbanzo Beans No Salt Added",59,15
35751,"Indulgent Coconut Body Wash",127,11
35752,"Hardwood SmokedCenter Cut Original Bacon",106,12
35754,"Vanilla Cherry Pecan Muesli",57,14
35756,"Apple Lemon Cayenne Ginger",31,7
35761,"Ultra Thin Slices Sharp Cheddar Cheese",21,16
35762,"Eggo Cinnamon Toast Waffles",52,1
35765,"Slow Cured Pepper + Garlic Salame Molisana",96,20
35767,"Organic Power Greens",31,7
35769,"Pure Foods Sea Salt Iodized",104,13
35772,"1% Lowfat Cottage Cheese",108,16
35775,"Natural Balance Overnight Maxi",126,11
35779,"1,000 mg Vitamin C Lemon-Lime Flavored Fizzy Drink Mix - 30 PK",47,11
35782,"Mango Flavor Probiotic Juice Drink",31,7
35784,"Lemon Sparkling Natural Spring Water",115,7
35786,"Raisin, Date & Walnut Instant Oatmeal",130,14
35790,"Medium Super BBQ Sauce",5,13
35795,"Mexican Restaurant Style Corn Tortilla Chips",107,19
35803,"Homestyle Tart Cherry Lemonade Drink",98,7
35804,"Continuous Control® Acne Cleanser Cleansers",73,11
35815,"Dairy Free Gluten Free Chocolate Almond Butter Miracle Tart",61,19
35819,"Light Organic Agave Nectar",29,13
35821,"Soba Pasta Wheat And Buckwheat",66,6
35824,"Boneless Chicken Breast",35,12
35825,"Jumbo Franks",106,12
35829,"Nearly Naked Popcorn",23,19
35830,"White Regular Rolls, 2-Ply Paper Towels",54,17
35832,"Organic Sweet Potato Baby Food",92,18
35838,"Cumin Seed",104,13
35842,"Organic Lemon Cayenne Sparkling Probiotic Drink",31,7
35845,"Yukon Gold Potato",123,4
35846,"Sausage, Hot Link, Louisiana Brand",106,12
35849,"Rehab Energy Iced Tea + Pink Lemonade + Energy",64,7
35850,"Hearty Beef Cat Treats",41,8
35851,"Organic Greek Lowfat Yogurt With Cherries",120,16
35853,"Organic Ground Chipotle Chili",104,13
35855,"Unbleached All-Purpose Flour",17,13
35857,"Organic Sliced Medium Cheddar Cheese",21,16
35865,"Cream of Tomato Soup",69,15
35866,"Mediterranean Sea Salt Grinder",104,13
35869,"California Organic Extra Virgin Olive Oil",19,13
35870,"Strawberry Watermelon Sports Drink",64,7
35871,"Organic Low Sodium Chunky Tomato Bisque Soup",69,15
35877,"Meaty Ground Dinner With Chopped Chicken Dog Food",40,8
35883,"Solid White Albacore Tuna In Spring Water",95,15
35886,"Organic Blueberries Clamshell",32,4
35887,"Organic Mixed Vegetables",116,1
35894,"Moisturizing Lotion",127,11
35898,"Original Hot Sauce",72,13
35900,"Caffeine Free Diet Coke Soda",77,7
35902,"Vegan Garlic & Roasted Veggie Ravioli",12,9
35906,"Boneless & Skinless Chicken Breast",49,12
35907,"California Black Bread",112,3
35909,"Garden Salsa Multigrain Chips",107,19
35911,"Whole Wheat Flour Tortilla",128,3
35912,"Organic California Brown Jasmine Rice",63,9
35914,"Dha Omega 3 Reduced Fat 2% Milk",84,16
35915,"Smartfood Cheddar Flavored Popcorn 12 Count",23,19
35917,"Organic Just Concord Grape Juice",98,7
35919,"Raspberries, Organic, Freeze-Dried",117,19
35921,"Organic Large Grade A Brown Eggs",86,16
35923,"Taco 25% Less Sodium Seasoning Mix",5,13
35935,"Unsweetened Vanilla Coconut Milk Beverage",91,16
35939,"Organic Jalapeno Pepper",83,4
35940,"Family Recipe Italian Dressing",89,13
35942,"Mojo Peanut Butter Bar",3,19
35943,"La Lechera Sweetened Condensed Milk, Fat Free",17,13
35944,"Denogginizer Imperial IPA",27,5
35946,"Made With Organic Beans & Rice Burrito Non-Dairy",38,1
35948,"Tonic Water",115,7
35951,"Organic Unsweetened Almond Milk",91,16
35956,"Fancy Feast Wet Classic Chicken Feast Cat Food",41,8
35958,"Dairy Free Original Coconutmilk Coffee Creamer",91,16
35959,"Goldenseal Root",47,11
35963,"Pumpkin Pie Gelato",37,1
35968,"Organic Traditional Hummus",67,20
35970,"Early Harvest Petite Peas",116,1
35971,"Beef Franks in a Blanket",129,1
35972,"Organic  Tuscan White Bean Soup, Lightly Salted",69,15
35973,"Paprika",104,13
35976,"Sweet Cream Whipped Butter Salted",36,16
35978,"Mozzarella Sticks with Marinara Sauce",129,1
35982,"Tall Kitchen Drawstring Trash Bags with Reinforcing Bands",60,17
35985,"Meal Starters Grillers Recipe Crumbles",42,1
35986,"2-Ply 100% Recycled Bathroom Tissue",54,17
35988,"Mint Chip Coconut Milk Ice Cream",37,1
35989,"Coconut Flavored Sparkling Water",115,7
35992,"Large White Eggs",86,16
35993,"Reduced Sodium Tamari",66,6
36001,"Party Peanuts",117,19
36002,"Savory Flax Seed Crackers",78,19
36003,"Ultra April Fresh® Liquid Fabric Softener",75,17
36004,"Murphy Oil Soap Squirt & Mop Wood Floor Cleaner",114,17
36005,"Seedless Strawberry Jam",88,13
36010,"Rotini",131,9
36011,"Organic Fat Free Milk",84,16
36012,"Garlic Stuffed Olives",110,13
36014,"Greek Yogurt 0% Fat Plain",120,16
36016,"Argan & Sweet Orange Moisture Rich Shampoo",22,11
36019,"Frozen Desert Fit Brownie Blast",119,1
36023,"Enriched Macaroni & Cheese Dinner!",4,9
36026,"Ice Cream Bars Value Pack",37,1
36029,"S'mores Ice Cream",100,21
36034,"Organic Tamari With Seaweed Rice Cake",78,19
36036,"Organic Orange Fruit Juice",98,7
36039,"Organic Cocoa Crunch Protein Bar",3,19
36046,"Greek 100 Calories Mixed Berry Yogurt",120,16
36051,"Glass Cleaner",114,17
36055,"Oikios Chocolate Greek Frozen Yogurt",37,1
36056,"Freezer Slider Bags",85,17
36058,"Natural Sliced Baby Swiss Cheese",21,16
36062,"Brown Rice Lasagna Pasta",131,9
36063,"Panko Japanese-Style Bread Crumbs",66,6
36065,"Italian-Style Entrees Tomato & Basil Penne",4,9
36066,"SleepGels Nighttime Sleep Aid",6,2
36070,"Super Spinach! Baby Spinach, Baby Bok Choy, Sweet Baby Kale",123,4
36071,"Rigatoni No 50 Pasta",131,9
36074,"Organic Sweet Beets Juice",31,7
36076,"Everything Deli Style Pretzel Crisps Crackers",107,19
36078,"Pate With Real Tuna Wet Cat Food",41,8
36082,"Organic Mango",24,4
36085,"Berry Berry Good Lemonade Organic Juice Drink",98,7
36086,"Philadelphia Original Cream Cheese",108,16
36088,"Cranberry Ginger Kombucha",31,7
36101,"Select Vegetables Sweet Garden Peas",116,1
36103,"Extra Light Olive Oil",19,13
36106,"Donettes Frosted Mini Donuts",61,19
36107,"smartwater® Electrolyte Enhanced Water",115,7
36112,"100% Pure Corn Oil",19,13
36114,"Angel Sweet Tomatoes",83,4
36115,"Coffee Toffee Bar Crunch Ice Cream",37,1
36117,"Soft 10 Grain Bread",112,3
36121,"Smoked White Turkey",96,20
36124,"Culture Club Cabernet Grape Kombucha",31,7
36126,"Sharp Cheddar Deli Sliced Cheese",21,16
36127,"Freshly Squeezed Orange Juice",31,7
36129,"Pure Decaf Green Tea",94,7
36130,"Natural Choice Deli Oven Roasted Turkey",96,20
36137,"Iodized Sea Salt",104,13
36138,"Whipped Cream Cheese Frosting",97,13
36144,"Smoked Turkey Breast",96,20
36145,"Mashed Potatoes, Organic, Home Style",4,9
36149,"Beast Burger",42,1
36152,"Vanilla Passion Fruit & Hawaiian Breeze Scented Oil Refill",101,17
36159,"Cheese Stuffed Crust Four Cheese (Mozzarella, Parmesan, Asiago and Romano) Pizza",79,1
36164,"Organics Spinach",123,4
36165,"Homemade Corn Chips",107,19
36170,"Reduced Fat Original Baked Snack Crackers",78,19
36173,"Shiraz",28,5
36176,"Black Bean Hummus",67,20
36178,"Rao's Homemade Roasted Garlic Sauce",9,9
36180,"Red Kidney Beans",63,9
36183,"Smooth Greens & Kale Vegetable and Fruit Juice Blend",98,7
36186,"Large Grade AA Organic Eggs",86,16
36189,"Key Lime Yoghurt",120,16
36192,"Kool Ranch Kale Chips",50,19
36194,"Vegan Chicken Veggie Kungpao",42,1
36196,"Applewood Smoked Uncured Bacon",106,12
36205,"Peanut Butter Egg White Protein Bar",3,19
36206,"Gluten Free Original Recipe Tapioca Pudding",71,16
36207,"Mint & Honey Green Tea",94,7
36211,"Red Pomegranate And Spruce Candle",101,17
36212,"Peanut Satay Sauce",66,6
36214,"Turkey Burger Patties",49,12
36216,"Lime Italian Sparkling Mineral Water",115,7
36217,"Dressing & Marinade, Toasted Sesame",89,13
36221,"Caramel Frappuccino",26,7
36227,"Sour Cream & Onion Flavored Potato Crisps",107,19
36242,"Eskimo Pie Milk Chocolate Frozen Dairy Dessert Bars",37,1
36249,"PB 8 Pro-Biotic Vegetarian Capsules",70,11
36253,"Parmesan Cheese Grated from the block",21,16
36254,"Organic Loaded Baked Potato Soup",69,15
36256,"Yellow Soft Corn Tortillas 8 Count",128,3
36258,"Super Fruit Punch Organic Juice Drink",98,7
36259,"Whole Natural Value Pack Almonds",117,19
36263,"Green Chile Medium Enchilada Sauce",30,6
36264,"Wicked Cool Toothpaste",20,11
36266,"Chicken Rice Mix",4,9
36267,"Gluten Free Cinnamon Heaven Cereal",121,14
36276,"Chocolate Vanilla Pudding",71,16
36278,"Chocolate Breakfast Biscuits Chocolate",61,19
36285,"White Rose Kombucha",31,7
36287,"Smooth Operator Natural Peanut Butter",88,13
36291,"Maximum Strength Original Paste Diaper Rash Ointment",6,2
36294,"Paleo Granola",57,14
36302,"Soap, Coconut Creme",25,11
36307,"Milano Double Chocolate Cookies",61,19
36310,"VIA Ready Brew Colombia Coffee",26,7
36313,"Organic Vitality Snack Strawberry Banana Chia Squeeze",92,18
36315,"Low Fat Split Pea Soup",69,15
36316,"Lemon Sparkling Water",115,7
36321,"Original Red Hot Cayenne Pepper Sauce",72,13
36322,"Thin Spaghetti No 11",131,9
36325,"Jalapeño Tomato Ketchup",72,13
36326,"Multipurpose Sealing Wrap 70 Sq. Ft.",85,17
36332,"Apple Strawberry Bar",3,19
36338,"Sensitive Baby Wipes",56,18
36339,"Cottage Cheese",108,16
36342,"Carrot Raisin Flax Muffins",93,3
36345,"Organic Cabernet Marinara Pasta Sauce",9,9
36350,"Premium Roast K Cup",26,7
36351,"Conditioner, Leave-In, Weightless",22,11
36355,"Double Air-Pillo Custom Comfort with Memory Foam Insoles",133,11
36359,"Mighty 4 Strawberry with Spinach Essential Nutrition Bar",92,18
36360,"Lightly Salted Almonds",117,19
36362,"Baked Crackers, Cheddar Cheese",48,14
36364,"Organic Corn Starch",17,13
36366,"Premium Plastic Food Wrap",85,17
36370,"Gluten Free Fig Bar",3,19
36372,"Party Flexible Straws",60,17
36374,"Vanilla Pecan Granola",57,14
36375,"Organic Stage 2 Veggie & Protein Puree Broccoli Red Lentil Oat",92,18
36380,"Liquid Smoke Mesquite Seasoning",5,13
36386,"Bleach Splash-Less",75,17
36389,"Organic Rainbow Chard Vegetable",83,4
36390,"Grilled Chicken Alfredo Bake Frozen Dinner",38,1
36391,"Steamables Russet Potatoes",100,21
36392,"Individually Wrapped Chicken Breast",34,1
36393,"Eggo Buttermilk Waffles",52,1
36397,"Gluten Free Millet-Chia Bread",112,3
36403,"Steamers Roasted Red Potatoes & Green Beans",116,1
36406,"Essential Greens With Lime  Vegetable and Fruit Juice Blend",31,7
36410,"Multigrain Pancake Batter",52,1
36412,"Pure Castile Peppermint Soap",25,11
36418,"Grapes Green Seedless",24,4
36424,"First Aid Cream/Ointment",118,11
36425,"Chardonnay Wine",62,5
36426,"Fire-Roasted Tomato Taco Sauce, Medium",30,6
36431,"Hardwood Smoked Bacon",106,12
36434,"Napkins",54,17
36436,"Coffee Chocolate Chip Frozen Greek Yogurt Bars",37,1
36438,"Organic Premium Roasted Seaweed Snack",66,6
36441,"Baby Wipes",56,18
36443,"Pure Canola Oil",19,13
36446,"Honey Roasted Turkey Breast",7,12
36456,"Organic Monterey Jack Cheese",21,16
36459,"Natural Choice Original Uncured Bacon",106,12
36464,"Jalapeno & Cheddar Potato Chips",107,19
36470,"Spinach And Pine Nut Ravioli in Spinach Pasta",12,9
36472,"Nutri Grain Bars Multi Pack",48,14
36479,"Cookie Mix, Almond Flour, Chocolate Chip",105,13
36481,"Organic Gluten Free Maple Buckwheat Flakes",121,14
36484,"Lowfat Peach Kefir Probiotic Cultured Milk Smoothie",120,16
36485,"Organic Stage 2 Winter Squash Baby Food Puree",92,18
36487,"Plus Lubricant Eye Drops",44,11
36490,"Toffee Almond Fudge Frozen Dessert",37,1
36493,"Zero Calorie Half Green Tea & Half Lemonade",94,7
36506,"Extra Cheesy Cheddar Bunnies Crackers",78,19
36510,"Lightly Breaded Turk'y Cutlets",42,1
36511,"Brussels Sprout Season",123,4
36517,"Cultured Coconut Water Probiotic Beverage",31,7
36522,"Sweet Italian Chicken Sausage",35,12
36524,"Chocolate Drink",84,16
36526,"Long Grain American Basmati White Rice",63,9
36529,"Organic Whole Grain Vegan Crispy Sunflower Twigs",100,21
36533,"Reduced Fat Crescent Rolls",105,13
36534,"Epsom Salt",133,11
36537,"Almond Walnut Macadamia Plus Bar",3,19
36538,"Grilled And Ready Oven Roasted Diced Chicken Breast",49,12
36545,"All in 1 Powerball Fresh Scent Automatic Dishwasher Detergent",74,17
36549,"Light and Lean Mattar Paneer",38,1
36550,"Organic Extra Large Grade AA Brown Eggs",86,16
36551,"Flavor Blasted Xtra Cheddar Goldfish Crackers",78,19
36552,"Gourmet Popping Corn Original",23,19
36554,"Vegan Aged White Cheddar  Popcorn",23,19
36557,"Campari Tomato",83,4
36574,"Fruit & Nut Trail Mix Chewy Granola Bars",3,19
36591,"100% Whole Wheat Medium Soft Taco Flour Tortillas",128,3
36592,"Organic Vat-Cultured European Style Unsalted Butter",36,16
36598,"Original Ritz Toasted Chips",78,19
36603,"Lemon Lime Sparkling Seltzer Water",115,7
36605,"White Fiber Shells Pasta",131,9
36606,"Sprouted Multi-Grain Bread",112,3
36612,"Original Wheat Berry Flakes",121,14
36615,"OTC Acid-Reducer Omeprazole 20mg",70,11
36616,"Gin",124,5
36617,"Sweet Crunch Sprouted Super Cookie",61,19
36618,"12\"" Aluminium Foil",85,17
36619,"Pure Goat Milk Herb Chabis Cheese",21,16
36624,"2% Milkfat Greek Yogurt Key Lime Blended",120,16
36634,"Syrup, Maine Maple",29,13
36638,"Scottish Breakfast Tea",94,7
36639,"Key Lime Pie Gelato",37,1
36640,"Sprouted Grain Low Sodium Bread",112,3
36646,"Lactose Free Sour Cream",108,16
36650,"Cinnamon Sugar Pita Chips",107,19
36651,"Pizza Poppers Uncured Pepperoni",38,1
36658,"Sliced Yellow Cling Peach Slices in 100% Real Fruit Juice",99,15
36662,"Foaming All-Natural Antibacterial Orange Vanilla Handsoap",25,11
36664,"Baked Soft Pretzels",129,1
36668,"Peanut Butter Filled Pretzel Nuggets",107,19
36670,"Beef Pot Pie",38,1
36672,"Organic Agave Nectar",29,13
36675,"Kale Krunch, Organic, Southwest Ranch",107,19
36676,"Organic Plain Nonfat Yogurt",120,16
36681,"Spanish Style Yellow Rice",4,9
36685,"50/50 Spring Mix & Baby Spinach",123,4
36687,"Sea Salt Crunchy Chickpeas",50,19
36689,"Original Lite Syrup",29,13
36690,"Ocean Whitefish & Tuna Feast in Sauteed Seafood Flavor Gravy Cat Food",41,8
36691,"Purified Drinking Water",115,7
36692,"Turkey Sausage Snack Sticks",23,19
36695,"Organic Hothouse Cucumbers",83,4
36696,"The Original Natural Herb Drops Cough Suppressant",11,11
36697,"Premium White Unscented Bathroom Tissue - 12 CT",54,17
36698,"Ginger Fire Probiotic Kombucha",31,7
36702,"Active Electrolyte Enhanced Drink Tabs 10 Servings Tri-Berry",47,11
36707,"Fat Free Beef Broth",69,15
36714,"Dr. Zevia Zero Calorie Soda",77,7
36715,"Guacamole Ranch Salad Dressing",89,13
36717,"Double Fiber Bread",112,3
36724,"Organic Sea Salt Roasted Seaweed Snacks",66,6
36725,"Egg Nog",84,16
36726,"Cookies, Fudge Striped",61,19
36728,"Country Mild Premium Pork Sausage",106,12
36729,"Butter Popped Corn Rice Cakes",78,19
36730,"Ezekiel 4:9 Sprouted Original Waffles",52,1
36735,"Organic Roasted Sliced Chicken Breast",96,20
36736,"Iodized Salt",104,13
36737,"Pizza Uncured Pepperoni Gluten Free",79,1
36743,"Cilantro Lime Rice",63,9
36746,"Authentic French Brioche Rolls",43,3
36752,"Lightly Salted Dry Roasted Peanuts",117,19
36753,"Medium Suprema Salsa",51,13
36758,"Triple Berry Blend",116,1
36759,"Unscented Long Lasting Stick Deodorant",80,11
36764,"Organic Cold-Pressed Orange Juice",31,7
36766,"Chicken Biryani",38,1
36768,"Natural Uncured Center Cut Applewood Smoked Bacon",106,12
36772,"Bunny Pasta with Yummy Cheese Macaroni & Cheese",4,9
36775,"Kettle Chips Vegan Cheddar",107,19
36777,"SweetLeaf Natural Stevia Sweetener Packets",17,13
36780,"90 Calorie Chocolate Chewy Bars",3,19
36781,"Poppy Thyme Crackers",78,19
36783,"Corn Meal, Yellow",17,13
36784,"Oikos Triple Zero Mixed Berry Yogurt",120,16
36792,"Gluten Free Omega Flax & Fiber Bread",112,3
36793,"Italian Seasoning",104,13
36794,"1st Foods Prunes",92,18
36796,"Primo Thin Margherita Pizza",79,1
36799,"American Cheese Snack",21,16
36807,"Variety Drink",98,7
36808,"Simply...Chocolate Chip Cookie Dough",105,13
36809,"Organic Black Chia Seed",117,19
36810,"Original Pancake and Baking Mix",130,14
36822,"Cioccolati Biscotti",61,19
36838,"Original Triple Chocolate Protein Energy Bar",3,19
36842,"Organic Tulsi Ginger Tea",6,2
36847,"Organic Yukon Gold Potatoes",83,4
36848,"Gluten Free Quick Cooking Oats",130,14
36849,"Milk Chocolate Candy Bars",45,19
36854,"Hot Sauce",72,13
36856,"Premium Chocolate Coconut Water",98,7
36857,"Gluten Free Double Chocolate Muffins",93,3
36865,"Non Fat Raspberry Yogurt",120,16
36866,"Dark & Sea Salt Caramel Chocolate Squares",45,19
36869,"O'Soy Smooth & Creamy Vanilla Organic Soy Yogurt",120,16
36872,"Lemon Natural Dishwasher Detergent Gel",74,17
36874,"Diakon Radish Kimchi",66,6
36878,"Caesar Salad",1,20
36881,"Raspberry Gluten-Free Figgies And Jammie's Bars",61,19
36884,"Pain Reliever/Fever Reducer (NSAID), Ibuprofen 200mg",133,11
36885,"Rose",134,5
36897,"Tomato Juice",98,7
36900,"Cutlery, Plastic, Heavyweight, Clear Assorted",111,17
36906,"Sweet Potato Hash Browns",52,1
36912,"Grilled Beef Feast in Gravy Cat Food",41,8
36913,"Uncured Bacon + Cranberry Bison Bar",23,19
36914,"Organic Gravenstein Apple Juice",98,7
36918,"Legendary Bar-B-Q Sauce Hickory Bourbon",5,13
36920,"Farro Perlato",63,9
36922,"Coffee Instant Espresso",26,7
36923,"Trop50 No Pulp Orange Juice",31,7
36929,"Milk, Vitamin D",84,16
36939,"Exquisitely Rich 85% Dark Chocolate",45,19
36943,"Cinnamon Swirl Bagels",93,3
36944,"All Natural Original Guacamole Mix",51,13
36946,"Uncured Canadian Bacon",106,12
36953,"Free & Clear Automatic Dishwasher Detergent",74,17
36954,"Original Dry Dog",40,8
36955,"Springs Distilled Water",115,7
36956,"Stringless Sugar Snap Peas",123,4
36961,"Pink Cripps Apple",24,4
36962,"Dill Pickle Spears",110,13
36968,"Organics Big Bird's Apple 100% Juice",98,7
36976,"Bananas + Apples Puree  2 (from 6 Months)",92,18
36978,"Animal Crackers",78,19
36981,"Brownie Brittle Chocolate Chip",61,19
36988,"Low Salt Ham",96,20
36994,"Organic Graham Crunch Cereal",121,14
36995,"Honey Roasted Cashews",117,19
37001,"Gluten Free Rice Millet Bread",58,1
37002,"Green Jalapeno Pepper Sauce",72,13
37003,"Organic Apples, Carrots and Parsnips Puree",92,18
37004,"Whole Grain Thin Spaghetti Pasta",131,9
37011,"Artichokes",83,4
37018,"Young Chicken",35,12
37019,"Dairy Free Gluten Free Cookie Dough Coconut Milk Frozen Dessert",37,1
37022,"Plain Cultured Goat Milk Kefir",120,16
37029,"Cream Cheese Spread",108,16
37030,"Basil Pesto Sauce",9,9
37032,"Hawaiian Hazelnut Flavored Coffee",26,7
37033,"Non-Stick Parchment Paper",97,13
37036,"Ultra Dawn Ultra Dishwashing Liquid Antibacterial Orange 21.6 Oz Dish Care",74,17
37040,"Fanta Orange Soda",77,7
37046,"Passata Biodynamic Tomato Puree",9,9
37047,"Turbinado Cane Sugar Packets",17,13
37050,"Multi-Vitamin & Mineral, Gummy Bears, Fruit Flavors",47,11
37052,"Natural Bliss Cinnamon Cream Coffee Creamer",53,16
37053,"Just Mayo",72,13
37055,"Organic Cheesy Ravioli",59,15
37059,"Lemon & Lime Blossom Ocean Fresh Scent Disinfecting Wipes",114,17
37063,"Natural Havarti Cheese",21,16
37065,"Serrano Chile Peppers",83,4
37066,"Original Cherry Orchard Yogurt",120,16
37067,"Organic Banana",24,4
37068,"24/7 Performance Clumping Litter",41,8
37074,"Dairy Free Black & Bold Cold-Brew Coffee",26,7
37075,"Ale, Amber",27,5
37076,"Alfabeto Alphabet Enriched Egg Pasta",131,9
37078,"Usda Grade A Cage Free Eggs",86,16
37084,"Tostadas Caseras Amarillas",128,3
37085,"Nexcare Waterproof Assorted Bandages",118,11
37086,"Organic Tomato & Basil Pasta Sauce",9,9
37089,"Caribou Blend Coffee K-Cups",26,7
37096,"Jet Puffed Miniature Marshmallows",17,13
37102,"Honey Lemon Ginseng Green Tea Bags",94,7
37103,"Sparkling Peach",77,7
37104,"Tortilla Strips",107,19
37107,"Ground Cumin",104,13
37110,"Real Cola",77,7
37119,"Uncured Pepperoni",96,20
37120,"Dill Weed",104,13
37121,"100% Cacao Unsweetened Chocolate Baking Bar",17,13
37123,"Organic Promise Sprouted Grains Cereal",121,14
37130,"70% Cacao Extra Bittersweet Chocolate",17,13
37131,"Tomato Yellow Cherry",83,4
37141,"Dairy Free Coconut Milk Vanilla Yogurt Alternative",120,16
37143,"Strawberry Truffle Gelato",37,1
37144,"Freshly Made. Filled with Creamy Ricotta, Aged Parmesan and Romano Cheeses Three Cheese Ravioletti",12,9
37145,"Select Natural Applewood Smoked Turkey Breast",96,20
37147,"Organic Soy Tempeh",14,20
37148,"Milk Chocolate Candies, Bonus Bag",45,19
37152,"Watermelon Fruit Drink",31,7
37156,"Chile Verde Chicken",38,1
37158,"Chicken & Maple Breakfast Sausage",52,1
37166,"Yogurt Mint Sauce",6,2
37167,"Mustard Potato Salad",1,20
37173,"Light Sea Salt Plentils",107,19
37176,"Diet Ginger Ale Soda",77,7
37182,"Chinese Style Noodles",14,20
37183,"Diet Strawberry Lemonade",98,7
37188,"Organic Lori's Lemon Tea",94,7
37192,"Smart Ground Original Veggie Protein Crumbles",14,20
37193,"Shelled Edamame",116,1
37197,"Elderflower & Rose Lemonade",77,7
37201,"Kalamata Hummus",67,20
37203,"Flexible Straws",111,17
37207,"Pizza Crust",105,13
37208,"Salted Caramel Iced Coffee With Almond Milk",31,7
37213,"Excellence 70% Cocoa Smooth Dark Chocolate Bar",45,19
37215,"100% Cranberry Juice",98,7
37216,"Preserves, Pure, Strawberry",88,13
37220,"Organic Strawberry Fruit Spread",88,13
37221,"Mocha Coffee",26,7
37229,"Bathroom Tissue Softness & Strength, Double Rolls",54,17
37234,"Strawberry Apple Juice",31,7
37238,"Vantage Choose-A-Size Regular Roll Towels",54,17
37239,"Dark Chocolate Covered Almond Toffee",45,19
37241,"Juice Grape 100% Pure",33,6
37244,"Farmer's Garden Salad",123,4
37246,"Soybean Paste (White), Shiro Miso Instant Soup",66,6
37247,"Instant Vanilla Pudding & Pie Filling",105,13
37249,"Vanilla Bliss Ultra Moisturizing Shave Cream",55,11
37250,"Cut Green Beans",116,1
37255,"Light Creamy Alfredo Sauce",9,9
37257,"Organic Sweetened Cranberries",117,19
37262,"Original Bran Cereal",121,14
37264,"Traditional German Egg Pasta Thin Soup Noodles",131,9
37265,"Balanced Breaks White Cheddar with Cashews & Cranberries Cheese Snacks",21,16
37266,"Tater Treats Seasoned Shredded Potatoes",129,1
37270,"Sweet Basil Pesto Sauce Mix",9,9
37274,"Tryst Black Bean Hummus",67,20
37276,"Bar, Toffee & Almonds in Milk Chocolate",45,19
37284,"Shelled Pistachios Roasted And Salted",117,19
37286,"Brown & Wild Ready Whole Grain Medley",4,9
37288,"Organic Black Plum",83,4
37289,"Morning Mish Mash Blueberry Oats & Quinoa Snack",92,18
37291,"Peppermints",46,19
37296,"Itallian Entrees Spicy Marinara Penne Pasta",59,15
37297,"Brown & Red Rice With Chia & Kale",4,9
37301,"Boss Hog Italian Sausage Pizza",79,1
37306,"Take & Bake Multigrain Loaf",112,3
37311,"Whole Frozen Strawberries",116,1
37317,"Wonderful 100% Pomegranate Juice",31,7
37320,"Sours Jelly Beans",45,19
37322,"Organic Gluten-Free Apple Rice Cakes",92,18
37334,"Trapper Creek Organic Decaf Blend Whole Bean Coffee",31,7
37335,"Thin Whole Wheat Sandwich Buns",128,3
37347,"V-Fusion Strawberry Banana Vegetable & Fruit 100% Juice",98,7
37349,"Licorice",45,19
37354,"Flour Tortillas Soft Taco",128,3
37355,"Organic Extra Virgin Coconut Oil",19,13
37357,"Natural Laundry Detergent, Free & Clear 33",75,17
37358,"Frozen Limeade Concentrate",113,1
37364,"Sparkling Apple Cranberry 100% Juice",98,7
37371,"Homestyle Ranch",89,13
37374,"Cherubs Tomatoes",83,4
37376,"Grands! Homestyle Buttermilk Biscuits",105,13
37377,"No Sugar Added Applesauce",99,15
37385,"Organic Red Kale",83,4
37388,"Cream Top Blueberry Yogurt",120,16
37392,"Asian Ginseng Liquid Herbal Extract",47,11
37400,"Organic Tangerine",98,7
37402,"Original Pancake Syrup",29,13
37410,"Vanilla Snowflake Goat's Milk Ice Cream",37,1
37411,"Saaa-Wheat! Organic Bread",112,3
37413,"Bacon Bleu Chopped Salad Kit",123,4
37417,"Gluten Free Pretzel Twists",107,19
37418,"Mojo Chocolate Almond Coconut Bar",3,19
37419,"Flat Fillets Of Anchovies In Pure Olive Oil",95,15
37436,"Kit Kat & Reese's Assorted Miniatures",45,19
37440,"Ginger & Turmeric Organic Herbal Tea",94,7
37442,"Vegan Egg",86,16
37449,"Natural Muenster Cheese",21,16
37453,"Deep Italian Roast Whole Bean Coffee",26,7
37455,"Smoked Ham",13,20
37458,"Crushed Red Peppers",104,13
37460,"No Sugar Added Variety Fruit Bars",37,1
37462,"Brown Rice Pasta Spirals",131,9
37464,"Apple Cinnamon Instant Oatmeal",130,14
37465,"Original Bomb Pops Ice Pops",37,1
37468,"Rich and Creamy Vanilla Frosting",97,13
37471,"Hot Ranchera Salsa",51,13
37477,"Low Sodium Soy Sauce",66,6
37478,"Gluten Free Whole Grain Hamburger Buns 4 Count",43,3
37483,"Full Flavor Molasses",29,13
37486,"Organic Nonfat Yogurt, Peach",120,16
37487,"Pure Leaf Unsweetened Iced Tea",94,7
37489,"Kale Salad",123,4
37492,"Cranberry Blueberry Juice Blend",98,7
37493,"Bolillo Rolls",43,3
37496,"Organic Deep Dark Sea Salt Chocolate",45,19
37499,"Sauce, Duck, All Natural, Jar",66,6
37504,"Green & Crisp Premium Garden",123,4
37508,"0% Fat Organic Greek Vanilla Yogurt",120,16
37510,"Steamfresh Lightly Sauced Broccoli With Cheese Sauce",116,1
37511,"Organic Cookies & Cream Ice Cream",37,1
37518,"Ground Cardamom",104,13
37520,"Indoor Cat Food",41,8
37523,"Bar Chocolate Salty",45,19
37524,"Fresh Mozzarella Ball",2,16
37528,"Organic Kale Salad with Red Cabbage and Carrots",123,4
37531,"Five Star Chocolate Bar Peanut",45,19
37536,"Taquitos Steak & Cheese",129,1
37538,"Organic Sweet Pea",123,4
37541,"Classic Iceberg Salad Mix",123,4
37543,"Spiced Rum",124,5
37549,"Chocolate Cake Mix",105,13
37552,"Sparkling Blackberry Juice",98,7
37553,"Iced Coffee Lightly Sweet",26,7
37557,"Green Clary Sage & Citrus All-Purpose Cleaner",114,17
37558,"DHA 580mg Omega 3 Strawberry-Flavor Soft Gels",47,11
37560,"4% Milkfat Small Curd  Cottage Cheese",108,16
37563,"Coconut Milk Yogurt Alternative Mango Flavor",120,16
37564,"Hardwood Smoked Lower Sodium Bacon",106,12
37565,"Sharp Cheddar Spreadable Cheese",2,16
37569,"Wheat Thins Spicy Buffalo Crackers",78,19
37570,"Ice Cream, Super Premium, Dutch Chocolate",37,1
37573,"Chimichanga, Steak & Cheese",129,1
37576,"Chunk Light Tuna in Water",95,15
37586,"Whole Grain Oat Flour",17,13
37590,"Tropical Twist Sugar Free Gum",46,19
37591,"Lightly Salted Tortilla Strips",89,13
37592,"Cherry Zero Cola",77,7
37594,"French Vanilla Yogurt",120,16
37600,"Organic Kettle Corn",23,19
37601,"Acne Eliminating Spot Gel Rapid Clear®",73,11
37602,"Mexican Coffee",26,7
37603,"Rustic Bread",112,3
37606,"White Quilted Napkins",54,17
37609,"Extra Crispy Tator Tots",129,1
37611,"Spaghetti with Meatballs",38,1
37619,"Light Vegetable Oil Spread",36,16
37620,"Chia Sweet Peach Smoothie",31,7
37625,"Guacamole Authentic",67,20
37630,"Boneless & Skinless Wild Alaskan Sockeye Salmon",95,15
37634,"Toilet Bowl Cleaner with Bleach Rain Clean",114,17
37637,"Pure Cane Confectioners Powdered Sugar",17,13
37642,"Ccnut Raw Cocoaminos",72,13
37643,"Light & Fit Greek Nonfat Yogurt Peach",120,16
37645,"Original Flavor Bean Dip",51,13
37646,"Organic Gala Apples",24,4
37650,"Organic Coconut Milk Caramel Sea Salt",45,19
37654,"Butter with Canola Oil Spread",36,16
37656,"Fresh Fruit Tart",8,3
37657,"Center Pull 1 Ply Bath TIssue",54,17
37658,"Snack Pack Mini Classic",67,20
37663,"Tropical Punch Soft Drink Mix",90,7
37664,"Organic Sliced Provalone Cheese",21,16
37665,"Splits\"" Pretzels Original",107,19
37669,"Triple Nut Temptation Dark Chocolate Caracas Bar",45,19
37671,"Blueberry with Whole Grains Yogurt Blends",92,18
37681,"Tortilla Crusted Fish",38,1
37682,"Concord Grape Spread",88,13
37687,"Organic Spring Mix",123,4
37691,"Almond Dark Chocolate",45,19
37693,"Classic Blend Vegan Shreds Cheese",21,16
37696,"Strengthening Nail Polish Remover",132,11
37698,"Sliced Pears In Heavy Syrup",99,15
37704,"Organic Strawberry, Apple & Beet Greek Yogurt Baby Food ",92,18
37706,"Ground Mace",104,13
37709,"Dairy Free Semi Sweet Baking Chips",17,13
37710,"Trail Mix",125,19
37711,"Valdosta Pecans With Cranberries, Black Pepper & Orange Zest",117,19
37718,"Blueberry Whole Milk Yogurt Pouch",120,16
37720,"Quilted Napkins",54,17
37722,"Gluten Freen Original Rice Pudding",71,16
37723,"RAW Probiotics Men",70,11
37724,"Organic Edensoy Extra Original Soy Milk",91,16
37728,"Dips Original Ranch Mix",89,13
37729,"Coconut Water & Pineapple Fruit",37,1
37731,"Chocolate Bars Minis Mix Variety Pack",45,19
37733,"Uncured Pepperoni Mini Pizza Bagels Frozen Snacks",79,1
37739,"Sea Salt & Vinegar Potato",107,19
37742,"100% Juice Apple Juice, No Sugar Added",98,7
37746,"Potato Chips, Kettle Cooked, Sweet Maui Onion",107,19
37749,"Organic Buckwheat Flour",17,13
37750,"Special Dark Cocoa",17,13
37751,"Clean Care Bath Tissue Rolls",54,17
37752,"Dinner Rolls",43,3
37753,"Roasted Creamy Almond Nut Butter",88,13
37754,"Organic Blended Raspberry Whole Milk Greek Yogurt",120,16
37761,"Curry Spice",104,13
37766,"XL Emerald White Seedless Grapes",123,4
37767,"Sauce, Spicy Marinara",9,9
37774,"Artesian Sparkling Water",115,7
37776,"Vanilla All Natural Liquid Coffee Creamer",121,14
37787,"Granola Chocolate Elation",57,14
37788,"All Natural Gluten Free Probiotic Pineapple Yoghurt",120,16
37792,"Original Baked Cheese Puffs",107,19
37795,"Dairy Pure 2% Reduced Fat Milk",84,16
37797,"100% Natural Spring Water Minis",115,7
37800,"Chicken Broth Fat Free & Lower Sodium",69,15
37803,"Oyster Mushrooms",83,4
37807,"Small Walnut Levain Bread",112,3
37817,"Slim Cut Swiss Reduced Fat Made with 2% Milk Cheese Slices",21,16
37825,"Organic Whole Wheat Fusilli",131,9
37833,"Soft Regular Pulsar Toothbrush",20,11
37835,"Chlorine Free Versatile Stain Remover",75,17
37836,"Milano Milk Chocolate Cookies",61,19
37838,"Iced Passion Herbal Tea",94,7
37840,"Golden White English Muffins",93,3
37841,"Organic Chewy Kid-Sized Oatmeal Raisin Granola Bars",3,19
37845,"Natural Just Spinach, Zucchini & Peas Stage 2",92,18
37849,"Velveeta Shells & Cheese Pasta",4,9
37859,"Brownie",61,19
37866,"Nonfat Milk",84,16
37867,"Classic Variety Pack Donuts",61,19
37869,"Breakfast Essentials® Classic French Vanilla Powder Drink Mix",48,14
37886,"Extra Creamy Dairy Whipped Topping",53,16
37890,"Roasted Tomato Basil Soup",1,20
37892,"Loose White Button Mushrooms",83,4
37897,"Organic Fresh Blends Mango 100% Juice Blend",98,7
37904,"Selected Red Wine Vinegar",19,13
37908,"Pieces Peanut Butter Candy",45,19
37910,"Diced Peppers",123,4
37912,"Wheat Germ",17,13
37915,"Cheese \""Forte\"" Ravioli",12,9
37917,"Orange Peach Mango",31,7
37919,"Organic 2% Chocolate Milk",84,16
37923,"Prosecco Sparkling Wine",134,5
37929,"Red Miso Soup",69,15
37931,"Minced Onion",104,13
37932,"Red Velvet Cookies",8,3
37933,"Dairy Free New York Style Cheezecake",42,1
37935,"Light and Lean 3 Cheese Penne Marinara",38,1
37937,"Power & Fresh Cling Gel Ocean Fresh Scent Toilet Bowl Cleaner",114,17
37938,"Organic Beets Veggie Chips",50,19
37940,"Original Strawberry Low Fat Yogurt",120,16
37942,"Fluoride Free Tea Tree Oil Whitening Toothpaste Cool Mint",20,11
37947,"Organic Peach Lowfat Yogurt",120,16
37952,"Soup Lentil",69,15
37955,"Homestyle Oatmeal Raisin Granola",57,14
37959,"Egg White Patties",86,16
37966,"French Baguette Bread",112,3
37971,"Organic Cranberry Pomegranate Juice",98,7
37973,"Apricot-Raspberry Preserves",88,13
37975,"Heirloom Forbidden Rice",63,9
37978,"Full Sheet Big Rolls 12 Ct",54,17
37980,"Madeleines",61,19
37982,"Disinfecting Wipes - 3x35ct - Variety Scent",114,17
37983,"Purple Rice & Black Sesame Rice Toast",78,19
37984,"Lemon Lime Seltzer Water",77,7
37985,"Salty Sweet Cashew Bar",45,19
37988,"Ginger Beer, Organic",77,7
37990,"Baking Soda and Peroxide Whitening with Tartar Protection Fresh Mint Flavor Toothpaste",20,11
37991,"8 Inch Pumpkin Pie",8,3
37993,"Coppertop AA Batteries",87,17
37995,"Calabrese Spicy Salame with Sangiovese Wine",96,20
37999,"Antioxidant Infusions Ipanema Pomegranate Beverage",31,7
38000,"Unsweetened Apple Sauce",99,15
38003,"Sicilian Pistachio",37,1
38008,"Beyond Grain Free Chicken & Sweet Potato Recipe Pate Cat Food",41,8
38012,"Organic Cream of Mushroom Condensed Soup",69,15
38013,"Gluten Free Fig Fruit Filled Cookies",61,19
38015,"Honeysuckle Dish Soap",74,17
38016,"Chocolate Malt Mix",90,7
38028,"White Sliced Mushrooms",123,4
38033,"Ground Coffee Dark Roast",26,7
38035,"Its Not Your Mom's Sponge Cloth",114,17
38038,"Layered Chewy Bars Double Chocolate Almond Naturally Flavored",100,21
38039,"Smart Bran With Psyllium & Oatbran Cereal",121,14
38041,"Orange Sparkling Water Beverage",115,7
38044,"Bocconcini Bite Sized Fresh Mozzarella",21,16
38049,"Crispy Rounds Tortilla Chips",107,19
38050,"All Natural Boneless Skinless Chicken Breasts",34,1
38051,"Shiitake Mushroom",83,4
38054,"Fancy Feast Wet Classic Turkey & Giblets Feast Cat Food",41,8
38057,"Spicy Organic Microgreens",83,4
38060,"Clean Care Toilet Paper, Double Rolls, 1 Ply",54,17
38061,"Organic Raw Coconut Butter",36,16
38063,"Cocoa Puffs Cereal",121,14
38065,"Soy Isomil Infant Formula with Iron Birth to 12 Months Infant Formula",92,18
38067,"Coconut Flakes",17,13
38077,"Hemp Hearts Raw Shelled Hemp Seeds",117,19
38087,"Gluten Free Ice Cream Cones",103,19
38090,"Classic Scent Liquid Dish Soap",74,17
38093,"Organic Smoky Maple Barbeque Sauce",5,13
38094,"Sriracha Ketchup",72,13
38097,"Slim Espresso Bar",3,19
38100,"Head-to-Toe Baby Wash",102,18
38102,"Very Young Small Small Peas",81,15
38108,"Sausage Buns",43,3
38113,"Whole Grain Spaghetti",131,9
38118,"Whole Grain Lavash",78,19
38119,"Vanilla Frozen Dairy Dessert Cones",37,1
38122,"24oz Heat & Eat Container",85,17
38127,"Lowfat Strawberries 'n Cream Kefir",120,16
38128,"Garlic & Vegetable Instant Rice Noodle Soup",66,6
38139,"Multiple Cat Clumping Formula Cat Litter",41,8
38141,"Fiber & Protein Organic Pears, Raspberries, Butternut Squash & Carrots Snack",92,18
38145,"Cabaret Crisp And Buttery Crackers",78,19
38148,"Cherry Flavored  Nausea Relief",70,11
38150,"Grilled Cheddar & Chicken",41,8
38152,"Small Cherry Pie",8,3
38153,"Original Pizza Crusts Frozen",79,1
38154,"Original Sour Cream",108,16
38157,"Instant Brown Rice",4,9
38159,"Organic Yellow Peaches",24,4
38164,"Almonds & Sea Salt in Dark Chocolate",45,19
38167,"Ultra Downy® Clean Breeze™ Liquid Fabric Conditioner 51 Fl oz. 60 loads Fabric Enhancers",75,17
38168,"Kale Greens Bunch",83,4
38170,"Whole Tomatoes",81,15
38175,"Meatloaf & Gravy",38,1
38176,"Chocolate Chips",17,13
38179,"Cran-Lemonade Juice",98,7
38182,"Sriracha Hot Sauce",72,13
38185,"Hint of Lime Flavored Tortilla Chips",107,19
38188,"Cake Mix, Yellow",105,13
38190,"Organic Drumsticks",49,12
38192,"Pear & Mango Stage 2 Baby Food",92,18
38194,"Venus Embrace Women's Razor Blade Refills",55,11
38200,"Apple Juice",31,7
38203,"Unsweetened Chocolate Baking Bar",17,13
38205,"Cheddar Cheezy Mac",4,9
38207,"Organic Ginger",83,4
38218,"Rising Crust Three Meat Pizza",79,1
38223,"Stage 1 Just Sweet Peas With Mint Baby Food",92,18
38226,"Dark Chocolate Chips",45,19
38228,"Monster Trail Mix",125,19
38230,"Petite Diced Tomatoes In Tomato Juice",81,15
38231,"Classic Air-Puffed Vanilla Flavored Marshmallows",17,13
38236,"Quinoa",63,9
38239,"Honeysuckle Clean Day 2X Liquid Laundry Detergent",100,21
38240,"Vegan White Cheddar Mac & Cheese",4,9
38241,"Low-Fat Mango on the Bottom Greek Yogurt",120,16
38242,"Bai Bubbles Peru Pineapple",77,7
38247,"Men Dry Protection Cool Rush Antiperspirant & Deodorant",80,11
38248,"Vegetable Turkey Dinner Stage 2",92,18
38249,"Frankfurters Vegetarian",14,20
38250,"Cheddar Squares Cheddar Squares",78,19
38254,"Garlic Press",10,17
38256,"Maple Glazed Pecan & Sea Salt Bar",3,19
38259,"Blueberry Greek Yogurt + Chia",120,16
38264,"Chocolate Macaroons",61,19
38266,"Fresh Basil",16,4
38269,"April Fresh Fabric Softener Sheets",75,17
38273,"Marinara Pasta Sauce",9,9
38274,"Ice Cream Sandwiches Vanilla",37,1
38275,"Cocktail Style Cubes  Spring Water Ice",37,1
38277,"Dairy Free Vanilla Coconut Milk",91,16
38278,"Pink Beans",59,15
38279,"Multi-Grain Soft Taco",128,3
38280,"Premium Oyster Flavored Sauce",66,6
38281,"Organic Extra Thick Rolled Oats",130,14
38286,"Whole 7 Ancient Grains Bread",112,3
38287,"Carnation Fat Free Evaporated Milk",17,13
38288,"Pizza Sauce",9,9
38289,"Pomegranate Italian Soda",98,7
38290,"Vegan Crunchy Peanut Butter",3,19
38291,"Traditional Crumbled Feta Cheese",21,16
38293,"Ground Turkey Breast",35,12
38294,"Pizza, Margherita, Rice Crust",79,1
38295,"Habanero Roasted Tomato Salsa",51,13
38297,"Lady Alice Apple",24,4
38299,"Mini Italian Eggplant",83,4
38300,"Tall Kitchen Bag With Febreze Odor Shield",60,17
38302,"Organic Peanut Butter Banana Bite",50,19
38308,"Arrabbiata Tomato & Red Pepper Italian Pasta Sauce",9,9
38311,"Lemon Love Juice Drink",31,7
38312,"Almond Milk Strawberry Yogurt",120,16
38313,"Organic Apple Banana GoGo Squeez",50,19
38315,"100% Pure Rosemary",87,17
38318,"Original Flavor Instant Oatmeal",130,14
38321,"Baby Kale",123,4
38322,"Oil Free Original Hummus",67,20
38325,"Sourdough Round Loaf",112,3
38329,"Broccoli & Cheese Couscous",4,9
38340,"Everyday Plates 8.5 in",111,17
38341,"Flavor Blasted Xtra Cheddar Baked Goldfish Crackers",78,19
38342,"Fancy Sliced Water Chestnuts",66,6
38349,"Simply Smart Gluten Free Breaded Chicken Breast Tenders",34,1
38350,"Honey Spelt Pretzel Sticks",52,1
38355,"Mighty Sticks Fruit and Veggie Snacks",50,19
38357,"Original Multigrain Crackers",78,19
38368,"Organic Pineapple",116,1
38370,"Daisy Classic Disposable Women's Razors",55,11
38371,"Plus Lotion Facial Tissues",54,17
38374,"Milk and Cookies Ice Cream",37,1
38377,"Original 7\"" Pizza Crusts",17,13
38379,"Premium Small Red Beans",59,15
38381,"Lavender Scent Multi-Surface Cleaner Concentrate",114,17
38382,"Campo De Montalban",2,16
38383,"Organic White Onions",83,4
38384,"Organic Stevia Packets",17,13
38390,"Sliced Mild Cheddar Cheese",21,16
38394,"Vitamin D3 5000 I.U.",47,11
38395,"BBQ",107,19
38397,"Chocolate Cupcakes",8,3
38399,"Dutch Yellow Pee Wee",123,4
38400,"Asparation/Broccolini/Baby Broccoli",83,4
38405,"Organix Grain Free Chicken Paté Cat Food",41,8
38407,"Freezer Bag Gallon",85,17
38408,"Mrs Meyers Dish Soap Rosemary",74,17
38416,"Garden Vegetable Cream Cheese Spread",108,16
38419,"Parsnip",83,4
38426,"Organic Cotton Balls",132,11
38427,"Soft Rolls",43,3
38430,"Protein Power Cold Pressed Fruit Smoothie",31,7
38433,"Glacier Freeze",64,7
38439,"Mara Natha Organic Peanut Butter Creamy",88,13
38440,"Lindor Truffles",45,19
38444,"Chardonnay",62,5
38447,"Salted Caramel Organic Dark Chocolate, 57% Cocoa",45,19
38448,"Chunk White Albacore Tuna in Water",95,15
38451,"ProActive Health Adult Large Breed Weight Control Premium Dry Dog Food",40,8
38452,"Organic Whole Milk Washington Black Cherry Yogurt",100,21
38453,"Reduced Fat Chocolate Milk",84,16
38456,"Large Grapefruit",24,4
38459,"Red Vines Candy",45,19
38464,"Labne Kefir Cheese",21,16
38465,"Lime & Sea Salt Tortilla Chips",107,19
38470,"Mild Taco Seasoning Mix",5,13
38471,"Protein Plus Rotini Pasta",131,9
38473,"Dark Coconut Toffee Organic Chocolate",45,19
38475,"Original Graham Crackers",78,19
38478,"Movie Theater Mini Bags Butter Popcorn",23,19
38480,"Organic Gluten Free Cranberry Crunch Bar",3,19
38483,"Antibacterial Concentrated Dish Soap",74,17
38490,"Coconut Water Organic",31,7
38491,"Beef Quarter Pound 4 Ct Franks",106,12
38499,"Harvest Snaps Black Bean Habanero",100,21
38504,"Belgian Endive",83,4
38508,"Lightly Salted Kettle Potato Chips - Sea Salt",107,19
38510,"Organic Celery Bunch",100,21
38511,"1 Ply Paper Towels",54,17
38515,"Organic  Unsalted  Butter",36,16
38526,"Garlic Bread With Mozzarella",13,20
38527,"Snackimals Cookies Vanilla",61,19
38529,"Very Rare Blended  Scotch Whisky",124,5
38530,"Dark Chocolate Paso Brittle Ice Cream",37,1
38531,"Organic Sweet Potato Multigrain Tortilla Chips",107,19
38533,"Creamy Deluxe Macaroni Dinner Elbows & Four Cheese Sauce",4,9
38539,"Beef Brisket Flat Cut",122,12
38540,"Ham & Swiss with Crackers",13,20
38544,"Organic Whole Milk Strawberry Beet Berry Yogurt Pouch",120,16
38548,"Gala Apple",24,4
38551,"Calorie Free Chocolate Syrup",103,19
38553,"Bean, Rice and Cheddar Burrito",38,1
38556,"Shreds Finely Shredded Monterey Jack Cheese",21,16
38557,"Citrus Mandarins Organic",24,4
38558,"Organic Low Fat Cottage Cheese",108,16
38562,"Pomegranate Arils",123,4
38563,"Mint Chocolate Chip Ice Cream",37,1
38567,"Hearty French Country Vegetable Soup",69,15
38569,"Old Vine Zinfandel Wine",28,5
38576,"The Epic Seed Greek Yogurt Strawberry & Chia",120,16
38579,"Original Style Yoghurt Plain",120,16
38580,"Kettle Cooked Sea Salt & Vinegar Flavored Potato Chips",107,19
38584,"Chesapeake Dark Chocolate Pecan Cookies",61,19
38593,"Classic Fajita Skillet Sauce with Chipotle and Lime",30,6
38596,"Part Skim Ricotta Cheese",108,16
38608,"Lowfat Cottage Cheese 2%",108,16
38609,"Beef Short Ribs",122,12
38610,"Vanilla Spice Perfect Energy",94,7
38611,"Baby Derma White Mallow Face Cream",102,18
38618,"Organic Chunky Vegetable Soup",69,15
38622,"Cheddar Snack Crackers Cheddar Bunnies",78,19
38632,"Vietnamese Rice Noodles",66,6
38635,"Steamed Baby Beets",123,4
38636,"Flamin' Hot Fries $2 Only Corn & Potato Snacks",107,19
38639,"Natural Dog Food Lamb & Sweet Potato Formula",40,8
38641,"Organic Fruit Punch Sensible Sippers",98,7
38642,"Hot Chili Oil",66,6
38644,"Organic Thai Basil",16,4
38647,"Organic Raw Sharp Cheddar Cheese",21,16
38650,"Organic Red Lentils",63,9
38652,"Yerba Mate Orange Exuberance Tea",64,7
38656,"Gluten Free Peanut Butter Dark Chocolate Chewy With a Crunch Granola Bars",3,19
38657,"Za'atar Veggie Burger",14,20
38662,"Roasted Almond Butter",6,2
38664,"Peach Iced Tea",94,7
38666,"Wheat Hot Dog Rolls",43,3
38672,"Hazelnut Fat Free Liquid Coffee Creamer",53,16
38679,"Peanut Butter Fudge Core Ice Cream",37,1
38683,"Organic Apple Cider Vinegar Ginger Spice All Natural Drink",98,7
38684,"Organic White Chia Seed",63,9
38689,"Organic Reduced Fat Milk",84,16
38693,"Meyer Lemon",24,4
38695,"Natural Dark Chocolate Espresso Beans",45,19
38698,"Popcorn, Yellow",23,19
38703,"Rain Tingling Spearmint Sugar-Free Gum",46,19
38707,"Hot Thai Red Curry Paste",66,6
38714,"Chocolate Vanilla Swirls Pudding Snacks",71,16
38716,"Chocolate Chip Cookie Coffee Creamer",53,16
38720,"Real French Vinaigrette Dressing",89,13
38722,"3 Cheese Italian Freshly Shredded Cheese",21,16
38726,"Dill Sandwich Pickle Slices",110,13
38729,"Original Detergent",75,17
38730,"Brownie Crunch High Protein Bar",3,19
38734,"Wheat Sandwich Thins",128,3
38738,"Mints Pep O Mint",46,19
38739,"Hass Avocado",83,4
38747,"Kettle Cooked Sea Salt & Vinegar Potato Chips",107,19
38748,"Polish Kielbasa",106,12
38750,"Protein Bar, Chocolate Pretzel",3,19
38755,"Lentil Beans",63,9
38763,"Caramel Syrup",103,19
38766,"Turkey & Sweet Potato Dog Treats",40,8
38768,"Sweet Kale Salad Mix",32,4
38770,"Chopped Green Chiles",30,6
38772,"Provolone",21,16
38773,"Organic Brown Rice Bowl",4,9
38775,"Blueberry Muffins",93,3
38777,"Organic Green Seedless Grapes",123,4
38782,"Purely Pampering Body Wash Shea Butter and Warm Vanilla",127,11
38783,"Hair Expertise EverSleek Reparative Smoothing Shampoo",22,11
38789,"Peanut Butter Cups Minis",45,19
38793,"Pretzel Snaps Pretzel Packs",107,19
38796,"Dark Chocolate Covered Raisins",117,19
38797,"Chicken Stock",69,15
38799,"Oikos Vanilla Nonfat Greek Yogurt",120,16
38800,"Purifying, 2-in-1 Charcoal Mask",132,11
38802,"Country Potato Hamburger Buns",43,3
38803,"Oatmeal Raisin Cookie",61,19
38804,"Dairy Free Mexican Style Shreds",91,16
38809,"Lavender Lemonade",31,7
38815,"Renewable BPA-Free Compostable Assorted Cutlery",111,17
38817,"Sugarfree",64,7
38819,"Shoestrings French Fried Potatoes",129,1
38822,"Premium Capers",110,13
38824,"Deli Sliced Swiss Cheese",21,16
38827,"Organic Traditional Flour Tortillas",128,3
38828,"Raisin Crunch Sprouted Bar",3,19
38831,"Energy On The Go Wild Strawberry Drink Mix",90,7
38834,"Organic Razzi Raspberry Frosted Toaster Pastries 6 Count",48,14
38837,"Crispy Chick'n Sliders",42,1
38838,"Purely O's Organic Cereal",121,14
38844,"Oatmeal Raisin Walnut Energy Bar",3,19
38846,"Chicken Pho Concentrate",69,15
38847,"Organic Whole Kernel Unrefined Coconut Oil",19,13
38849,"Homestyle Some Pulp 100% Florida Orange Juice",31,7
38852,"Total 0% All Natural Mango Guanabana Nonfat Greek Strained Yogurt",120,16
38856,"Real Vegetable Chips Mediterranean Herbs & A Hint Of Lemon",107,19
38865,"Natural Ultramix Adult Dry Dog Food",40,8
38867,"Fresh Scent Super Plus Gentle Glide 360 Tampons",126,11
38871,"Lemon Iced Tea With Real Sugar",94,7
38873,"Calorie Free Seltzer Water",115,7
38881,"Shredded Iceberg Lettuce",123,4
38883,"Artichoke And Jalapeño Dip & Spread",67,20
38885,"Porcini & Truffle Ravioli In Egg Pasta",13,20
38886,"Pomegranate Blackberry Probiotic Juice Drink",70,11
38888,"Cheddar Cheese Condensed Soup",69,15
38889,"Perrier Lime",115,7
38890,"No Pulp Calcium & Vitamin D Pure Premium 100% Pure Orange Juice",98,7
38895,"Super Natural Organic Reduced Fat 2% Milk",84,16
38896,"Gluten Free Tapioca Flour",17,13
38903,"Spanish Saffron",104,13
38905,"Fully Cooked Naturally Wood Smoked Thick Sliced Bacon",106,12
38909,"Gluten Free Rotini",131,9
38910,"The Original Sauce",72,13
38912,"Traditional Sage Stuffing Mix",4,9
38918,"Pirouette French Vanilla Creme Filled Wafers",61,19
38925,"Lightly Smoked Portuguese Sardines in Cayenne Pepper with Extra Virgin Olive Oil",95,15
38926,"Roasted Peanut Oil",19,13
38928,"0% Greek Strained Yogurt",120,16
38929,"Original Pretzel Crisps",78,19
38930,"Mini Chocolate Frosted Donuts",61,19
38931,"Select Roasted Lamb with Vegetables & Barley Dog Food Recipe",40,8
38938,"Maca Powder, Raw",65,11
38940,"Premium Sweet Relish",72,13
38941,"Yogurt Honey Peanut Energy Bar",3,19
38944,"Seven Grain Crispy Tenders",42,1
38946,"Everyday Original Turkey Bacon",106,12
38947,"Party Size Cheese Flavored Snack Puffs",107,19
38948,"Petit Ecolier Milk Chocolate Biscuits",61,19
38949,"Febreze Fresh Clean Garbage Bags",60,17
38957,"Wild Alaskan Sockeye Salmon",34,1
38959,"Smoothies, Strawberries Wild",113,1
38964,"Red Pepper Stuffed Green Olives",110,13
38966,"Unsalted Peanut Butter Filled Pretzels",107,19
38970,"Organic Light Brown Sugar",17,13
38973,"Organic Whole Grain Southwestern Rice & Seasoning Mix",4,9
38974,"Chopped Kit Southwest Salad Greek Yogurt Jalapeno Ranch Dessing",123,4
38978,"Angus Cheeseburgers",34,1
38979,"Gluten Free Crackers Cheddar",78,19
38984,"Kale & Spinach Superfood Puffs",92,18
38985,"Organic Stage 4 Spinach Mango & Pear Baby Food",92,18
38987,"Good Start Gentle Infant Formula",92,18
38988,"White English Muffins",93,3
38991,"Banana Nut Chia Bar",3,19
38992,"Honestly Healthy Blackberries",24,4
38993,"Vodka 525",124,5
38995,"Pomelo Grapefruit & Aloe Appeal",24,4
38996,"Grape Tomatoes",83,4
38997,"Original Soymilk",91,16
39000,"Bakery Classics Sliders Wheat Buns",43,3
39001,"Organic Avocados Hass Variety",24,4
39002,"Sparkling Apple Cider",98,7
39004,"Linguine Fini No. 8",131,9
39005,"100% Whole Wheat Farfalle No. 87",131,9
39009,"Smoked Andouille Chicken Sausage",106,12
39013,"Smoked Fresh Turkey Kielbasa",106,12
39019,"Reduced Sodium Fat Free Chicken Broth",69,15
39021,"Large Elbow Macaroni",131,9
39023,"Salt & Vinegar Potato Crisps",107,19
39024,"Edamame In Pod",116,1
39027,"Sun Dried Tomato Hummus",67,20
39032,"Hearts Of Romaine",123,4
39035,"Stage 1 Just Peaches Baby Food",92,18
39036,"Goldfish Baked Snack Crackers Cheddar",78,19
39037,"Quick & Easy Fresh Green Beans",123,4
39040,"Organic Sliced Crimini Mushrooms",123,4
39041,"Original Wheat Thins",78,19
39046,"Smok Cured Turkey Bacon",106,12
39051,"Organic Tropical Fruit Blend",116,1
39054,"Unsweetened Cocoa Powder",17,13
39055,"Mild Salsa Roja",67,20
39057,"Hazelnut Light Roast K-Cup Packs",26,7
39059,"Extra Long Grain Enriched Rice",63,9
39066,"Corn Blue Tortilla Chips",107,19
39069,"Chocolate Coconut Almond Protein Bar",3,19
39071,"Walnuts",6,2
39076,"Salsa Casera",51,13
39083,"Assorted Food Color and Egg Dye",97,13
39089,"Natural Puffed Wheat Cereal",121,14
39090,"Fillets of Anchovies in Olive Oil",95,15
39092,"Smart Sandwich",85,17
39094,"Barbeque Potato Chips",107,19
39097,"Gluten Free White Sandwich Bread",112,3
39099,"Egg & Green Chile Burrito",38,1
39101,"Friendo Blendo Espresso Beans",26,7
39107,"Onion Bagels",93,3
39108,"Pulp Free Orange Juice",31,7
39113,"Baby Sugar Snap Peas",123,4
39115,"Pink Grapefruit Sparkling Natural Mineral Water",115,7
39116,"Ginger Snap Granola",57,14
39117,"Lemon Ultra Dishwashing Liquid",74,17
39121,"Organic Jasmine Rice",38,1
39124,"Half Tea & Half Lemonade",94,7
39127,"Classic Crust Pepperoni Pizza",79,1
39128,"Bread, Organic, Spelt Ancient Grain",112,3
39129,"Vanilla Almond Flour Cake Mix",105,13
39130,"All Natural Roasted Garlic Pasta Sauce",9,9
39132,"Plastic Cup Squared Base - 30 CT",111,17
39134,"All Natural Red Tomato Mild Salsa Mexican with Green Chile & Cilantro",51,13
39138,"Bac Out Drain Care Gel",114,17
39142,"Old Fashioned Oats",130,14
39146,"Original Flax Milk",91,16
39147,"Shiitake Mushrooms",123,4
39157,"Craisins Dried Cranberries",117,19
39160,"Kefir Cultured Strawberry Milk Drink",120,16
39162,"Clean Day Basil Hand Soap",25,11
39166,"Organic Puffed Kamut Cereal",121,14
39168,"Gluten-Free Double Chocolate Chip Cookies",61,19
39170,"Oatmeal Crème Pies",61,19
39174,"Honey Nut Cheerios Medley Crunch Cereal",121,14
39178,"Organic Blood Orange Energy Drink",64,7
39180,"Organic Lowfat 1% Milk",84,16
39182,"Soup, Traditional, with Tofu",66,6
39190,"Vanilla Unsweetened Almond Milk",91,16
39191,"Hot Enchilada Sauce",30,6
39194,"Bean & Rice Chips sea salt",107,19
39196,"Skinny Dipped Dark Chocolate Almonds",117,19
39200,"Wild Sweet Orange Herbal Tea",94,7
39201,"Jumbo Beef Franks",106,12
39202,"Chips Ahoy Mini Chocolate Chip Cookies",61,19
39211,"Fideo Cut Spaghetti",131,9
39215,"Scented Multi-Cat Scoopable Cat Litter",41,8
39216,"Original Multigrain Spoonfuls Cereal",121,14
39218,"Hommus Artichoke Kalamata",67,20
39220,"Skin Relief Body Wash Fragrance Free",127,11
39225,"Golden Fishless Filet",42,1
39228,"Gluten Free Uncured Pepperoni Pizza",79,1
39232,"Basil Pesto Quinoa Meal",4,9
39236,"Beef Jalapeno Sea Salt Bone Broth",69,15
39238,"Tea, Organic, Egyptian Licorice Mint, Caffeine Free, Bags",94,7
39239,"Singapore Street Classic Curry Noodles",66,6
39242,"Juice, Raw & Cold-Pressed, Purity",31,7
39247,"Mango",24,4
39248,"Go Curry! Organic Curry Cashews",117,19
39249,"Organic Persian Cucumber",83,4
39250,"Essential Orange-Orange Vitamin Water Drink",64,7
39255,"Crispy Mini Wafer Sticks",45,19
39261,"Fancy Lump White, Crab Meat",95,15
39262,"Nestle Toll House Cookie Dough Grand Ice Cream",37,1
39264,"Mini Madeleines French Sponge Cakes with Chocolate Chips",61,19
39265,"Ground Coriander",104,13
39270,"Original Red Licorice Twists, Tub",45,19
39275,"Organic Blueberries",123,4
39276,"Bananas",24,4
39277,"White Sugar Free Peppermint Gum",46,19
39278,"Sea Salt Chickpea Snacks",50,19
39280,"White Big Roll",54,17
39281,"Baked Scalloped Potatoes",4,9
39282,"Oven Baked Scoops Tortilla Chips",107,19
39293,"Organic Soymilk Original Value Size",91,16
39297,"Original potato Chips",107,19
39299,"Organic Chocolate Chip ZBar Kids Energy Snack",3,19
39300,"No Sugar Added Vanilla Frozen Dairy Dessert",37,1
39301,"Extra Firm Tofu",14,20
39303,"Organic Sea Salt Potato Chips",107,19
39308,"Delights With Cheddar Grilled Tuna & Cheddar Cheese Feast In Gravy",41,8
39321,"Milk Chocolate Hot Cocoa Mix",90,7
39322,"Caramel Almond and Sea Salt Nut Bar",3,19
39328,"Organic Mexican Chocolate Ice Cream",37,1
39329,"Dr. Better Soda",77,7
39331,"Clean Linen Candle",101,17
39332,"Dried Mangoes",117,19
39335,"Pasta Sauce, Original, Traditional",9,9
39338,"Yuzu Ponzu Dressing",66,6
39341,"Organic Greek Seasoning",104,13
39349,"Sliced Varzi Salami Meat",96,20
39350,"Cabernet Sauvignon, California, 2005",28,5
39351,"Made with Extra Virgin Olive Oil Pesto sauce with Basil",9,9
39353,"Organic Brown Rice Cereal",92,18
39359,"Goji & Acai Green Superfood Drink Powder",65,11
39360,"5 Italian Cheese Pizza Brick Oven Crust",79,1
39363,"Uncured Bacon & Pork Bar",3,19
39365,"French Vanilla Syrup",29,13
39369,"Ultra Free & Gentle Fabric Softener",75,17
39371,"Natural Laundry Stain Remover, Free & Clear",75,17
39374,"Sea Salt",104,13
39375,"Mirin Rice Cooking Wine",72,13
39378,"Natural Detergent 2X Ultra With Coconut Oil Based Fabric Softener Cleaner",75,17
39389,"Clay Instant Luminous Facial Mask",132,11
39391,"Prosciutto Cotto",96,20
39394,"Rich Frosted Donuts",61,19
39399,"Pork Tamales",13,20
39400,"Beef Merlot",38,1
39404,"G2 Low Calorie Raspberry Lemonade",64,7
39407,"Strawberry Syrup",103,19
39408,"Gala Apples",24,4
39409,"Ginger Root Beer, Naturally Flavored Zero Calorie Soda, Caffeine Free",77,7
39411,"Organic Cinnamon Harvest Cereal",121,14
39412,"Molasses",61,19
39417,"Cajun Krab Dip",67,20
39422,"Season Tyme Leaves .5 Oz",6,2
39425,"Crystallized Ginger",45,19
39427,"Apples + Strawberries Organic Nibbly Fingers",92,18
39428,"Peaches Large",24,4
39429,"Organic Large Flour Tortillas 6 Count",128,3
39430,"New Mexico Taco Skillet Sauce For Chicken",30,6
39432,"Italian Round Loaf",112,3
39436,"Pure Grapeseed Oil",19,13
39442,"Hot Kid Toddler Mum-Mum Organic Rice Biscuit Strawberry",92,18
39448,"Cold Brew Coffee Mocha",91,16
39450,"Oragnic Ginger Lemon Kombucha",31,7
39452,"California Brown Basmati Rice",63,9
39457,"Lotzza Motzza Pepperoni Pizza",79,1
39459,"Multi Surface Antibacterial",114,17
39461,"Coffee Mate French Vanilla Creamer Packets",6,2
39462,"Long Grain White Rice",63,9
39464,"Craveables Pepperoni Pizza",79,1
39465,"Cucumber and Green Tea Body Wash",127,11
39468,"Apples, Kale & Avocados Organic Baby Food",92,18
39469,"Organic Chocolate Flavored Syrup",103,19
39475,"Total Greek Strained Yogurt",120,16
39477,"Broccoli Florets, Organic",116,1
39479,"Ground Paprika",104,13
39480,"Sesame Hamburger Bun",100,21
39481,"Triscuit Brown Rice & Wheat Sea Salt & Black Pepper Crackers",78,19
39482,"Orange/Mango Flavor Multi Vitamin & Mineral",47,11
39484,"Sliced Turkey Feast in Gravy Cat Food",41,8
39485,"Organic Traditional Gluten Freen Quinoa",63,9
39491,"Pirate's Booty Aged White Cheddar Baked Rice and Corn Puffs",107,19
39492,"Mild Fresh Green Salsa",67,20
39494,"Delicate Blossom Cleansing Wash",126,11
39495,"Cauliflower Rice",123,4
39501,"Heirloom Tomatoes",83,4
39504,"Vanilla Shake Packet",65,11
39505,"Triscuit Thin Crisps Wasabi & Soy Sauce Flavor",78,19
39506,"Daisy Sugar Cookies",61,19
39507,"Pop-Tarts Unfrosted Strawberry",48,14
39509,"Organic Sunny Citrus Bunny Fruit Snacks",50,19
39512,"Sweet Relish",72,13
39519,"Dark Chocolate Peanut Butter Cups",45,19
39527,"Chocolate Lowfat Milk",84,16
39528,"Bruschettini Garlic & Parsley",78,19
39529,"Fuel High Chocolate Protein Shake",65,11
39534,"Grilled Chicken Strips",7,12
39535,"Witch Hazel Astringent Pads",133,11
39537,"Mountain Menthol Menthol Drops Cough Suppressant/Oral Anesthetic",11,11
39539,"Milk Chocolate with Whole Hazelnuts",45,19
39544,"Vegetable Base",69,15
39545,"Corn Muffin Mix",105,13
39549,"Ginger & Sesame Salad Dressing",89,13
39550,"Berry Vanilla Puffs",121,14
39551,"Beef Flavored Cup Noodles",69,15
39557,"Organic Premium Raspberry Spread",88,13
39558,"Gold Potato",83,4
39560,"Go Lean Crunch! Honey Almond Flax Cereal",121,14
39561,"Crackers Cheddar Bunnies Snack Packs",78,19
39563,"Healthy Pop Butter Microwave Popcorn",23,19
39570,"Organic Red Lentil Rotini Pasta",131,9
39571,"S'mores Slow Churned Ice Cream",37,1
39577,"Organic Garlic Dill Pickle Kraut",110,13
39578,"Organic Go Go Apple Peach Applesauce",92,18
39581,"French Vanilla Creamer",53,16
39582,"Jumbo Butterfly Shrimp",34,1
39589,"Grassmilk Organic Fat Free Milk",91,16
39596,"Jalapeno Nacho Slices Hot",30,6
39599,"Seasonal Blood Orange Yoghurt",120,16
39600,"Refined High Heat Safflower Oil",19,13
39604,"Turkey Breakfast Sausage Links",106,12
39605,"Apricot Mango Juice",98,7
39608,"French Roast",26,7
39612,"Grated Pecorino Romano Cheese",2,16
39613,"Whole Grain Ancient Grain Bread",112,3
39614,"Pure Leaf Sweet Iced Tea",94,7
39619,"Organic Tomato Basil Pasta Sauce",9,9
39620,"Crunchy Taco Shells",30,6
39621,"Organic Artichoke",83,4
39623,"Organic Medium Chili With Vegetables",59,15
39625,"Soy Whip Whipped Topping",53,16
39628,"Mascarpone",21,16
39636,"With Bleach Cleanser",114,17
39643,"Organic Dairy Iron-Fortified Toddler Formula",92,18
39646,"Red Onions, Fresh Diced",123,4
39647,"Quick'n Easy Combos Vegetable Stir Fry",116,1
39649,"Dove Dark Chocolate Snowflake Promises",45,19
39652,"Ladyfingers",61,19
39653,"Organic Split Green Peas",68,10
39654,"Pain Reliever and Nighttime Sleep Aid Caplets",133,11
39657,"Milk Chocolate Almonds",45,19
39661,"Authentic Pizza Sauce",9,9
39663,"Hemp Lavender Pure Castile Soap",25,11
39664,"Crispy Chicken Strips",129,1
39667,"Natural Shiitake Sesame Vinaigrette Dressing",89,13
39669,"Snack Well's Vanilla Creme 7.75 Oz",61,19
39670,"Spicy Salmon Roll",6,2
39676,"Coconut Water with Peach & Mango",98,7
39678,"Free & Clear Natural Dishwasher Detergent",74,17
39680,"AdvanceCare Oral Electrolyte Solution - Cherry Punch",92,18
39681,"Bun Length Skinless Beef Franks",106,12
39685,"Frontier Straight 95% Rye Mash Whiskey",124,5
39692,"Creamy Potato Leek Organic Soup,",69,15
39693,"Fresh Dill",16,4
39696,"Vegetable Lasagna Light In Sodium",38,1
39698,"Garlic Mashed Potatoes",13,20
39699,"Whole Wheat Shells & White Cheddar Macaroni and Cheese",4,9
39702,"Low Fat Milk",84,16
39706,"Unsweetened Organic Ginger Oasis Tea",94,7
39708,"Daybreak Morning Blend Light Roast Ground Coffee",26,7
39719,"Freshly Made. Filled with Creamy Ricotta, Aged Parmesan and Romano Cheeses Three Cheese Tortellini",12,9
39721,"Organic Grapefruit Juice",31,7
39727,"Skin Food",25,11
39729,"Organic Apple Cider",98,7
39732,"Pitted Kalamata Olives",110,13
39735,"Shells & White Cheddar Pasta",4,9
39737,"Organic Sandwich Crackers Peanut Butter",78,19
39739,"Organic Nondairy Strawberry Cashew Yogurt",100,21
39745,"Coconut Fruitfull Bar",37,1
39747,"Mixed Berry English Tea Scones",93,3
39748,"Organic Whole Grain Infant Oatmeal Cereal with Bananas",92,18
39751,"Sausage Egg & Cheese Breakfast Sandwich",52,1
39758,"Chewy 25% Low Sugar Chocolate Chip Granola",3,19
39760,"Pudding Snacks Chocolate Vanilla Swirls Fat Free",71,16
39761,"Mini Cones Caramel",37,1
39762,"Chicken Sriracha Bar",49,12
39764,"Fresh and Clean 2 in 1 Shampoo",22,11
39771,"Kava Kava Root, Liquid Herbal Extract",47,11
39772,"Organic Baby Red Potatoes",13,20
39774,"Cucumber Dill Lentil Chips",107,19
39781,"Original 7 Grain Crackers",78,19
39782,"Organic Raspberry Mate Energy Drink",94,7
39783,"18-in-1 Unscented Baby Mild Pure Castile Soap",25,11
39787,"Smoked Wild Alaskan Coho Salmon",15,12
39791,"Comfort Cheddar Bacon Chicken",38,1
39794,"Red Plum",24,4
39799,"Classic Ketchup",72,13
39800,"Dark Chocolate Cherry Cashew Plus Antioxidants 1.4 oz Fruit & Nut Bars",3,19
39803,"Original 0 Calorie Sweetener Packets 115 Count",17,13
39806,"Medium La Vieja Salsa",67,20
39808,"Natural California  Raisins",117,19
39812,"Organic Thyme",16,4
39814,"Hawaiian Style Teriyaki Chicken Bowl",38,1
39823,"Traditional Split Pea with Ham Soup",69,15
39832,"Rise Krisipies Toasted Rice Cereal",121,14
39834,"Chocolate Low Fat Milk",84,16
39844,"Mini Sweet Peppers",83,4
39847,"Premium Cod Fish Fillets",34,1
39850,"Sesame Street Organic Original Cruchin' Cracker",92,18
39858,"Hydrogen Peroxide",118,11
39859,"Soft White Bread",112,3
39861,"Flax Plus Hot Oatmeal",130,14
39863,"Organic 2% Milk",84,16
39867,"Lunch To-Go Light Tuna",95,15
39868,"Sea Salt Slow Roasted Pumpkin Seeds",117,19
39871,"Organic Orange Mango Juice",98,7
39876,"Coffee Flavor Frozen Yogurt",37,1
39877,"Organic Granny Smith Apple",24,4
39886,"Gin Gins Original Chewy Ginger Candy",45,19
39889,"Light Squeeze Mayonnaise",72,13
39891,"Steamers Broccoli & Cheese Sauce",116,1
39898,"Smart Ones Slow Roasted Turkey Breast",38,1
39904,"Orange Flavored Drink",31,7
39905,"Vegan Dark Chocolate Ice Cream",37,1
39909,"Aerosol",114,17
39910,"Perfect Portions Premium Pate Poultry",41,8
39911,"Sensible Foods Kale Veggie Burgers - 4 CT",42,1
39921,"Lemon Lime Soda",77,7
39922,"Celery Sticks",123,4
39923,"Milano Slices Salted Pretzel Cookies",61,19
39926,"California Almond French Twists",8,3
39927,"Steamed Lentils",59,15
39928,"Organic Kiwi",24,4
39938,"7 Grain Waffles",52,1
39945,"Magic Eraser Extra Power",114,17
39947,"Blackberry Cucumber Sparkling Water",115,7
39950,"Original Fresh Stacks Saltine Crackers 8 Pack",78,19
39953,"Grands! Southern Homestyle Buttermilk Biscuits",105,13
39954,"Organic Strawberry Spread",88,13
39958,"Organics Gummy Bears",45,19
39961,"Classic Pate Poultry Platter Cat Food",41,8
39962,"Intense Orange Dark Chocolate Bar",45,19
39964,"Assorted Bagels",93,3
39966,"Rice Pasta & Cheddar Gluten Free Macaroni & Cheese",4,9
39968,"Miso Soup",1,20
39969,"Kittles Tuna & Cranberries Recipe Cat Treats",41,8
39971,"Soap, Pure-Castile, All-One Hemp Almond",25,11
39972,"Chocolate Fudge High Protein Bar",3,19
39973,"Organic Whole Berry Cranberry Sauce",99,15
39975,"Taco Seasoned Ground Turkey",49,12
39977,"Pumpkin & Spinach Stage 2 Baby Food",92,18
39979,"Chicken and Liver Canine Cuisine Wet Dog Food",40,8
39980,"Organic Black Molasses",29,13
39981,"Italian Meatballs",42,1
39982,"Sausage  Links",42,1
39984,"Organic Dill",16,4
39986,"Sugar Free Orange Low Calorie Gelatin Dessert",105,13
39988,"Sliced Smoked Atlantic Nova Salmon",15,12
39990,"Vegetable Fried Rice",38,1
39991,"Seedless Grapes Green",24,4
39993,"Vine Ripe Tomatoes",83,4
39997,"Cheese Bread Snacks with Bacon",129,1
39999,"Body Bar Soap Garden Mint",25,11
40001,"Vanilla 0% Milkfat Yogurt",120,16
40002,"Strawberry Ice Cream",37,1
40004,"Garden Veggie Straws Lightly Salted",107,19
40008,"Organic Brown Rice Pasta Rotini",131,9
40009,"Red Seedless Grapes Bunch",24,4
40013,"Chicken Caesar Wrap",13,20
40017,"Lasagna",131,9
40022,"G2 Low Calorie Lemon Lime Sports Drink",64,7
40025,"Sprouted Grain Burger Buns",43,3
40028,"Deluxe Cinnamon Raisin Bagels",93,3
40031,"Olives, Spanish, Manzanilla",110,13
40039,"Organic Medium Tikka Masala",66,6
40046,"Multi Purpose Lighter",87,17
40047,"Original Recipe Long Grain & Wild Rice",4,9
40050,"Ultra Oxi Liquid",75,17
40054,"Organic Tagliatelle Traditional Egg Pasta",131,9
40055,"Unbleached Bread Flour",17,13
40062,"Original Golden Grahams",121,14
40063,"Gluten Free Chocolate Chip Cookies",61,19
40064,"Organic Chocolate Super Cookies",61,19
40067,"Loaf Pans, Mini",10,17
40070,"Coffee Drink Doubleshot Light Espresso & Cream",26,7
40073,"Fuji Apple",24,4
40077,"Cold Activated Beer",27,5
40078,"Strawberry Lemonade Frozen Pops",37,1
40079,"Sweet And Savory Thai Rice Crackers",78,19
40080,"Mega Shower Foamer with Ultra Cling, Glade Rainshower Fragrance",114,17
40082,"Bold Chipotle Chicken Lunch Meat",96,20
40085,"Raspberry Popsicle",37,1
40091,"Seasoned Black Beans",59,15
40092,"Sea Salt Kettle Chips",107,19
40112,"Macadamia Nut Oil",19,13
40117,"Sugar Free-Fat Free Chocolate Fudge Pudding & Pie Filling",105,13
40120,"Organic Multigrain Bread",112,3
40124,"Cashew Almond Pistachio Blend",117,19
40136,"Original Taco Seasoning Mix",104,13
40141,"Original Unflavored Gelatine Mix",105,13
40142,"Zebra Cakes",61,19
40145,"Pumpkin, Sweet Potato and Pear Fruit and Veggie Blend",92,18
40146,"Almond Milk Hazelnut Creamer",91,16
40153,"Free & Clear Unscented Refill Value Packs  Baby Wipes",56,18
40156,"Sheep Milk Plain Yogurt",120,16
40171,"Organic Sweet Vanilla Bean Nutrition Complete Protein Shake",65,11
40173,"Organic Gluten Free Rigatoni",131,9
40174,"2% Reduced Fat Organic Milk",84,16
40177,"Original Thin Sausage Pizza",79,1
40179,"Chia Pod Coconut",65,11
40182,"Sambucus Organic Elderberry + Vitamin C Zinc Lozenges",47,11
40184,"Strawberry Flavor Probiotic Acidophilus Liquid",70,11
40196,"2-Ply White Tissues",54,17
40198,"Blueberry Yoghurt",120,16
40199,"Chocolate Chip Cookies",61,19
40203,"Mint Chip Ice Cream",37,1
40208,"Sliced California Olives",110,13
40212,"Honey Oat Clusters",121,14
40214,"90 Calorie Chocolate Fudge Brownies",48,14
40215,"Banana Cinnamon Frozen Pops",37,1
40216,"Yukon Gold Potatoes",83,4
40219,"Turkey Breakfast Sausage Patties",106,12
40229,"Organic Whole Wheat Penne Rigate",131,9
40232,"Boneless Pork Loin Chops",7,12
40233,"Organic Kosher Dill Pickles",110,13
40234,"Banana Cream Instant Pudding",105,13
40236,"Diet Cherry Coke",77,7
40239,"Chunky Classic Salsa Medium",67,20
40242,"Enriched Long Grain White Rice",63,9
40251,"Tuna Fillets in Spring Water",95,15
40252,"Spirulina Powder",47,11
40255,"Vegetable Tray With Ranch Dip",123,4
40256,"Cinnamon Sticks",104,13
40261,"Extra Crunchy Peanut Butter",88,13
40268,"Organic Wheat-Free & Gluten-Free Original Crackers",78,19
40269,"Soft & Chewy Sour Then Sweet Watermelon Candy",45,19
40270,"Cavity Defense Medium Toothbrush",20,11
40271,"Zesty Dill Spears",110,13
40278,"Special K Original",121,14
40279,"Bean Sprouts",83,4
40280,"Yogurt, Drinkable, Blueberry",120,16
40281,"Peanut Butter & Chocolate Muddy Buddies Chex Mix",125,19
40285,"Traditional Snack Mix",125,19
40287,"Original Potato Crisps",107,19
40288,"Lemon Pepper & Garlic Smoked Fillet Trout",15,12
40292,"Greek Yogurt 100 Calories Whips Vanilla Cupcake",120,16
40299,"Soft Taco Flour Tortillas",128,3
40301,"Caramelized Pecans",6,2
40307,"Ultra Soft & Strong Tissue",54,17
40310,"Oven Roasted Turkey Breast",96,20
40311,"Organic Mixed Baby Kale Salad",123,4
40312,"Organic Lime Bag",100,21
40316,"Ready Rice Roasted Chicken Flavored",4,9
40319,"Pure Almond Extract",17,13
40326,"Organic 85% Dark Chocolate Black Rice Quinoa Crunch",45,19
40329,"Turkey Gravy",67,20
40330,"Corn Dogs",129,1
40331,"Slow Roasted BBQ Style Chick'n",42,1
40332,"Cage Free Brown Eggs-Large, Grade A",86,16
40333,"Tamari Seaweed Brown Rice Snaps",78,19
40334,"Organic White Pita Bread",128,3
40338,"Leafy Green Romaine Lettuce",123,4
40339,"Maple Greek Yogurt",120,16
40342,"Tikka Masala Mild Indian Simmer Sauce",76,6
40345,"Gluten-Free Smart Puffs Real Wisconsin Cheddar Baked Cheese Puffs",107,19
40348,"Large Burrito Flour Tortillas",128,3
40350,"Goddess Dressing",89,13
40352,"Zesty Garlic Aiolo Mayo Alternative",67,20
40354,"California Clementines",24,4
40355,"Baby Dry Size 4 Disposable Diapers",56,18
40359,"Fine Sea Salt",6,2
40360,"Buckwheat Soba Noodles",131,9
40362,"Ultra Plush White Mega Rolls",100,21
40363,"Coconut Water, Real",98,7
40375,"Instant Soothing Facial Mask",132,11
40376,"Steamfresh Sweet Peas",116,1
40377,"Unrefined Virgin Coconut Oil",19,13
40380,"Light and Lean Meatless Swedish Meatballs With Broccoli And Pasta",38,1
40386,"Major Dickason's Blend Whole Bean Coffee",26,7
40388,"Smoreables Graham Style Crackers",61,19
40392,"Hemp Rose Pure Castile Soap",25,11
40396,"Guacamole",67,20
40397,"Organic Royal Rainbow Quinoa",68,10
40407,"Honey Wheat Complete Pancake Mix",130,14
40408,"SALSA        FRNTR CHPTL SALSA",51,13
40410,"Sage Citrus Dish It Out Dish Liquid",74,17
40411,"Calm Chamomile Herbal Tea",94,7
40416,"Iced Chai, Semi Sweet",31,7
40417,"Organic Dill Relish",72,13
40424,"Toasteds Harvest Wheat Crackers",78,19
40427,"Organic Gluten Free Crispy Brown Rice Cereal",121,14
40429,"No Sugar Added Vanilla Ice Cream Sandwich",37,1
40443,"Tapioca Pudding Snacks",71,16
40448,"Naturally Raw Honey",29,13
40449,"Blueberry & Purple Carrot Teething Wafers",92,18
40454,"Marketplace Vermont White Cheddar Mac & Cheese",38,1
40457,"Mint Waxed Floss Interdental",20,11
40458,"Dark Chocolate Dreams Peanut Butter",88,13
40459,"Old Fashioned Smooth Peanut Butter",88,13
40462,"Cleanse",31,7
40467,"Organic Spinach And Cheese Ravioli",12,9
40469,"Strawberry Flavored Organic Z Fruit Rope",50,19
40470,"Basil Leaves",104,13
40476,"Egg Replacer",86,16
40477,"Unsweetened Horchata",91,16
40484,"Low Sodium Chunk Light Tuna in Water",95,15
40486,"Chicken Tenders",49,12
40488,"Peach Pear Sparkling Water",115,7
40490,"Frozen Breaded Bagged Chicken Nuggets",129,1
40498,"White Corn and Zucchini Tamales With Cheese",13,20
40501,"Salsa, Verde, Roasted",67,20
40511,"Organic Gouda Bar",2,16
40516,"Organic Romaine Hearts",123,4
40520,"Original Recipe Snack Mix",125,19
40523,"Blooming Jasmine French Milled Oval Soap",25,11
40524,"Plastic Strips Adhesive Bandages",118,11
40525,"Vanilla Mint Foaming Hand Soap",25,11
40528,"Chocolate Eclair",8,3
40529,"Red Wax Gouda Cheese",2,16
40531,"Spinach & Ricotta Ravioli",12,9
40533,"Aji Amarillo Paste",30,6
40535,"Brewed Green Tea Iced Tea",98,7
40537,"Free & Clear Stage 1 8-14 Lbs. Baby Diapers",56,18
40538,"Clean Comfort Antiperspirant Deodorant",80,11
40541,"Sparkling Probiotic Drink Mojita Lime Mint Coconut",31,7
40545,"Berry Medley",116,1
40549,"Fresh Mint Total Care Anticavity Mouthwash",20,11
40553,"Simply 100 Crunch Lem Meringu",120,16
40554,"Oat Blueberry Lemon Whenever Bars",48,14
40556,"Cornbread",112,3
40557,"Rice Pilaf",4,9
40559,"Celery Salt",104,13
40568,"Paleo Pancake & Waffle Mix",130,14
40571,"Total 2% Greek Strained Yogurt with Cherry 5.3 oz",120,16
40574,"Rice Cereal",121,14
40581,"Snack'mms Kosher Dill Pickles",110,13
40583,"Non Fat Plain Goat Yogurt",120,16
40585,"Gade A Natural Sour Cream",108,16
40586,"Natural Goodness 100% Fat Free Chicken Broth",69,15
40587,"Light & Lean Sweet & Sour Asian Noodle Pasta",38,1
40589,"Lemonlime Electrolyte Tabs",90,7
40590,"Cinnamon Graham Snacks",61,19
40592,"Ultra Soft Facial 3-Ply White Facial Tissues",54,17
40593,"Cream Cheese",108,16
40596,"Chunky Soup, Sirloin Burger with Country Vegetables",69,15
40597,"Lavender All Purpose Cleaner",114,17
40598,"Fudge Brownie Mix",105,13
40599,"Macadamias, Maui Onion, Sweet",117,19
40600,"Cheese Stuffed Crust Pepperoni Pizza",79,1
40603,"Fabric Softener Sheets",75,17
40604,"Feta Cheese Crumbles",21,16
40612,"Shishito Peppers",83,4
40614,"Gypsy Cold Care Herbal Tea",94,7
40620,"Coconut Lemon 3-in-1 Hand Face Body Lotion",25,11
40621,"Broccoli & Cauliflower",116,1
40629,"Signature Steakhouse Marinade",5,13
40630,"Original Bath Soap",127,11
40632,"Brown Rice Snaps Black Sesame",78,19
40634,"Indian Dal Golden Lentil Soups",69,15
40645,"Peach Mango Gels Vegan",99,15
40646,"Jicama Sticks",123,4
40648,"Sparkling Water Beverage Black Cherry",77,7
40650,"Organic Star Anise Whole",104,13
40656,"Unsweetened Zero Calorie Green White Tea",94,7
40659,"Fries, Broccoli",107,19
40660,"Almond Butter Smooth",88,13
40662,"Classic Clean Original Deep Cleansing Cream",73,11
40663,"Ricotta Original Cheese",21,16
40678,"Citrus C Monster Smoothie",64,7
40683,"Fresh Ricotta",21,16
40685,"Cavity Protection Natural Baking Soda Peppermint Fluoride Toothpaste",20,11
40688,"Spinach Artichoke Dip",67,20
40691,"Whole Jersey Milk Low Pasteurized",84,16
40696,"Creamy Harvarti Cheese",21,16
40699,"Golden Nugget Mandarin",24,4
40705,"Complete Therapy Treatment Ovule Antifungal Cream",126,11
40706,"Organic Grape Tomatoes",123,4
40708,"Fennel",83,4
40709,"Sea Salt & Vinegar Potato Chips",107,19
40711,"Mrs Fields Cookie Sandwich Ice Cream",37,1
40712,"Black Figs",24,4
40723,"Organic Cripps Pink Apples",24,4
40724,"Soy Free Buttery Spread with Olive Oil",91,16
40725,"Gluten Free Fusilli Brown Rice Pasta",131,9
40728,"Homestyle Country Gravy Mix",104,13
40733,"Fresh Pork Spareribs",7,12
40738,"Superior Tonic Water",77,7
40741,"Eureka Lemon & Marionberries Ice Cream",37,1
40742,"French Roast Whole Bean Coffee",26,7
40749,"Organic Green Tea Bags",94,7
40752,"Peony & Plum Liquid Hand Soap",127,11
40760,"Storage Bags, Reclosable, Gallon Size",85,17
40761,"Pomegranate Seeds",123,4
40763,"Pumpkin Yoghurt",120,16
40765,"100% Juice Medley Of Fruits",98,7
40770,"Sweet Peas Valley Fresh Steamers",116,1
40772,"Mixed Nuts",117,19
40775,"Organic Linguine",131,9
40777,"Concentrated Cold Brew Coffee",26,7
40779,"Greek Yogurt Peach & Chia",120,16
40781,"Seasoned Turkey Burger",34,1
40787,"Bread, Healthy Multi-Grain",112,3
40788,"Organic Black Bean Soup",1,20
40789,"Soy Free Buttery Sticks",91,16
40790,"Organic Coconut Bliss Cherry Amaretto Frozen Dessert",37,1
40795,"Lemon Sparkling Mineral Water",115,7
40802,"Organic Harissa Seasoning",104,13
40805,"Lavender Household Multi-Surface Cleaner & Disinfectants",114,17
40810,"Best Chili Beans In Mild Sauce",59,15
40811,"Moscato D'Asti",62,5
40815,"Hot (101305, 101352) Italian Sausage",106,12
40821,"Organic Mayonnaise with Olive Oil",72,13
40824,"Vegan Sour Cream & Onion Kettle Chips",107,19
40825,"Havarti Cheese Slices",21,16
40826,"Manhattan Style Whole Kosher Pickles",110,13
40829,"Neapolitan Ice Cream",37,1
40834,"Refried Beans with Zesty Salsa",59,15
40836,"Anaheim Pepper",83,4
40847,"Organic Filtered Apple Cider Vinegar",19,13
40849,"Vegan Raw Garlic Fluffy Spread",51,13
40852,"Lactose Free Fat Free Milk",91,16
40858,"Organic Navel Oranges",123,4
40859,"Semi Sweet Chocolate Chips",17,13
40861,"Lavender Bath & Shower Gel",25,11
40862,"Organic Blue Corn Tortilla Chips With Flax Seed",107,19
40866,"Ciabatta Rolls",43,3
40868,"Zero Calorie Orange Soda",77,7
40871,"Milk Chocolate with Almonds",45,19
40877,"Paper Napkins",54,17
40878,"Macaroni And Cheese",4,9
40881,"Fusilli Col Buco",131,9
40883,"New York Cheesecake",8,3
40884,"Zipper Sandwich Bags",85,17
40885,"Old Fashioned Kettle Corn Popcorn",23,19
40892,"Salsa Medium",67,20
40897,"Kale",123,4
40898,"Vanilla Caramel Fudge Ice Cream",37,1
40910,"Root Beer",77,7
40912,"Taco Spices & Seasonings",5,13
40913,"Organic Smooth Peanut Butter",88,13
40917,"Beef Rice Mix",4,9
40919,"Cooking Sauce, Marinara, Garlic",9,9
40925,"Ultra Concentrated Original Scent Dishwashing Liquid",74,17
40928,"Apple Smoked Gruyere Cheese",21,16
40935,"Special K Cinnamon Pecan Cereal",121,14
40939,"Drinking Water",115,7
40941,"Purple Heirloom Potato Chips",107,19
40945,"Baking Chopped Pecans",17,13
40954,"Enriched Hamburger Buns Sesame",43,3
40961,"Fresh Salsa",67,20
40966,"Brown Sugar & Sea Salt Seaweed Snacks",66,6
40969,"Pure Clover Honey",29,13
40974,"Chopped Garlic",104,13
40977,"Multipax Cardboard Applicator Unscented Tampons",126,11
40982,"Organic Lavenberry Puree Level 2",92,18
40986,"Raspberry Sorbet Pops",37,1
40991,"Organic Rockin' Rye Bread",112,3
40992,"Chopped Tomatoes",81,15
40996,"Mini Sesame Croccantini Artisan Crackers",78,19
40997,"Lemon Sparkling Mountain Spring Water",115,7
41003,"Sesame Oil, Toasted",66,6
41004,"Traditional Brie Cheese",21,16
41005,"Indian Mattar Tofu",38,1
41006,"Organic Onion Powder",104,13
41007,"Toffee & Sea Salt Milk Chocolate Bar",45,19
41008,"Original Moisture Body Lotion",127,11
41009,"Organic Greens & Greens Juice",31,7
41010,"Gluten Free Ginger Zinger Cookies",61,19
41013,"Healthy Request Grilled Chicken & Sausage Gumbo RTS Soup",69,15
41017,"Vegetarian Falafel Mix",4,9
41019,"Cajun Turkey",96,20
41024,"Tikka Masala",38,1
41035,"Fresh Bee Pollen Whole Granules",47,11
41043,"Medium Toothbrush",20,11
41047,"Tropical Tango Punch Organic Juice Drink",98,7
41053,"Morning Fresh Fabric Softener",75,17
41055,"Organic Red Wine Vineger",19,13
41056,"Classic While Dinner Plates",111,17
41057,"Soft-Baked Ripe Strawberry Cereal Bars",48,14
41058,"Tropical Gold Chunks All Natural Pineapple",116,1
41060,"Ultimate Flora Womens Complete 90 Billion Capsules",47,11
41061,"Rustic Cut Organic Ruby Red Beets",116,1
41064,"Four Fruits 100% Fruit Spread",88,13
41065,"Organic Yellow Squash",83,4
41066,"Mild Organic Salsa",67,20
41068,"Orange Cherry Grape Ice Pops",37,1
41072,"Premium Size Your Own White Paper Towels - 3 CT",54,17
41073,"Eucalyptus Harvest Aromatherapy Mist",101,17
41096,"Complete Foaming Coconut Water Antibacterial Hand Soap",127,11
41098,"Ice Cream Chocolate Peanut Butter Cup",37,1
41106,"Tiramisu",8,3
41111,"Smooth & Cheesy Dip",51,13
41116,"Spinach Dijon Salad",1,20
41117,"Coconut Almond Chocolate",37,1
41119,"Organic Strawberry Energy Chews",45,19
41120,"Prime Fillet Solid White Albacore in Water",95,15
41124,"Ranch Potato Crisps",107,19
41125,"Organic Apple Cider Vinegar",19,13
41129,"All-One Baby Unscented Pure-Castile Bar Soap",102,18
41131,"India Pale Ale",27,5
41133,"Full Clog Destroyer",114,17
41135,"Shaved Brussels Sprouts",123,4
41139,"Complete Deep Clean Soft Bristles Toothbrush",20,11
41140,"Dairy Free Cream Cheese Style Spread Chive & Onion",108,16
41144,"Fabric Softener, Free & Gentle",75,17
41148,"Hard Cooked Eggs",86,16
41149,"Organic Riced Cauliflower",100,21
41158,"Oil-Free Eye Makeup Remover Pads",132,11
41162,"Grapes, Certified Organic, California, Black Seedless",123,4
41165,"Cheese Puffs",107,19
41169,"Organic Crushed Tomatoes No Salt Added",81,15
41171,"Pizza Squeeze Pizza Sauce",9,9
41176,"American Slices Cheese",21,16
41177,"Sea Salt Roasted Seaweed",50,19
41178,"Natural Finely Shredded Triple Cheddar Cheese",21,16
41198,"Classic Peanut Butter",88,13
41203,"Organic Molasses Unsulphured",29,13
41212,"Flax Milk Dairy Free Protein+ Unsweetened Vanilla",14,20
41213,"French Loaf",112,3
41216,"Premium Cod Fish Sticks",34,1
41217,"Antioxidant Infusions Tanzania Lemonade Tea",94,7
41220,"Organic Romaine Lettuce",83,4
41222,"Apricot Energy bar",3,19
41223,"Pods Spring Meadow Scent Laundry Detergent Pacs",75,17
41226,"Shredded Wheat Bite Size Cereal",121,14
41238,"Parmesan Couscous Mix",4,9
41242,"Strawberry Lowfat Yogurt",120,16
41245,"Dried & Sweet Cranberries",117,19
41248,"Vanilla Al'mondo Protein Shake",65,11
41249,"Ricotta Whole Milk Cheese",108,16
41250,"Light Alfredo Sauce",9,9
41254,"Beer Especial",27,5
41255,"Spinach And Cheese Ravioli",12,9
41257,"Lite Swiss Cheese Deli Fresh Slices",21,16
41259,"Poblano Pepper",83,4
41261,"Light Calcium, with Magnesium, Natural Orange Flavor",47,11
41264,"Meal Starters Grillers Crumbles",34,1
41271,"O'Soy Fruit on the Bottom Blueberry Organic Soy Yogurt",120,16
41272,"Mandarin Oranges in Light Syrup",99,15
41273,"Broccoli Florets",123,4
41276,"Energy Drink",64,7
41277,"French Bread",112,3
41278,"Pomegranate Cherry Sparkling Seltzer Water",110,13
41281,"Cocoa Banana Trail Mix",117,19
41289,"Super Seedz Sea Salt Shelled Gourmet Pumpkin Seeds",117,19
41290,"Lemonade",31,7
41291,"Nuts And Seeds Energy Bar",3,19
41293,"Hot Link Sausage",106,12
41297,"French Lavender Soothing Shower Gel",25,11
41301,"Classic Side Sliced Hot Dog Buns",43,3
41302,"Honey Barbecue Sauce",5,13
41304,"Rice and Corn Puffs, Baked, Aged White Cheddar",100,21
41306,"Chicken Rice & Beans Burritos",38,1
41315,"Organic Handmade Granola",57,14
41319,"Sea Salt Caramel Gelato",37,1
41323,"Select Slices of Premium Meat, Glazed Chicken",40,8
41325,"Organic Raw Cashews",117,19
41327,"Hawaiian Sweet Deluxe Hamburger Buns",43,3
41328,"Stevia Extract Packets",17,13
41329,"Carrot And Celery Sticks",123,4
41330,"Alkaline Water",115,7
41332,"Organic Recipe Granola",57,14
41338,"Organic Black Pepper",78,19
41340,"Habanero Cherry Beef Bar",3,19
41349,"Dairy Free Greek Yogurt Strawberry",120,16
41351,"Family Size Naturally Flavored Whole Grain Oats Cereal",121,14
41352,"Pure Cane Golden Brown Sugar",17,13
41354,"All Occasion Classic White Paper Plates",111,17
41355,"Dried Banana Chips",50,19
41359,"Organic Sparkling Black Cherry Beverage",115,7
41362,"Lunchables Turkey & Cheddar with Crackers",13,20
41363,"Tofu Spring Roll",13,20
41366,"Honey Turkey Breast Pre-Sliced Deli",96,20
41367,"Frosted Mini-Wheats Blueberry Cereal",121,14
41372,"Grated Parmesan Romano Cheese",21,16
41373,"Original Smooth Style Strawberry Flavored Low Fat Yogurt",120,16
41375,"Organic Atage 3 Nibbly Fingers Mangoes Carrots",92,18
41376,"Ground Veal",7,12
41377,"Real Bacon Bits",89,13
41383,"Family Size Hearts of Romaine",123,4
41385,"Original Club Crackers",78,19
41387,"Plastic Spoons",111,17
41388,"Pure Almond Paste",25,11
41390,"Major Dickason's Blend Dark Roast K-Cups",26,7
41391,"Zinfandel",28,5
41392,"Harvest Berry Chewy Granola Bars",3,19
41395,"Crispy Battered Fish Portions Value Pack",34,1
41396,"Smart Ones Creamy Rigatoni With Broccoli & Chicken",38,1
41397,"Three Cheese Macaroni Tasty American Favorites",38,1
41400,"Crunchy Oats 'n Honey Granola Bars",3,19
41404,"Dark Chocolate, Stone Ground, Organic, Toffee Almond & Sea Salt",45,19
41406,"Orange Soda",77,7
41408,"Goat's Milk Cheese",21,16
41414,"Lemonade Fruit Bars",37,1
41427,"Cookies 'N Cream Protein Bar",3,19
41429,"Gourmet Chocolate 100% Premium Whey Protein Powder",65,11
41433,"Fresh Roasted Tomate & Chile Asado Medium Salsa",67,20
41434,"Vanilla Ice Cream Sandwiches",37,1
41435,"Beef Knockwurst",33,6
41437,"Hearty Minestrone with Vegetables Soup",69,15
41452,"Chicken & Gibblets Dinner Pate Canned Cat Food",41,8
41453,"Eggo Buttermilk Pancakes",52,1
41455,"Protein Bar Cookies & Cream",3,19
41458,"Chocolate Miracle Tart",8,3
41461,"Organic Coconut Original Unsweetened Non-Dairy Beverage",98,7
41463,"Cannellini Beans",59,15
41468,"Whole Carrots",83,4
41469,"Seeded Italian Bread",112,3
41480,"Lentils",63,9
41482,"Shampoo Strengthening Peppermint",22,11
41483,"Smoked Paprika",104,13
41488,"Chocolate Milk",84,16
41500,"Culinary Stock, Vegetable",69,15
41503,"Butter Toasted Peanuts",117,19
41509,"Whole Grain CountryWild Rice",63,9
41517,"Sidekicks Chocolate Shake",92,18
41519,"Super Scoop Instant Clumping Unscented Cat Litter",41,8
41520,"Deviled Egg Potato Salad",1,20
41523,"PreNatal Multivitamin Adult",47,11
41527,"Organic Mild Salsa",51,13
41534,"Shredded Lettuce",123,4
41539,"Variety Pack Hard Cider",27,5
41540,"Organic Whole White Mushrooms",83,4
41541,"Traditional Seitan",14,20
41544,"Organic Crushed Fire Roasted Tomatoes",81,15
41549,"Burrata Mozzarela Cheese",21,16
41551,"Muffin Mix, Almond Flour, Banana",17,13
41555,"Green Chiles Refried Beans",30,6
41556,"Pastry Kitchens Classic Puff Pastry",119,1
41557,"Original Deli Style Pretzel Crackers",107,19
41559,"Organic Wise Punkin Level 2 Baby Food",92,18
41561,"Organic Potatoes",83,4
41562,"Maui Milk Chocolate Coconut Almond Cookies",61,19
41564,"Stawberry Energy Chews",64,7
41565,"Carrot Sticks",83,4
41569,"Healthy Request Cream of Chicken Condensed Soup",69,15
41570,"Active Dry Yeast",17,13
41578,"Extra Hot Habanero Pepper Sauce",72,13
41580,"Chocolate Syrup",103,19
41582,"Gravy Lovers Chicken Feast Can Cat Food",41,8
41585,"All-Purpose Salt-Free Everyday Blends",104,13
41588,"Firm Tofu",14,20
41591,"Vegetable Classics Lentil Soup",69,15
41592,"Pampers Baby Dry Jumbo Size 3",56,18
41593,"Blue Cheese Crumbles",21,16
41594,"Fresh Orange Juice",98,7
41596,"Frozen Blueberries",116,1
41597,"Organic Jumbo Eggs",86,16
41602,"Deli Select Ultra Thin Honey Ham",96,20
41605,"Chocolate Bar Milk Stevia Sweetened Salted Almond",45,19
41606,"100% Organic Rainbow Heirloom Quinoa",63,9
41608,"Marketplace Bean and Cheese Enchilada Verde",38,1
41610,"Arborio White Rice",63,9
41611,"Medium Cookie Sheet",10,17
41613,"Gochujang Fermented Chile Paste Concentrate",66,6
41618,"Gluten Free Uncured Frozen Pepperoni Pizza",79,1
41619,"Cookies and Cream Kandy Bars",37,1
41620,"Shredded Smokey Barbecue Beets",123,4
41621,"Lemon Ginger Tea Bags",94,7
41623,"Organic High Fiber Oat Bran Hot Cereal",130,14
41624,"The Complete Cookie Chocolate Chip",3,19
41625,"Organic Half Spring Mix",123,4
41634,"Habanero Pepper Sauce",72,13
41637,"Gluten Free Panko Breadcrumbs",5,13
41643,"Super V Fruit Punch Fruit & Vegetable Juice Drink",98,7
41649,"Artesian Still Water",115,7
41650,"Dishwasher Detergent Liquid Lemon Scent",74,17
41651,"Diet Orange Soda",77,7
41653,"Biscuit & Sausage Gravy Breakfast Bowl",52,1
41658,"Authentic French Brioche Hamburger Buns",43,3
41661,"Acai & Blueberry Flavors Dark Chocolate",45,19
41663,"Cauliflower Sandwich Thins",128,3
41665,"Organic Mexican Blend Finely Shredded Cheese",21,16
41671,"Original Patties (100965) 12 Oz Breakfast",106,12
41673,"Star Wars Healthy Kids Pasta Condensed Soup",69,15
41674,"Reduced-fat Soft Cream Cheese",108,16
41679,"Snickers Ice Cream",37,1
41680,"Sweet Iced Tea",94,7
41682,"Curate Pomme Baya-Apple Berry Sparkling Water",115,7
41690,"California Cauliflower",83,4
41692,"Tea, Organic, Chai Black, Bags",94,7
41694,"Free & Clear Bleach",75,17
41697,"Eggless Scramble Breakfast Pockets",100,21
41699,"Dark Chocolate & Oats Granola Cookies",61,19
41700,"Ocean Fresh Scent Disinfecting Wipes",114,17
41703,"Mexicane Cola Beverage",77,7
41709,"All-Natural Chunky Salsa Medium",51,13
41714,"Smooth & Balanced Pike Place Medium Roast Ground Coffee",26,7
41715,"All Natural Thin & Crispy Uncured Pepperoni Pizza",79,1
41716,"Jalapeno",107,19
41720,"Fresh Mozzarella",21,16
41722,"Original Thin Pepperoni Pizza",79,1
41729,"Sweet Grape Tomatoes",83,4
41740,"Pain Relief Liquid Gels",133,11
41745,"Cooking Spray Coconut Oil",19,13
41746,"Instant Oatmeal Weight Control Variety",130,14
41750,"Gluten Free Fusilli",12,9
41751,"Long Grain Brown Rice",63,9
41753,"Ocean Paradise All Purpose Cleaner",114,17
41754,"Thins Original",100,21
41757,"Organic Air Chilled Whole Chicken",35,12
41763,"Turkey Gravy Mix",5,13
41770,"Dried Cherry Montmorency Tart",117,19
41771,"Fresh European Style Baby Spinach",123,4
41772,"Organic Jumbo Garlic",83,4
41774,"XX Espresso Iced Coffee With Almond Milk",26,7
41777,"Extra Whitening Toothpaste",20,11
41779,"Premium Plastic Wrap",85,17
41780,"Crescent Roll Cans",105,13
41782,"Foamy Sensitive Skin Shaving Cream",55,11
41783,"Meatloaf",38,1
41785,"Organic Nine Mixed Grain Bread",52,1
41787,"Bartlett Pears",24,4
41793,"Mini Chocolate Chunk Cookies",61,19
41796,"Cherry Cultured Lowfat Milk Kefir Smoothie",120,16
41801,"Cold Pressed Watermelon & Lemon Juice Blend",100,21
41804,"Almond Ice Cream",37,1
41805,"Strawberry Lemonade",98,7
41806,"Organic Greek Whole Milk Blended Strawberry Yogurt",120,16
41808,"Pure Leaf Unsweetened Real Brewed Tea",94,7
41809,"Crunchy Sunflower Seed Bites Salt & Pepper",78,19
41811,"Refined Coconut Oil",19,13
41831,"Family Size Lasagna with Meat & Sauce",38,1
41834,"Green Chile Enchilada Sauce",30,6
41836,"Rainbow Crisps Fig And Olive Crackers",78,19
41837,"Strawberry Banana Fruit Smoothie",31,7
41840,"Dairy-Free Black & Bold Cold Brew Coffee",26,7
41842,"Organic Gluten Free Chia Plus with Quinoa & Amaranth Waffles",52,1
41844,"Honey Nut Cheerios",121,14
41845,"Spring & Renewal Air Effects Air Refresher",101,17
41847,"Black Cherry Amaretto Gelato",37,1
41855,"Endless Summer Mix",123,4
41858,"Spelt Mini Pretzels",107,19
41860,"Sea Salt Baked Potato Chips",107,19
41862,"Chocolate Chip Ice Cream",37,1
41864,"Chopped Chicken Liver",35,12
41870,"Mexican Chocolate Yogurt",100,21
41874,"Villagio Marzano Heavenly Tomatoes",83,4
41883,"Sweet Cream Buttermilk",84,16
41884,"Pocket Pearl Super",126,11
41887,"Aqua with Vitamin E Refreshing Soap Bars",127,11
41889,"Classic Bun-Length Wieners",106,12
41890,"Organic Mesa Sunrise Cereal",121,14
41896,"Lemon Zinger Herbal Tea",94,7
41897,"Clean Day Lavender Scent Room Freshener Spray",101,17
41900,"Bagel Chips Toasted Garlic",107,19
41909,"Bread & Butter Pickle Chips",110,13
41917,"Roasted Salted Pistachios",6,2
41920,"Organic Fire Roasted Diced Tomatoes",81,15
41921,"Frozen Mango Chunks",116,1
41924,"Sauvignon Blanc, Napa Valley, 2009",62,5
41929,"Gluten Free Comfort Chicken In Sweet BBQ Sauce Frozen Dinner",38,1
41949,"Heritage O's Multigrain Cereal",121,14
41950,"Organic Tomato Cluster",83,4
41951,"Everyday Shea Lemon & Lavender Shampoo & Body Wash For Babies & Up",102,18
41953,"Vegetarian Chili Seasoning",104,13
41956,"Aduki Beans",59,15
41958,"Thyme Leaves",104,13
41960,"Organic Daikon Root, Bunch",83,4
41961,"Automatic Dish Washing Gel Lemon Scent",74,17
41963,"Organic Kale Berry Smoothie Kickstart",116,1
41966,"Cored Pineapple",123,4
41968,"Dark Roast",26,7
41969,"Mushrooms Pieces & Stems",81,15
41970,"Vanilla Milk Chocolate Ice Cream Bars",37,1
41972,"California White Jasmine Rice",63,9
41973,"White Distilled Vinegar",19,13
41975,"Crunchy Almond Cereal",121,14
41983,"Le Brie Mini Soft Ripened Cheese",2,16
41984,"Margarine Quarters",36,16
41990,"Bagel Chips",107,19
41993,"Cough+Chest Congestion Dm Non Drowsy Syrup",11,11
41999,"Cut Tulips (Choose Color)",83,4
42001,"Tuna Ventresca, in Olive Oil",95,15
42002,"Pasture Raised Salted Butter",36,16
42003,"Tasty Treasures with Turkey & Cheese in Gravy Cat Food",41,8
42004,"Grilled and Ready Pulled Chicken Breast",34,1
42010,"Artichoke Pesto",9,9
42013,"Original Thins",61,19
42016,"Non GMO Organic Brown Eggs",86,16
42023,"Gluten Free Miso Soup Tofu",66,6
42026,"Mamma Bella's Recipe Garlic Bread",58,1
42028,"Pupusas, Black Bean & Sweet Corn",38,1
42029,"Qi'a Gluten Free Oatmeal Superseeds and Grains packets",121,14
42030,"Thin Stackers Organic Red Rice & Quinoa Puffed Grain Cakes",63,9
42032,"96% Lean Ground Beef",122,12
42035,"Pure Squeezed Calcium & Vitamin D No Pulp Orange Juice",31,7
42041,"Honey Sesame Pumpkin Seeds",117,19
42049,"Pane Turano Italian Bread",112,3
42058,"Cabernet Sauvignon, Central Coast, 2007",28,5
42059,"Boneless Beef Top Sirloin Steak",122,12
42062,"Banana Honey Nut Breakfast Bars",48,14
42063,"Organic Tomato Juice No Sugar Added",98,7
42069,"Liquid Kimchi Tangy Vegan Fermented & Probiotic Spicy Elixir",100,21
42073,"Extra Virgin Olive Oil Spread",36,16
42074,"Just Blueberry Juice",98,7
42075,"Lavender Multi-Surface Everyday Cleaner",114,17
42078,"Zero Coke Soda Mini Bottles",77,7
42079,"Slow Churned Wa Apple Pie Ice Cream",37,1
42082,"Ne Chevre Cashew Cheeze Pure",91,16
42083,"Decaffeinated Irish Breakfast Tea Bags",94,7
42084,"Taster's Choice French Roast Instant Coffee",26,7
42085,"Baby Food Pouch - Spinach Pumpkin & Chickpea",120,16
42091,"Pesto Sauce",68,10
42093,"Yogurt Covered Pretzels",45,19
42097,"Calming Lavender Body Wash",25,11
42102,"Natural Sunflower Seed Bread",112,3
42104,"Butter Rum Hard Candy",45,19
42105,"Compostable Basket Coffee Filters",26,7
42106,"Pomegranate Terere",64,7
42110,"Organic Macaroni Shells & Real Aged Cheddar",4,9
42111,"Instant Soup, Soybean Paste with Tofu, Tofu Miso",66,6
42114,"Cranberry Concord Grape Juice",98,7
42117,"Original Glass Cleaner With Ammonia-D",114,17
42118,"Kid Z Bar Organic Honey Graham Energy Snack",3,19
42121,"Mix Spinach",100,21
42122,"Frozen Desserts, Fit, Cappuccino",37,1
42127,"Blue Eucalyptus and Lavender Natural Liquid Laundry Detergent",75,17
42134,"Israeli Couscous",68,10
42135,"Organic Dairy Free Hazelnut Chocolate Spread",88,13
42137,"Peanut Butter Soft Baked Oatmeal Squares",3,19
42139,"Fudge Mint Cookies",61,19
42145,"Organic Seven Whole Grains",63,9
42147,"Kipper Snack",95,15
42152,"Toddler Drink Go & Grow Powder",92,18
42157,"Plus Rich Chocolate Complete Nutritional Drink",65,11
42167,"Turkey Breast Oven Roasted Premium Thin Sliced",96,20
42169,"Organic Unrefined Toasted Sesame Oil",19,13
42174,"Light Style Soft Wheat Bread",112,3
42181,"Carb Smart Almond Bar Vanilla Ice Cream",37,1
42183,"Super Antioxidant Green Tea",94,7
42184,"Turkey Cotto Salami",96,20
42191,"G Series Perform Frost Glacier Cherry Sports Drink",64,7
42193,"Chocolate Chip Cookie",61,19
42205,"Organic Sweet Potato Fries",129,1
42208,"Organic Lemons, Bag",24,4
42210,"Soft Baked Oatmeal Raisin Cookies",61,19
42215,"Roasted Garlic Herb Italian Sauce",9,9
42220,"Semi Sweet Baking Bar",17,13
42221,"100% Premium Arabica Ground Coffee",26,7
42224,"Coppertop AA Alkaline Batteries",87,17
42227,"Mediterranean Herbs Feta Crumbles",2,16
42230,"Just Black Cherry Juice",98,7
42239,"Kids Mac-N-Cheezy Fish Shaped Ravioli",12,9
42240,"Ultra Soft Facial Tissues",54,17
42241,"Organic Lightly Sweetened Sunflower Seed Butter",88,13
42242,"Cacao Powder",17,13
42244,"Total 2% All Natural Low Fat 2% Milkfat Greek Strained Yogurt",120,16
42248,"Coconut Milk, Classic",91,16
42252,"French Sandwich Rolls",43,3
42258,"Eagle Brand Sweetened Condensed Milk",17,13
42261,"Fat Free Jalapeno Jack Cheese",21,16
42263,"Blonde Ale",27,5
42265,"Organic Baby Carrots",123,4
42269,"Atlantic Salmon Fillet",39,12
42282,"Bag of Jumbo Yellow Onions",32,4
42294,"Certified Compostable Large Baking Cups",97,13
42297,"Organic Naturally Brewed Soy Sauce",66,6
42299,"Double Chocolate Ice Cream",37,1
42300,"Organic Vitality Snack Chia Squeeze Blackberry Bliss",117,19
42307,"Organic Reduced Fat 2% Cottage Cheese",108,16
42308,"Sour Sliced French Enriched Bread",112,3
42310,"Organic 100% Durum Semolina Fusilli",131,9
42312,"Fat Free Vegetable Broth",69,15
42315,"Tomatillo",83,4
42318,"Sun Dried Tomato Basil Chicken Sausage",106,12
42325,"Eucalyptus Mint Bubble Bath",102,18
42327,"Free & Gentle Fabric Softener Dryer Sheets",75,17
42333,"White Cheddar Cheese Popcorn",23,19
42335,"JavaJig Reusable Coffee Filter System",26,7
42336,"Luxurious Volume Shampoo",22,11
42341,"5 Antioxidant Infusions Sumatra Dragonfruit Drink",31,7
42342,"Roasted Turkey Breast",96,20
42344,"Vegan Lower Sodium Chicken Flavor Noodle Soup",69,15
42345,"Baby Food Pouch - Roasted Carrot Spinach & Beans",92,18
42347,"Caffeine Free Diet Cola All Natural Soda",77,7
42350,"Peanut Butter Cups Candy",45,19
42352,"Swedish Meatballs",38,1
42355,"ProActive Health MiniChunks Adult Dog Food",40,8
42356,"Strawberry Preserves",88,13
42357,"Lite Caesar Dressing & Marinade",89,13
42360,"Farmhouse Hearty White Bread",112,3
42363,"Small Dog Targeted Nutrition Chicken Flavor",40,8
42364,"Garden Herb Traditional Cut Croutons",89,13
42368,"Organic Chicken Nuggets",49,12
42369,"Old Fashion Aromatic Bitters",6,2
42372,"Pineapple on the Bottom Greek Yogurt",120,16
42380,"Organic Baby Foods Whole Grain Multi-Grain Cereal",92,18
42383,"Thin Sliced American Cheese",21,16
42384,"Original Chili Seasoning Mix",104,13
42387,"Natural 8 fl oz Alpine Spring Water",115,7
42388,"Essentials Organic Mighty Greens Juice",98,7
42389,"Vegan Cheddar Flavor Squares",107,19
42392,"Mozzarella di Bufala Campana",21,16
42397,"Chewy Granola Bar Peanut Butter Chocolate Chip",3,19
42398,"Central Coast 2011 Chardonnay",62,5
42403,"Blueberry Bagels",93,3
42404,"Multi Grain Waffles",52,1
42406,"Multi-Surface Cleaner",114,17
42408,"Protein Rich Nutrition Bar",3,19
42411,"Young Coconut",24,4
42413,"Classic Uncured Pepperoni Pizza",79,1
42415,"Almond Soap Bar",25,11
42416,"The Pounder Pretzels olde Tyme",107,19
42421,"Organic Ground Nutmeg",104,13
42423,"Cheese Shredded Mozzarella Low Moisture Part Skim",21,16
42425,"Blueberry Almond Granola",57,14
42431,"Cinnabon Cinnamon Rolls With Icing",105,13
42437,"Spearmint Sugar-Fee Gum",46,19
42440,"Szechuan Hot & Spicy Marinade & Stir Fry Sauce",66,6
42441,"Regular Concentrated Bleach",75,17
42442,"Blueberry Protein Bar",3,19
42443,"Whole Milk With Vitamin D",84,16
42445,"Organic Plain Whole Milk Yogurt",120,16
42446,"Shredded Wheat",121,14
42447,"100% Juice",98,7
42450,"Macaroni & Cheese",38,1
42452,"Organic Traditional Barley Malt Syrup",29,13
42454,"Milk Chocolate, 33% Cocoa",45,19
42455,"House Blend Instant Coffee",26,7
42460,"Plain Mini Bagels",93,3
42463,"Watermelon Mint Iced Tea",94,7
42468,"Original Ancient Grain Granola + Puffs Cereal",121,14
42469,"Pacific Cod Fillet",39,12
42471,"Organic Lowfat Chocolate Milk",84,16
42475,"Unsalted Butter Quarters",36,16
42477,"Pitcher Replacement Filters",10,17
42479,"Almond Milk Ricotta",84,16
42482,"Pasta Pick-ups Beef & Tomato Ravioli",92,18
42483,"Dried Manzanilla",83,4
42491,"Smoked Honey Turkey Breast",96,20
42493,"Pure Cane Cubes Sugar",17,13
42495,"Pink Lady (Cripps) Apple",24,4
42499,"Sauce",72,13
42500,"Orange & Lemon Flavor Variety Pack Sparkling Fruit Beverage",77,7
42502,"ProActive Health Adult MiniChunks Premium Dry Dog Food",40,8
42504,"Original Seltzer Water",115,7
42506,"Low Fat Fudge Bars",37,1
42507,"Organic SprouTofu Medium Soft Tofu",14,20
42508,"Gluten Free Plain Bagels",93,3
42509,"Original Burger",42,1
42511,"Traditional Latkes Potato Pancakes",129,1
42513,"Protein Power Greens Smoothie",31,7
42516,"Organic Grass Fed Ghee",19,13
42518,"100% Whole Grain Bread",112,3
42526,"Master Brew Kombucha Lavender Melon",31,7
42529,"Dishwand",114,17
42532,"Protein & Greens Chocolate Flavor Drink Mix",65,11
42533,"Superfoods Organic Pears, Blueberries & Beets + Super Chia Fruit & Veggie Blend",92,18
42534,"Classic White Lunch Plate",111,17
42535,"Assorted Chocolate Miniatures Chocolate Candy Bars",45,19
42536,"Gluten Free Original Granola",57,14
42537,"Iced Tea Lemon Flavor",90,7
42538,"Organic Applesauce Apple Pouch",50,19
42540,"Dumpling Hunan",42,1
42548,"Baby Boomer Fresh Creamer Potatoes",83,4
42551,"Fettuccine Alfredo",38,1
42556,"Slider Storage Quart Bags",85,17
42557,"Crunchy Almond Butter",88,13
42562,"Low fat Chocolate Milk",84,16
42563,"Coconut Milk Nourishing Conditioner",22,11
42564,"Whipped Sweet Potatoes",13,20
42568,"Oats, Gluten Free, Old Fashioned",130,14
42569,"Cinnamon Bun Sandwich Cookies",61,19
42577,"Grilled white meat chicken in an apple reduction with cranberries, French cut green beans & carrots and whole wheat orzo pasta. Apple Cranberry Chicken",38,1
42578,"Whole Milk Mozzarella Cheese",21,16
42579,"Organic Pitted Prunes",117,19
42582,"Milk Chocolate Chips",17,13
42585,"Organic Extra Firm Tofu",14,20
42591,"Organic Whole Grain Amaranth Flour Stone Ground",17,13
42592,"Organic Chia And Hemp Super Seed Crackers",78,19
42593,"Classic Strawberry Serenity Kombucha",31,7
42598,"Non-Fat Blackberry on the Bottom Greek Yogurt",120,16
42603,"Infant Formula Powder",92,18
42606,"Phish Food Frozen Yogurt",37,1
42608,"Fresh Guacamole",51,13
42612,"Pineapple Coconut Water 100% Juice",98,7
42613,"Balsamic Vinaigrette",89,13
42615,"Dark Chocolate With Sea Salt & Almonds",117,19
42617,"Organic Great Northern Beans",59,15
42620,"Creamy Supreme Vanilla Frosting",97,13
42623,"Bluebell Dish Soap",74,17
42625,"Flat Parsley, Bunch",16,4
42629,"Original Dried Cranberries",117,19
42633,"Red Delicious Apple",24,4
42635,"Black Spiced Rum",124,5
42637,"Muffins, Flax, Wild Blueberry",93,3
42646,"Whole Grain Corn Taco Shells",30,6
42650,"Pate With Black Pepper",67,20
42658,"Sweeper Dry Sweeping Cloth Refills",114,17
42659,"Crunchy Peanut Butter Builder's Bar",3,19
42660,"Elegant Medleys Shredded White Meat Chicken Fare with Garden Greens in Savory Broth",41,8
42664,"Lunchable Nachos",13,20
42667,"Thousand Island Dressing",89,13
42669,"Frosted Strawberry Toaster Pastries",93,3
42671,"Organic Brushing Rinse Peppermint",20,11
42675,"MegaFlora Probiotic",70,11
42677,"Ultra Apple Blossom Antibacterial Dish Liquid",74,17
42680,"Chunky Chocolate Chip Flax Muffins",93,3
42686,"Organic Baked Beans With Pork",59,15
42693,"Talenti Banana Chocolate Swirl Gelato",37,1
42694,"Honest All-Purpose Multi-Surface Cleaner White Grapefruit",114,17
42696,"Large Pitted Ripe Olives",110,13
42697,"Real Sweet Potato Vegetable Chips",107,19
42699,"Gluten Free Quinoa Pasta Shells",131,9
42700,"Lemon Verbena Scent Surface Scrub",114,17
42701,"Organic Sour Cream",108,16
42706,"Organic Dutch Chocolate Ice Cream",37,1
42710,"Organic Nonfat Greek Yogurt With Raspberries",120,16
42713,"Lemon Scented Disinfecting Wipes",114,17
42714,"Melatonin Triple Strength Tablets 3 mg",47,11
42719,"Natural Premium Coconut Water",98,7
42721,"Premium Breast of Chicken in Water",95,15
42724,"French Batard Bread",112,3
42725,"Quick Defense, Vegetarian Liquid Phyto-Caps",47,11
42731,"Original Citrus Sparkling Flavored Soda",77,7
42732,"Scope Complete Whitening Minty Fresh Liquid Gel Toothpaste",20,11
42735,"Tomato Basil Soup",1,20
42736,"Unsalted Butter",36,16
42741,"Red Velvet Ice Cream",37,1
42742,"Unsweetened Macadamia Milk",100,21
42743,"Vitaminwater Zero Variety Pack",64,7
42751,"Spring Onion Rice Noodle Soup Bowl",66,6
42753,"Aloe Vera Satin Soap",25,11
42756,"Cranberry Walnut Bread",112,3
42764,"Black Cherry Sparkling Water Beverage",115,7
42768,"Organic Garbanzo Beans",59,15
42769,"Chicken Sausage Cilantro Lime",106,12
42775,"Organic Toasted Coconut Popcorn",23,19
42777,"Chicken with Almonds",38,1
42791,"Minis to Go Natural Spring Water",115,7
42796,"Broccoli Pot Pie With Cheddar Cheese Sauce",42,1
42803,"Organic Apple Slices",50,19
42804,"Fruit Punch Liquid Water Enhancer",90,7
42805,"Sliced Jalapenos",110,13
42811,"Gemelli Pasta",131,9
42812,"Meal Bar, Superberry & Greens",3,19
42813,"Smoked Maple Ham",96,20
42817,"Strawberry Premium Mochi Ice Cream",37,1
42820,"Zero Calorie Lemon Lime Sports Drink",64,7
42824,"Black Eyed Peas",116,1
42825,"Milk Chocolate Chips Baking Pieces",17,13
42828,"Whipped Cream Cheese",108,16
42830,"Rice A Roni Fried Rice",4,9
42832,"Classic Bacon",106,12
42833,"Mango Apricot Fruit Snack",50,19
42834,"Organic Mini Peeled Carrots",123,4
42840,"Glow Vegetable & Fruit Juice",98,7
42843,"Original Tempeh",14,20
42847,"100% Whole Wheat Sandwich Rolls",43,3
42857,"Pesto",9,9
42858,"Baking Powder Aluminum-Free",17,13
42863,"Artichoke & Spinach Hummus",88,13
42867,"Organic Whole Star Anise",104,13
42872,"Strawberry Spreadable Fruit",88,13
42879,"Blue Foil Cake Pan With Lids",97,13
42887,"Baby Wipes Sensitive",56,18
42888,"Cheese Sticks, Variety Pack, Colby Jack & Cheddar",21,16
42895,"Filets In Sauce New York Strip Flavor Dog Food",40,8
42896,"Soft Baked Cookies Gingerbread Spice",8,3
42897,"Mini Muffins",93,3
42900,"Grapefruit Citrus Soda",77,7
42901,"Organic Strawberries & Cream Flavor Nutritional Protein Shake",65,11
42903,"Gluten Free Puffins Honey Rice Cereal",121,14
42909,"Country Fried Pork Chop & Gravy",38,1
42913,"Iceberg Garden Salad Blend",123,4
42915,"Cinnamon Berry Probiotic Balance Tea Bags",94,7
42920,"Honey Crisp Apples",123,4
42927,"Frost Icy Charge Sports Drink",64,7
42931,"Medium Corn Black Bean & Red Pepper Salsa",51,13
42935,"Butter Golden Classic Cake Mix",105,13
42936,"Nacho Cheese Chips",107,19
42938,"Vanilla Caramel Swirl Gelato",37,1
42940,"Vegetable Dumpling Potstickers",129,1
42943,"Soft'ees Variety Donuts Family Pack - 12 CT",61,19
42944,"Organic Unsweetened Soy Milk Beverage",91,16
42948,"2 Ply Bathroom Tissue Rolls",54,17
42958,"Rustic Baguette",112,3
42959,"Jet-Dry Original Rinse Aid",74,17
42964,"Gluten Free Spaghetti Pasta",131,9
42968,"Sausage & Pepperoni Pizza",79,1
42969,"Herb Turkey Breast",96,20
42972,"Natural Pure Sparkling Water",115,7
42976,"Wood for Good Almond Scented Polish",114,17
42980,"Gluten Free Parmesan & Garlic Bagel Chips",107,19
42987,"Krinkle Cut Salt & Fresh Ground Pepper Potato Chips",107,19
42992,"Pasture Raised Eggs",86,16
43001,"Spring Water Infused with Fulvic Acid",115,7
43005,"Organic Rooibos Tea",94,7
43010,"Tomato Juice From Concentrate",98,7
43012,"Hot To Trot Red Blend",28,5
43014,"Sliced Baby Bella Mushrooms",123,4
43020,"Exotic Patchouli Body Bar Soap",25,11
43026,"Deli Fresh Honey Shaved Smoked Ham",96,20
43029,"Egg Bagels",93,3
43037,"Garden Minestrone Soup",1,20
43044,"Shirataki Rice",131,9
43045,"Clasico Buffalo Queso Tortilla Chips",107,19
43047,"Hydro Body Sponge with Hand Strap",25,11
43049,"Dish Liquid/Hand Soap, Triple Action, Orange",114,17
43050,"Salmon Roll",13,20
43056,"Gourmet Sesame Seed Restaurant Style Hamburger Buns",43,3
43060,"Triple Caramel Chunk Ice Cream",37,1
43066,"Crispbread",78,19
43070,"Double Stuf Chocolate Sandwich Cookies Family Size",61,19
43073,"Whole Wheat Pita Bread",128,3
43074,"Tuna & Crab Meat Entree in Gravy Cat Food",41,8
43076,"Wide Egg Noodles",131,9
43080,"Organic Orange Carrot",98,7
43083,"Concentrated Splash-Less Regular Bleach",75,17
43085,"Artichoke Ravioli",100,21
43086,"Super Greens Salad",123,4
43087,"Crackers Bunny Graham Friends Snack Packs",61,19
43093,"Organic Kale Italia Deep Green Blends",123,4
43094,"Classic Caffeine Free Soda",77,7
43096,"Authentic German Spaetzle Home-Style Egg-Noodles",131,9
43100,"Mint Ice Cream Sandwiches",37,1
43101,"Shelled & Dry Roasted Organic Pistachios",117,19
43104,"Table Water Crackers with Roasted Garlic & Herbs",78,19
43106,"Honey Roasted & Smoked Premium Turkey Breast",96,20
43112,"Split Top White Bread",112,3
43115,"French Onion Sour Cream Dip",67,20
43122,"Organic Bartlett Pear",24,4
43127,"Whole Baby Corn",81,15
43129,"Panko Bread Crumbs",5,13
43136,"Organic Southwest Salad",1,20
43138,"Organic Stage 2 Carrot Sweet Potato & Brown Rice Baby Food",92,18
43140,"Organic Whole Fire Roasted Tomatoes",81,15
43142,"Special K  Flatbread Breakfast Sandwich-Ham, Egg & Pepper Jack Cheese",52,1
43143,"Gluten Free Dark Chocolate High Protein Bar",3,19
43154,"Sparkling Mineral Water",115,7
43158,"Potato Chips, Lightly Salted",107,19
43160,"Original Jellybeans",45,19
43165,"Orange Peel In Dark Chocolate Bar",45,19
43171,"Almond & Coconut Fruit & Nut Bars",3,19
43173,"100% Columbian Medium Coffee",26,7
43179,"Vanilla Protein Monster Shake",31,7
43181,"New York Extra Sharp Cheddar Cheese",21,16
43182,"Almond Butter",3,19
43183,"Deli Fresh Shaved Smoked Turkey Breast",96,20
43184,"Hawaiian 3-in-1 Clean Towelettes",109,11
43188,"Light Butter Popcorn Pop Up Bowl",23,19
43192,"Dark with 70% Cacao Content Organic Chocolate Bar",45,19
43193,"Adult MultiVites Gummy Vitamins",47,11
43194,"Natural Cellulose Scrub Sponge",114,17
43195,"Cheerios Family Size Cereal",121,14
43199,"Signature Shredded Steak & Three–Cheese Burritos",38,1
43205,"Low Sodium Black Beans",59,15
43209,"Large Eggs",86,16
43210,"Rolled Oats",68,10
43212,"Chocolate Reese's Frozen Dairy Dessert",37,1
43218,"Pure Kosher Dills",110,13
43221,"Egg Salad",1,20
43223,"Spreadable Butter With Canola Oil",36,16
43227,"Squares Milk & Caramel Chocolate",45,19
43231,"Raw Fizzy Probiotic Blood Orange Tea",31,7
43234,"Parmesan Cheese Crisps",107,19
43236,"Fusion Ultra Sensitive Hydra Gel Men's Shave Gel Twin Pack",55,11
43244,"Seasoning, All-Purpose",104,13
43245,"Pumpkin Bread Mix",6,2
43248,"Popcorn Chicken",129,1
43249,"Organic Bernie's Farm Macaroni & Cheese",4,9
43252,"Italian Style Chicken Meatballs with Mozarella Cheese",7,12
43255,"Banana Chia Pod",120,16
43258,"Organic Creamy Broccoli Soup",69,15
43259,"Italian Bread With Sesame Seeds",112,3
43262,"Original Sauce",72,13
43263,"Crunchy Oats N' Honey Granola Bars",3,19
43264,"Herbal Tea Bags Organic Turmeric With Meadowsweet & Ginger 16 Ct",100,21
43279,"Non-Fat Greek Yogurt With Strawberries on the Bottom",120,16
43286,"Fruit & Nuts in Yogurt Fruit & Nut Bar",3,19
43288,"BBQ Sauce",5,13
43290,"Roasted Salted Sunflower Kernels",63,9
43294,"100% Pure Organic Maple Syrup Grade A",29,13
43295,"Unsweetened Vanilla Almond Milk",91,16
43297,"Whole Grain Honey Crunch Cereal",121,14
43298,"Belgian White Beer",27,5
43304,"Chipotle Chicken Burrito",38,1
43310,"Organic Almond Butter With Carob Macrobar",3,19
43320,"Garlic & Wine Sopressata Salami",96,20
43324,"Organic Protein Cocoa Coconut Bar",3,19
43329,"Disinfecting Wipes Lemon & Lime Blossom Scent",114,17
43330,"Vanilla Wafer",61,19
43331,"Special K Chocolatey Pretzel Cereal Bars",48,14
43335,"Nacho Cheese Sauce",30,6
43337,"Pomegranate with Blueberry 100% Juice",98,7
43338,"Pyramid Black Tea Bags",94,7
43343,"Seaweed Ramen",66,6
43351,"Strawberry Peach Still Artesian Water",115,7
43352,"Raspberries",32,4
43354,"Rich Dark Chocolate Nutrition Shake",65,11
43355,"Gluten Free Extra Thick Rolled Oats",130,14
43357,"Natural Sliced Almonds",117,19
43361,"Teriyaki Baste & Glaze",66,6
43365,"Glide Pro Health Deep Clean Floss Cool Mint 2 Count",20,11
43366,"Deli Turkey",96,20
43368,"Wild Salmon Florentine Cat Food",41,8
43369,"Total with Mango Greek Strained Yogurt",120,16
43371,"Crushed Red Pepper",104,13
43376,"Vegetarian Roll",13,20
43377,"Mild Pico De Gallo",67,20
43378,"Coconut Milk Non Dairy Frozen Dessert Chocolate Peanut Butter Swirl",37,1
43379,"Watercress Package",123,4
43389,"Vanilla, Chocolate, Strawberry Ice Cream",37,1
43392,"Black Rice Burger with Adzuki Beans & Leafy Greens",42,1
43394,"Organic Lactose Free Whole Milk",91,16
43395,"Egg White Chicken Maple Sausage & Cheese Breakfast Sandwich Gluten-Free",52,1
43400,"Raspberry Vinaigrette Salad Snax",50,19
43405,"Premium Prunes",117,19
43406,"Roasted Seaweed Snacks",66,6
43409,"Frosted Mini-Wheats Original Cereal",121,14
43411,"Iced Lemon Cake Slice",8,3
43413,"Humm! Cocktail Hummus Roasted Pine Nuts",67,20
43415,"Original Cinnamon Granola with Cranberries and Sunflower Seeds",57,14
43421,"Little Yums Spinach, Apple, and Kale Teething Wafers",92,18
43424,"Butter Biscuits",61,19
43427,"Shredded Cheddar Cheese",21,16
43428,"Pure Green Tea",94,7
43432,"Gluten Free Frosted Blueberry Toaster Pastry",93,3
43435,"Reddiegg Egg Product",86,16
43436,"Tree Free Facial Tissue - 90 CT",54,17
43445,"Sparkling Energy Water Lemon Lime",64,7
43446,"Gluten Free Double Fiber Sandwich Bread",58,1
43447,"Contact Lens Solution",44,11
43452,"Japanese Style Noodles & Chicken Flavored Sauce",66,6
43457,"Gentle Cleansing Bars",127,11
43459,"Puffs Cheese Flavored Snacks",107,19
43460,"Apple, Juicy Red, Family Pack",123,4
43461,"Chili with Beans, Hot",59,15
43463,"Tall Kitchen Trash Bags with Flap Closure 13 gallon",60,17
43464,"Unscented Liquid Laundry Detergent",75,17
43465,"Wild Alaskan Sockeye Smoked Salmon",15,12
43469,"Dulse Flakes",50,19
43472,"Pomegranate Fresh Arils",123,4
43476,"Seafood Variety Pack Cat Food",41,8
43483,"Souper 6-Pack Chicken Flavor Ramen Noodle Soup",4,9
43484,"Farmhouse Culture Classic Caraway Kraut",110,13
43485,"Mini Can",77,7
43488,"Cheese Pizza Rolls",129,1
43495,"Maple 100% Pure Syrup",29,13
43496,"Apitherapy Raw Honey",29,13
43502,"Captain America Assorted Fruit Flavored Snacks",50,19
43504,"Organic Chicken Strips",34,1
43508,"Breaded Mozzarella Sticks",129,1
43509,"Ultra Thin Roast Beef",96,20
43510,"Strawberry Cheesecake Flavored Low Fat Yogurt",120,16
43511,"Sunrise Grilled Steak and Eggs Canine Cuisine Wet Dog Food",40,8
43512,"Stage 1 First Pears",92,18
43513,"Organic Half Baby Spinach & Half Baby Arugula",123,4
43514,"Organic Turkey, Carrot & Potato Formula Adult Dog Food",40,8
43517,"One French Vanilla Nutritional Shake Drink Mix",65,11
43522,"Veggie Loaf Mashed Potatoes and Vegetables",42,1
43523,"Caffe Verona Dark Ground Coffee",26,7
43530,"Caramel Corn Rice Cakes",78,19
43534,"Foam Plates",111,17
43545,"Organic Coconut Yogurt",120,16
43550,"Organic Crushed Arabella Plum Tomatoes",81,15
43552,"The Original",121,14
43556,"Diet Lemon Lime Soda",77,7
43560,"Crackers, Oyster",78,19
43564,"McIntosh Apples, Bag",24,4
43565,"Lean Ground Turky",49,12
43568,"Traditional Italian Sauce",9,9
43571,"Donut House Light Roast Coffee K Cups",26,7
43575,"Organic Vanilla Cultured Soy",120,16
43577,"2-Ply Facial Tissue",54,17
43583,"Maximum Strength 10 Plus Ultra Moisturizing 1% Hydrocortisone Anti-Itch Creme",118,11
43590,"Chocolate Cupcake",8,3
43597,"Organic 55% Semi Sweet dark Chocolate Chips",17,13
43604,"100 Calorie Vanilla Roast Almonds",117,19
43611,"Greek 100 Calories Blueberry Fat Free Yogurt",120,16
43616,"Chocolate Chip Granola",57,14
43619,"Mango Protein Juice Smoothie",31,7
43620,"Sport Unscented Broad Spectrum SPF 35 Sunscreen",109,11
43621,"Chik'n Patties",42,1
43622,"Sorbet Dutch Chocolate",37,1
43626,"Ultra Moisturizing Lavender Shave Cream",55,11
43629,"Natural Unsweetened",99,15
43631,"Diet Coke",77,7
43632,"GoGurt Strawberry and Blueberry Tubes",120,16
43633,"Lightly Smoked Sardines in Olive Oil",95,15
43638,"Butter Flavor Movie Theater Microwave Popcorn",23,19
43640,"White Crab Meat",95,15
43641,"Soft Baked Banana Bread",48,14
43642,"Classic Clean Dandruff Shampoo",22,11
43643,"Organic Strawana Probugs Kefir",120,16
43644,"Corn Grits",130,14
43645,"Eggs, Hard-Boiled",86,16
43647,"Organic Asparagus Spears",116,1
43654,"Whole Milk Greek Blended Vanilla Bean Yogurt",120,16
43658,"Tiger All Natural Pure Olive Oil",19,13
43659,"Gluten Free Linguini",12,9
43662,"Yogurt, Strained Low-Fat, Coconut",120,16
43663,"Oreo Double Stuf Heads Or Tails Sandwich Cookies",61,19
43668,"Classic Blend Cole Slaw",123,4
43673,"Organic Tellicherry Black Peppercorns",104,13
43688,"Toilet Bowl Cleaner with Lime & Rust Remover",114,17
43692,"Shredded Mozzarella Cheese",21,16
43693,"Whole Vitamin D Milk",84,16
43704,"Low Carb Whole Wheat Tortillas",128,3
43712,"Creme Fraiche",108,16
43713,"Organic Creamy Peanut Butter",88,13
43719,"Large Grade A - CA",86,16
43720,"Parmesan Crisps",107,19
43721,"Wint-O-Green",46,19
43724,"Lettuce",83,4
43726,"Mixed Grapes",24,4
43728,"Sweet Belgian Style Waffles Cinnamon Swirl",52,1
43733,"Sweet Onion And Red Pepper Chard Ravioli In Red Pepper Sauce",13,20
43735,"Tomato Kumato",83,4
43739,"Variety Diet Tea",94,7
43740,"Sparkling Probiotic Drink Coconut",31,7
43742,"White Kidney Reduced Sodium Cannellini Beans",59,15
43743,"Refreshing Gel Hand Sanitizer Pump",127,11
43744,"Medium Roast Ground Coffee",26,7
43749,"Organic Ice Cream Vanilla Bean",37,1
43750,"Nondairy Cashew Simply Vanilla Ice Cream",37,1
43758,"Gluten Free French Baguettes",112,3
43759,"Borage Therapy Dry Skin Lotion",25,11
43760,"Fakin' Bacon Organic Smoky Tempeh Strips",14,20
43764,"Raspberry, Blueberry Banana Fruit Puree",92,18
43765,"Laundry Detergent, HE, 2X Ultra, with Fabric Softener, Lavender",75,17
43768,"Organic Bell Pepper",83,4
43769,"Organic Pearled Barley",68,10
43772,"Cherubs Heavenly Salad Tomatoes",83,4
43775,"Original Country Gravy Mix",5,13
43776,"Protein Plus Vanilla Bean Protein Shake",31,7
43781,"Children's Dye Free With Grape",133,11
43788,"Organic Pearfecto Level 1 Baby Food",92,18
43789,"Organic Basil",16,4
43802,"Organic Sweet Apple Chicken Sausage",106,12
43814,"Nuts & Spices Dark Chocolate Nuts & Sea Salt Snack Bars",3,19
43817,"Sparkling Apple-Grape 100% Juice",98,7
43819,"Organic Blueberry Coconut Milk Yogurt",120,16
43821,"1 Apple + 1 Mango Fruit Bar",3,19
43826,"Original Flavor Freshly Popped Rice Cakes",78,19
43827,"Fruit & Nut Trail Mix Cranberry & Pomegranate Chewy Granola Bars",3,19
43828,"Non Alcoholic Lime Margarita Mix",6,2
43845,"Diet Pepsi Soda",77,7
43849,"Organic Very Dark Chocolate Bar",45,19
43850,"Chocolate Candies, Almond, Medium Bag",45,19
43857,"Traditional Chicken & Wild Rice Soup",69,15
43858,"Original Coconut Milk Beverage",91,16
43860,"Natural Colby Jack Cheese Block",21,16
43861,"Vegan Carob Chips",17,13
43862,"Ruled, 3 Inch x 5 Inch Index Cards",87,17
43865,"Frozen Dairy Dessert Blasts Girl Scouts Thin Mints",37,1
43867,"100% Grated Parmesan Cheese",21,16
43874,"Honeycomb Chocolate",45,19
43875,"Baby Food Stage 2 Blueberry Pear & Purple Carrot",92,18
43876,"Crumbled Goat Cheese",21,16
43881,"Cheese Slices",21,16
43886,"Hot Dog Buns Enriched 8 Count",43,3
43888,"Medium Red Enchilada Sauce",30,6
43889,"Dark Chocolate Covered Banana",119,1
43891,"Whole Ground Flaxseed Meal",17,13
43892,"Premium Belgian Lager",27,5
43893,"Dancing Fern",83,4
43894,"Chicken Noodle Soup, Cup",69,15
43900,"Super Mega Savory Salmon Flavor Cat Treat",41,8
43902,"Coconut Blended Low-Fat Greek Yogurt",120,16
43903,"Cranberry Juice",98,7
43904,"Greek Feta Cheese",21,16
43908,"Butternut Squash Ravioli",38,1
43910,"Moist Supreme Sugar Free Classic Yellow Cake Mix",105,13
43920,"Organic Powdered Sugar",17,13
43922,"Hickory Liquid Smoke",72,13
43927,"Deli Mustard",72,13
43928,"Creamy Swiss Original Wedges Cheese",21,16
43933,"Organic Unsalted Diced Tomatoes",81,15
43942,"Peppered Turkey",96,20
43945,"Table Water Crackers with Cracked Pepper",78,19
43946,"Black Eye Peas",81,15
43948,"Crumb Donuts",61,19
43950,"Forelle Pears",24,4
43951,"Intense & Smoky French Roast Dark Roast Ground Coffee",26,7
43953,"Plastic Cups, Clear, 9 oz",111,17
43955,"White Cooking Wine",19,13
43957,"Peanut Butter Chocolate Pretzel Gelato",37,1
43958,"Drumstick Vanilla Fudge Frozen Dairy Dessert Cones",37,1
43961,"Organic Peeled Whole Baby Carrots",123,4
43962,"Coleslaw",123,4
43965,"Glazed Buttermilk Doughnuts",8,3
43967,"Raspberry Lemonade",31,7
43973,"Soft Taco Tortillas",128,3
43979,"Sliced Monterey Jack Cheese",2,16
43986,"Natural California Raisins",117,19
43987,"Baguettes Gluten Free Fresh Rosemary",58,1
43988,"Plain Low Fat Australian Style Yogurt",120,16
43989,"Cruisers Diapers - Size 6",56,18
43990,"Soleil Twilight Triple Blade Disposable Razor for Women",55,11
43994,"Maximum Strength Redness Relief Formula Eye Drops",44,11
43998,"Home Menu Meal for Two Beef with Broccoli",38,1
43999,"Bucatini, No. 15",131,9
44008,"Organic Greek Whole Milk Blended Vanilla Bean Yogurt",120,16
44014,"Authentic Red Curry Paste",72,13
44017,"Coco-Roons, Mini, Vanilla Maple",61,19
44019,"CalNaturale Svelte Organic Protein Shake French Vanilla",65,11
44022,"Original Bite Size Candies",45,19
44023,"Quantum Duracell Quantum AA Alkaline Batteries 12 count Primary Major Cells",87,17
44027,"Honey Lemon Menthol Drops Cough Suppressant/Oral Anesthetic",11,11
44030,"Gefilte Fish, Original",33,6
44032,"Coconut Oatmeal Bliss Cookies",61,19
44035,"Organic Chickpeas Ready To Eat",50,19
44037,"Hot 'N Spicy Wings",34,1
44038,"Grain Free Minced Chicken Dinner Canned Cat Food",41,8
44042,"Premium Italian Bread",112,3
44043,"5-HTP 100 Mg Vegetarian Capsules",6,2
44047,"Lightly Toasted Almond Butter Crunchy",88,13
44048,"Original HE Liquid Laundry Detergent",75,17
44051,"Zero Vitamin Water",64,7
44053,"Sweetened Light Whipped Cream",53,16
44054,"Premium Spring Water",115,7
44056,"Green Plantains",24,4
44061,"Apple Sliced",123,4
44066,"O'Brien Hash Browns",129,1
44068,"Sea Salt & Almonds Organic Milk Chocolate, 43% Cocoa",45,19
44071,"Sticky Toffee Pudding",71,16
44075,"Sesame Whole Wheat Crackers",78,19
44076,"Organic Freeze Dried Pineapple",117,19
44077,"Tomato Basil Bisque Soup",100,21
44080,"Tuna Fillets In Oregano Olive Oil",95,15
44085,"Vanilla Light & Fit Greek Yogurt",120,16
44089,"Concord Grape Juice",98,7
44090,"Roasted Pumpkin White Cheddar Tamales",13,20
44097,"Organic Original Hummus",67,20
44098,"Appley Ever After Organic Juice Drink",98,7
44099,"Organic Dried Porcini Mushrooms",63,9
44101,"Passion Fruit Ginger Ale",31,7
44103,"Honey Whole Wheat Bread",112,3
44113,"Organic Unfrosted Granny's Apple Pie Toaster Pastries",48,14
44116,"Goodness Grapeness Organic Juice Drink",98,7
44119,"Lite Salt",104,13
44120,"Organic Raw Almonds",117,19
44122,"Lemon Iced Tea",94,7
44123,"Colby Jack Cheese Sticks",21,16
44124,"Cappuccino non dairy frozen dessert",37,1
44126,"Organic Coriander Seeds",104,13
44127,"Graduates Cinnamon Graham Animal Crackers",92,18
44129,"Garlic Parmesan Deli Style Pretzel Crisps",107,19
44130,"Tea Tree Mint Treatment Shampoo",22,11
44133,"Sundried Tomatoes in Olive Oil",81,15
44134,"Olive Spray Oil, Extra Virgin, Non-Aerosol",19,13
44142,"Red Onion",83,4
44144,"Natural Skinless & Boneless Sardines In Water",95,15
44146,"Gluten Free Paleo Gnocchi",38,1
44156,"Strawberry on the Bottom Nonfat Greek Yogurt",120,16
44165,"Currants & Almonds in Dark Chocolate Bar",45,19
44166,"Allergy Relief Spray",11,11
44167,"Pacific Cooler Juice Drink",98,7
44169,"Bar Chocolate Almond Butter Puffed Quinoa",45,19
44170,"Tomato Basil Sauce",9,9
44172,"Movie Theater Butter Microwave Popcorn",23,19
44173,"Crisp Clean Antibacterial Hand Soap With Moisturizers Refill",127,11
44175,"Noodle Chicken",100,21
44177,"Large Grade A Eggs",86,16
44182,"Organic Greens Vegetable Chips",50,19
44187,"Protein Caramel Nut Chewy Bars",48,14
44193,"White Cannellini Kidney Beans",59,15
44201,"Original Gluten Free Crackers",78,19
44204,"Organic Honey Graham Crackers",78,19
44210,"Organic Portabello Mushroom Pasta Sauce",9,9
44212,"Chili Mix",104,13
44213,"Shrimp, Asparagus & Penne Pasta",38,1
44219,"Organic Multigrain Tortilla Chips Sub Lime",107,19
44224,"Fresh Scent Powerball Dishwasher Detergent",74,17
44229,"Original Black Bean with Sea Salt Bean Chips",107,19
44230,"Double Chocolate",8,3
44232,"Ant & Roach Killer Fragrance Free Insecticide",87,17
44233,"Multi Grain Crispbread",78,19
44234,"Squeeze Tomato Ketchup",72,13
44237,"Fresh Scent Bleach Foamer Bathroom Cleaner",114,17
44238,"Grape Kombucha",94,7
44245,"Honey Maid Graham Crackers",78,19
44254,"White Chocolate Raspberry Truffle Ice Cream",37,1
44257,"Mandarin Orange Sparkling Natural Spring Water",115,7
44262,"Chocolate Coconut Almond Milk",91,16
44263,"Port Wine Cheeseball Spreadable Cheeseball",2,16
44265,"Roasted white meat chicken, whole wheat noodles, green beans & carrots in a creamy chili peanut sauce. Thai-Style Noodles With Chicken",38,1
44267,"Sweet Tea W/Real Sugar Iced Tea",94,7
44268,"Porcini Mushroom Tortellini",12,9
44270,"Baked Cheese Puffs Real Cheddar Lunch Packs",107,19
44272,"Grinder Black Peppercorn",104,13
44275,"Mini Blueberry Muffins",93,3
44278,"Double Chocolate Chip Cookies",61,19
44280,"Beneful Healthy Fiesta with Real Chicken Dog Food",40,8
44282,"Himalania Fine Pink Salt",104,13
44283,"Organic Diced Tomatoes with Basil & Garlic",81,15
44284,"Plus OxiClean Stain Fighters Clean Meadow Liquid Laundry Detergent",75,17
44288,"Organic Bittersweet Chocolate",37,1
44289,"Organic Rainbow Gem Fingerling Potatoes, Bag",123,4
44290,"Unscented Bathroom Tissue",54,17
44292,"Premium Unsweetened Iced Tea",94,7
44293,"Organic Frosted Wildberry Acai Toaster Pastries",48,14
44296,"Nordic Berries, Multivitamin Gummies",47,11
44297,"Zucchini Gingerbread Carrot Smart Cookies",61,19
44299,"Healthy Organic Vinaigrette",89,13
44303,"Organic Shredded Unsweetened Coconut",17,13
44310,"Soft Pretzel Mini Buns",43,3
44319,"Colby And Monterey Jack Cheeses Finely Shredded",21,16
44325,"Elbow Macaroni Pasta",131,9
44327,"Organic Romaine Blend",123,4
44328,"Gluten Free Chocolate Dipped Donuts",52,1
44329,"Skillet Refried Red Beans Sautéed With Onion & Tomatillo",59,15
44331,"Grow & Gain Chocolate Shake Nutritional Drink",92,18
44337,"Iodized Salt & Pepper",104,13
44340,"Healthy Greens",98,7
44349,"Dry Roasted Pumpkin Seeds",117,19
44350,"Greek 100 Calories Whips! Blueberry Fat Free Yogurt Mousse",120,16
44354,"Cooking Sauce, La Pizza",81,15
44359,"Organic Small Bunch Celery",83,4
44361,"Spoon Size Wheat 'n Bran Shredded Wheat Cereal",121,14
44366,"Roasted Vegetable Tamale",38,1
44367,"Children's Pain and Fever Relief Cherry Blast Liquid",11,11
44368,"Fresh Mozzarella Cheese",21,16
44371,"Alaskan Salmon Burgers",34,1
44372,"Organic California Brown Basmati Rice",63,9
44375,"Canned Aranciata Orange",77,7
44377,"Pumpkin Spice Bread Mix",105,13
44384,"Honey Roasted Turkey",96,20
44385,"Cinnamon Toasters Cereal",121,14
44388,"Deep Moisture Pump Body Wash",127,11
44389,"Gluten Free Original Baguettes",58,1
44391,"Classic Corn Dogs",129,1
44393,"Whole Milk Plain Kefir",84,16
44395,"Fast Freeze Ice Bars",37,1
44396,"Organic Hazelnut Hemp Cacao Superfoods Bar",3,19
44397,"Organic European Style Sweet Unsalted Butter",36,16
44402,"Unsalted Chicken Cooking Stock",69,15
44404,"Apricot Fruit Spread Organic",88,13
44408,"Gluten Free Oatmeal Cookie Granola Bars Granola Bars",3,19
44409,"Twisted Berry Fruit & Veggie Juice",98,7
44410,"Peeled Baby Carrots",123,4
44413,"Sorbetto Alphonso Mango",37,1
44414,"Organic Coconut Date Rolls",117,19
44417,"Eez-Thru Icy Mint Flossers",20,11
44418,"Best Grains Bread 100% Whole Wheat Bread",112,3
44419,"Handy Candy Organic Grape Tomatoes",83,4
44422,"Organic Old Fashioned Rolled Oats",130,14
44424,"Organic Sun Dried Tomatoes",81,15
44426,"Happy Bellies Organic Oatmeal Baby Cereal",92,18
44430,"Lemon Meyer Bag",123,4
44437,"Kiwano Horned Melon",24,4
44439,"Organic Supersweet Cut Corn",116,1
44443,"Sun-Dried Tomatoes In Extra Virgin Olive Oil",81,15
44449,"Organic Tomato Sauce",81,15
44455,"Pasta Sides Butter Flavor Fettuccini",4,9
44457,"Snack Size Milk Chocolate Peanut Butter Cups",45,19
44460,"Original Kale Chips",50,19
44461,"Cling Wrap Clear Food Wrap",85,17
44470,"Backyard Variety Hard Strawberry Lemonade Hard Lemonade Hard Cranberry & Passion Fruit Lemonade Hard Tropical Mango Lemonade",27,5
44471,"Free & Clear Unscented Baby Wipes",82,18
44473,"Vanilla Cookies",61,19
44475,"Honey Bunches of Oats Honey Roasted with Almonds Cereal",121,14
44479,"Organic Stringles Mozzarella String Cheese",21,16
44485,"Salted Caramel Cashew Gluten Free Soft Baked Cookies",61,19
44486,"Crushed Pineapple in Juice",99,15
44487,"Lightly Salted Rice Cakes",78,19
44491,"All Natural Fresh Buttermilk Ranch Dressing Marinade",89,13
44497,"Fragrance Free Natural Care Wipes",56,18
44504,"Raisin Cinnamon Bread",112,3
44512,"Coconut & Warm Ginger Liquid Hand Soap",127,11
44514,"Yellow Straightneck Squash",83,4
44517,"Organic Calimyrna Figs",117,19
44522,"Recovery Energy + Hydration Lemonade Energy Drink",64,7
44523,"Deli Style Smoked Ham",96,20
44527,"Dark Chocolate Dipped Vanilla Ice Cream Bars",37,1
44533,"French Baguettes, Take & Bake, Twin Pack",112,3
44534,"Organic Pancake & Waffle Mix",105,13
44536,"Simple Favorites Five Cheese Rigatoni",38,1
44538,"Spring Meadow Scent Pods",75,17
44539,"Tartar Control Plus Whitening Toothpaste",20,11
44547,"Hot'n Spicy Chicken Wings",129,1
44548,"Barbecue Potato Chips",107,19
44557,"Organic Pear Mango Fruit Yogurt Smoothie",92,18
44560,"Kids Organic Chocolate Chip ZBars",3,19
44561,"Gluten Free Lemon Streusel Muffins",48,14
44562,"Toast & Peanut Butter Sandwich Crackers",78,19
44566,"Thick Cut Bacon",106,12
44568,"White Enriched Bread",112,3
44570,"Kale Greens",83,4
44575,"Maple Uncured Center Cut Bacon",106,12
44576,"Cheese Dog Treats",41,8
44578,"Vegetarian Roast",42,1
44579,"All-Purpose Unbleached Flour",17,13
44580,"Baby Bok Choy",83,4
44585,"Anti Viral Upright Facial Tissue",54,17
44590,"Sweet Italian Sasuage",106,12
44592,"Mango Carrot &  Greek Yogurt Baby Food",92,18
44594,"Special K Oats & Honey Cereal",121,14
44595,"Golden Oreo Thins",61,19
44596,"Vegetable Egg Rolls",129,1
44603,"6 Cheese Italian Shredded Cheese",21,16
44604,"Decaf House Blend K-Cup Deep Roast",26,7
44609,"Chocolate Graham Snacks",61,19
44612,"Meat-Free Savory Stuffed Turkey",42,1
44613,"Ice Cream, Organic, Land of Milk and Honey",37,1
44614,"Makeup Remover Cleansing Towelettes Refill",73,11
44616,"Chlorine Free Maxi Overnight Feminine Pads",126,11
44622,"Medium Cheddar Deli Sliced Cheese",21,16
44624,"Organic Jumbo Grade AA Brown Eggs",86,16
44625,"Natural Black Cherry Gels Gelatin Free Snacks",71,16
44626,"Ground Allspice",104,13
44628,"Organic Dijon Mustard",72,13
44629,"Chia Seed, Organic, Ground",117,19
44631,"Lemon Cucumber Sparkling Water",115,7
44632,"Sparkling Water Grapefruit",115,7
44634,"Beef Stroganoff",34,1
44635,"Salsa Con Queso Medium Dip",51,13
44636,"Organic Cameo Apple",24,4
44638,"Silk Floss",20,11
44640,"Premium Pinto Beans",59,15
44641,"Super Sweet Corn",123,4
44643,"Gallon Freezer Bags",85,17
44660,"Pro Health Clean Mint Fluoride Toothpaste",20,11
44661,"Bicolor Sweet Corn",83,4
44663,"Naturals Lite Goddess Dressing",89,13
44666,"Original Nooks & Crannies Cinnamon Raisin English Muffins",93,3
44667,"Super Moist Chocolate Fudge Cake Mix",105,13
44668,"Cold & Cough Cough Syrup",11,11
44669,"Raw Wildflower Honey",29,13
44670,"Restaurant Style White Bean with Sea Salt Bean Chips",107,19
44678,"Wild Blueberry Muffin & Quick Bread Mix",105,13
44683,"Brussels Sprouts",83,4
44689,"Chocolate Chip Cookie Dough Protein Bars",3,19
44696,"The Original Flavor 1 Oz Popcorn",23,19
44697,"Natural Sharp Cheddar Cheese",21,16
44698,"Wild Alaska Pink Salmon",95,15
44703,"Minis Coconut Milk Non Dairy Frozen Dessert Fudge Bars",37,1
44704,"Mini Ravioli",59,15
44710,"Delifresh Combos Turkey Breast and Ham",96,20
44712,"Chocolate Hazelnut Non-Dairy Beverage",91,16
44714,"Mint & Dark Chocolate",45,19
44717,"Organic Mini Sweet Peppers",123,4
44728,"Creamy Natural Peanut Butter And Flaxseed",88,13
44731,"Organic Stage 2 Spinach Lentil Brown Rice Baby Food",92,18
44739,"Sabadil Allergy Relief Homeopathic Medicine",11,11
44741,"Honey Whole Wheat",112,3
44745,"B12 Spray Kind Organics",47,11
44749,"Cookies, Chocolate Chip, Chocolate, Maple Bliss, Snack 'n Go Packs",61,19
44750,"Organic Lime",24,4
44752,"Organic Portobello Mushroom Caps",83,4
44753,"New York Super Fudge Chunk® Ice Cream",37,1
44754,"Fresh & Light® Quick Action Scented Multi-Cat Scoop Litter Cat Litter",41,8
44756,"Nighttime Sleep-Aid",11,11
44759,"Ground Cayenne",104,13
44761,"Salsa Verde",51,13
44765,"Colby Cheese Sticks",21,16
44771,"Baked Whole Grain Wheat Parmesan Garlic Triscuit",78,19
44780,"Fresh Coconut Water Probiotic Berry Flavor",70,11
44781,"0% Greek, Blueberry on the Bottom Yogurt",120,16
44786,"Oh My Yog! Organic Wild Quebec Blueberry Cream Top Yogurt & Fruit",50,19
44787,"Stage 1 - Just Prunes",92,18
44788,"Matzoh Ball Soup",33,6
44792,"Smart Ones Ravioli Florentine",38,1
44795,"Minneola Tangelo",24,4
44799,"Fresh CA Grown Eggs",86,16
44801,"Fresh Mint Toothpaste",20,11
44808,"Light Blackberry Yogurt",120,16
44811,"Crunchy Sunflower Seed Bites Sea Salt",107,19
44812,"Organic Bourbon Vanilla Whey Protein",65,11
44815,"Unsweetened Soy Milk",91,16
44817,"Original Pretzel Thins",107,19
44819,"Pepper Jack Cheese",21,16
44820,"Medium Roast Coffee",26,7
44825,"Brown Rice Crisps",121,14
44828,"Ranch Dressing & Dip",89,13
44829,"Organic 60% Cacao Spiced Chili Dark Chocolate Bar",45,19
44830,"All Natural Maple Almond Butter",88,13
44841,"Cedarwood Deodorant",80,11
44843,"Traditional Chicken Noodle Soup",69,15
44845,"Raw Cashew Nut Butter",88,13
44847,"Chicken & Tuna Feast Flaked Wet Cat Food",41,8
44848,"Cucumber & Sage Scent Facial Cleansing Towelettes",25,11
44850,"Ground Coffee Gran Selezione Dark Roast",26,7
44855,"Bold Habanero BBQ Almonds",117,19
44857,"Myoplex Original Chocolate Fudge Protein Shake",65,11
44864,"Baby 1st Foods Carrots",92,18
44867,"Soft & Chewy Candy",45,19
44870,"Franks",106,12
44873,"Organic Original Barbeque Sauce",5,13
44876,"Bacon",106,12
44880,"100% Organic Premium Whole Wheat Flour",17,13
44882,"Mandarin Clementine",24,4
44883,"Fudge Brownie Gluten Free Cookie Dough",105,13
44887,"Balsamic Imported Vinegar",19,13
44889,"Deli-Sliced, Hot Pepper Rings",110,13
44891,"Unsalted Slivered Almonds",17,13
44893,"Red",28,5
44895,"Oatmeal, Vermont Maple Syrup",52,1
44902,"Pineapple Coconut Sparkling Water",115,7
44904,"Garlic Salt",104,13
44908,"Beets",83,4
44910,"Organic Spring Mix Salad",123,4
44911,"Entrée Containers & Lids",85,17
44912,"Baking Powder",17,13
44914,"Easy Cheese Cheddar Cheese",51,13
44923,"Zesty Lemon Sorbet",37,1
44925,"Natural Provolone Cheese Slices",21,16
44926,"Tortilla Chips with Salt",107,19
44929,"Strawberries & Cream Instant Oatmeal",130,14
44931,"Max AAA Batteries",6,2
44932,"Forest Berry Natural Lowfat Yogurt",120,16
44943,"Life Cereal",121,14
44944,"Counter Domestic Parmesan Wedge",2,16
44945,"Original With Gain Scent Air Freshener Candle",101,17
44948,"Organic Z  Mixed Berry Fruit Rope",3,19
44949,"Organic Lowfat French Vanilla Yogurt",120,16
44953,"Organic Three Grain Tempeh",14,20
44954,"Kit Caesar Lite",123,4
44955,"Organic Ambrosia Apples",24,4
44961,"Ginger Snap Cookies",61,19
44964,"WOW Chocolate Chip Cookies",61,19
44968,"Savoy Cabbage",83,4
44970,"Oatmeal Chocolate Chip Bite-Lettes",8,3
44972,"Basic Toilet Paper Double Rolls",54,17
44979,"Papaya Nectar",98,7
44980,"The Original Multi Grain Bread",112,3
44987,"Heavy Whipping Cream",53,16
44989,"Organic Seaweed Snack Sea Salt",66,6
44990,"Complete Mint Flavor Satin Floss ",20,11
44995,"Coconut Sorbet",37,1
44996,"Keratin Oil Anti-Breakage Conditioner",22,11
45000,"With Shrimp Ramen Noodles",4,9
45002,"Organic Balsamic Vinegar Of Modena",19,13
45004,"White Multifold Towels",54,17
45005,"Sourdough Deli Bread",112,3
45007,"Organic Zucchini",83,4
45009,"Chocolate Chocolate Chip Ice Cream",37,1
45013,"Apple Sauce",99,15
45014,"Rotelle No 54",131,9
45025,"Easy Mac Triple Cheese",4,9
45029,"Wakame And Brown Rice Ramen",4,9
45035,"Coffee Flavor Yogurt",120,16
45036,"Organic Half Tea & Half Lemonade",94,7
45037,"Lemon Dish Liquid",74,17
45041,"Greek-Style Plain Yogurt",120,16
45044,"100% Organic Pure & Unfiltered Cold Pressed Flax Oil",47,11
45045,"Organic Stage 3 Pumpkin Cranberry Apple Baby Food",92,18
45050,"Veggie Juice -Apple, Strawberry, Beet, & Raisin",98,7
45051,"Pub Mix",107,19
45053,"Harvest Squash Turkey Country Dinner For Children 6 Months & Up",92,18
45054,"Combination Party Pizza",79,1
45056,"Everyone Lavender + Aloe Soap",25,11
45061,"Natural Vanilla Ice Cream",37,1
45063,"Organic Baby Bella Mushrooms",123,4
45064,"Honey Wheat Bread",112,3
45066,"Honeycrisp Apple",24,4
45074,"Chocolate Flourless Cake",8,3
45076,"Slow Churned Light Ice Cream Cookies 'N Cream",37,1
45081,"Gluten-Free Pancake Mix",130,14
45082,"Honey Oat Crunch Trail Mix Crunchy Granola Bars",3,19
45083,"Grassmilk Raw Sharp Cheddar Cheese",21,16
45084,"Gelato Fudge Brownie ",37,1
45089,"Jewish Rye & Pumpernickel Deli Swirl Bread",112,3
45093,"Authentic Mexican Shredded Cheese",21,16
45094,"Gluten Free Mild Whole Green Chiles",30,6
45097,"Sliced Pepperoncini",110,13
45099,"Steak Fries Thick-Cut French Fried Potatoes",129,1
45103,"Decaffeinated English Breakfast Black Tea",94,7
45104,"ALMONDBREEZE UNSWEETENED",91,16
45106,"Low Fat Strawberry Yogurt Tubes",120,16
45108,"Organic Uncooked Flour Tortillas",128,3
45113,"Artesian Water",115,7
45116,"Potatoes Sweet",83,4
45123,"Organic 21 Grain Thin Sliced Bread",112,3
45125,"Boil-In-Bag Whole Grain Brown Rice",63,9
45128,"Milk Chocolate M&Ms",45,19
45134,"Pirouette Chocolate Hazelnut Creme Filled Wafers",61,19
45138,"Deli Select Ultra Thin Rotisserie Seasoned Chicken Breast",96,20
45139,"Honey Mustard Avocado Oil Dressing",89,13
45143,"Organic Fillo Dough",58,1
45144,"Pumpkin Spice Blended Low-Fat Greek Yogurt",120,16
45149,"Chunk Light Tuna In Water",95,15
45154,"Pure & Smooth Green Tea",94,7
45156,"Blueberry B Smoothie",31,7
45158,"Hand Towels",54,17
45161,"Pistachio Pistachio Ice Cream",37,1
45162,"Just Sea Salt",23,19
45163,"Seaweed Rice Chips Sea Salt",107,19
45167,"Semi Soft Part-Skim Cheese",2,16
45169,"Roast Chicken Flavor Ramen Noodles",4,9
45171,"Old World Flatbreads Tuscan Six Grain Pizza Crust",128,3
45176,"Sugar Free Pecan Delight",45,19
45177,"Organic Chicken Noodles Soup",69,15
45180,"Arm & Hammer Kid's Spinbrush Marvel Heroes/The Amazing Spiderman Powered Toothbrush",20,11
45186,"Original Non-Dairy Coffee Creamer",53,16
45188,"Dairy Milk Fine Chocolate Candy Bar",45,19
45190,"Vodka",124,5
45191,"Garlic Thyme Baked Crackers",78,19
45192,"Soft And Strong Double Roll Bath Tissue",54,17
45193,"Brownies Ala Mode Ice Cream",37,1
45194,"Unsalted Sweet Cream Butter",36,16
45195,"Gluten Free Chicken Pot Pie",38,1
45200,"Organic Cauliflower",83,4
45202,"Windy City Crunch Salad",123,4
45204,"Sliced Pepperoni",96,20
45208,"Organic Cinnamon Graham Crackers",78,19
45210,"Organic Greek Lowfat Yogurt With Blueberries",120,16
45211,"Organic French Fingerling Potato",83,4
45215,"Extra Crispy Easy Fries Golden Crinkles",129,1
45217,"Pizza for One Original 4 Cheese Frozen Pizza",79,1
45221,"Indian Mattar Paneer",38,1
45223,"Just Green Unsweetened Tea",94,7
45224,"Fior Di Latte Mozzarella",21,16
45228,"Temptations Turkey Flavor Treats",41,8
45229,"Organic Chia Seeds",117,19
45234,"Original Thin Cheese Pizza",79,1
45239,"Special Recipe White Bread",112,3
45240,"Sausages, Little Pork",52,1
45246,"High Protein Pretzels",107,19
45249,"Gluten Free Chocolate Chunk Cookies",105,13
45253,"gel hand wash sea minerals",127,11
45258,"Parsley Flakes",104,13
45260,"Organic Virgin Coconut Oil",19,13
45264,"Pearl Onions",116,1
45265,"Raspberry on the Bottom Non-Fat Greek Yogurt",120,16
45267,"Oaxacan Red Chile Mole Simmer Sauce",30,6
45269,"Hot Oats Apple Cinnamon",57,14
45271,"Ice Cream, Black Cherry Chocolate Chip",37,1
45279,"Organic Fat Free Dha Omega 3 Milk",84,16
45281,"Marsala",134,5
45282,"Gluten Free Tofu Scramble Breakfast Wrap",52,1
45283,"Jumbo White Onions",83,4
45290,"Thin Spaghetti Pasta",131,9
45296,"Tostitos  Scoops",107,19
45302,"Mini Falafel With Tahini Sauce",1,20
45303,"Naturally Alkaline Spring Water",115,7
45309,"Purple Carrot & blueberry Puffs",92,18
45310,"Organic Peachy Green Tea",94,7
45311,"Protein Bar Maple Sea Salt",100,21
45312,"Clear Tone Pink Rosa Antiperspirant Deodorant",80,11
45316,"\""Mokaccino\"" Milk + Blue Bottle Coffee Chocolate",45,19
45318,"Onion Flavored Rings",107,19
45321,"Mini Corn Dogs",129,1
45322,"Cherry Chocolate",57,14
45325,"Oven Baked Original Potato Crisps",100,21
45330,"US Weekly",73,11
45334,"Chili Lime Hot Sauce",72,13
45335,"Double Rolls Unscented Bath Tissue",54,17
45345,"Spearmint + Lemongrass Hand Soap",25,11
45346,"Food for Cats, Chicken & Herring Formula",41,8
45351,"Sesame Ginger Low Fat Dressing",89,13
45356,"Gluten Free Dream Cookies Chocolate Vanilla Creme",61,19
45363,"Stewed Mexican Recipe Sliced Tomatoes",81,15
45364,"California Veggie Burgers - 4 CT",42,1
45368,"Roman Raspberry Sorbetto",37,1
45369,"Cherry Pomegranate Drink Mix",90,7
45371,"Soft Taco Size Flour Tortillas 10 Count",128,3
45374,"Newman O's Creme Filled Chocolate Cookies",61,19
45375,"Swiss Thick Slices Cheese",21,16
45392,"Unbleached 100% Recycled Bath Tissue (Double Rolls)",54,17
45393,"Cinnamon Raisin Sandwich Bread",112,3
45394,"Kellogg's Special K Strawberry Fruit Crisps 100 Calorie",48,14
45402,"Liquid White Eggs",86,16
45413,"Hand Wash Lavander Flower & Mint",25,11
45414,"Indulgent Mint & Dark Chocolate Greek Yogurt",120,16
45416,"Go Mango! Organic Dried Mango Slices",117,19
45421,"Fruit And Nut Medley Trail Mix",117,19
45432,"Brewmaster's Seasonal Sampler",27,5
45433,"Living Potted Rosemary",16,4
45437,"Sea Salt Made With Organic Grain Rice Chips",107,19
45438,"Select 2% Reduced Fat Milk",84,16
45441,"Reese Puffs Peanut Butter Cereal",121,14
45443,"Flip Chocolate Haze Craze Low-Fat Greek Yogurt",120,16
45445,"Organic Bagged Mini Dark Peanut Butter",45,19
45446,"Yogurt, Organic, Lowfat, Strawberry",120,16
45447,"Gluten Free Covered Pretzels Yogurt",107,19
45448,"Peanut Butter Protein Replenishment Macrobar",3,19
45453,"Tomato Medley",83,4
45454,"Classic Soft Pretzels",129,1
45455,"Powder Anti-Perspirant Deodorant",80,11
45463,"Honey Roast Turkey Breast",96,20
45464,"Candy Coated Milk Chocolates",45,19
45465,"Shredded Swiss Cheese",21,16
45468,"Lowfat Chocolate Milk",84,16
45481,"Petit Creme Brie",2,16
45483,"Signature Classics Fettuccini Alfredo",38,1
45488,"Classic Hot Dog Buns",43,3
45492,"Cereal with Real Strawberries",121,14
45495,"Pear Kiwi & Kale Baby Food",92,18
45497,"Organic Sliced Mild Cheddar",120,16
45500,"Shredded Medium Cheddar Cheese",21,16
45504,"Whole Organic Omega 3 Milk",84,16
45508,"Fruit Pie Apple",61,19
45511,"Extra Beer Bottles",27,5
45525,"Organic Caramel Toffee Crunch Ice Cream",37,1
45531,"Original Coffee Creamer",53,16
45535,"Organic Low Sodium Chicken Broth",69,15
45537,"Classic Round Crackers",78,19
45540,"Almond-Aloe Moisturizer SPF 15",109,11
45541,"The Tonight Dough™ Ice Cream",37,1
45542,"Wasabi Green Peas",117,19
45543,"Medium Buffalo Wing Sauce",5,13
45544,"Organic Plain Nonfat Greek Yogurt",120,16
45548,"Cheese Filled Blintzes Crepes",33,6
45554,"Barbecue Chicken Breast Slices",96,20
45562,"Blueberry Yogurt Protein Drink",120,16
45566,"Clean Up Cleaner with Bleach Fresh Scent",114,17
45570,"Organic Greek Plain Nonfat Yogurt",120,16
45575,"Dark Chocolate Calcium Supplement",47,11
45578,"Dark Sweet Cherries",116,1
45580,"Super Morning Organic Apples, Cinnamon, Yogurt & Oats + Super Chia Snack",92,18
45582,"Cavatappi No. 87 Macaroni",131,9
45583,"Prime Energy Chews, Fruit Punch",64,7
45584,"Farmhouse Waffle & Pancake Mix",130,14
45586,"Premium Starch With Fibrenhancer",75,17
45588,"Pizzeria Style Classic Crust Pepperoni Pizza",79,1
45591,"Hazelnut Chocolate Non-Dairy Beverage",91,16
45592,"Unstopables Fresh In-Wash Scent Booster Fabric Enhancer",75,17
45594,"Goats Milk Feta",21,16
45596,"Smart Start Original Antioxidants Cereal",121,14
45599,"Organic Strawberry Lemonade Fruit Juice Drink",31,7
45603,"Trilogy Kombucha Drink",31,7
45607,"Butter Cooking Spray",19,13
45608,"Kosher Salt",104,13
45610,"Sweet Potato Fries",123,4
45613,"Pad Thai",38,1
45615,"Organic Apple Sauce",99,15
45616,"Organic French-Style Meyer Lemon Yogurt",120,16
45619,"G Series Blueberry Pomegranate",64,7
45622,"Paper Towels Choose-A-Sheet, Mega Rolls, One-Ply",54,17
45628,"Mango Rosewater Lassi Yogurt Drink",120,16
45630,"Apple & Grape Puree",92,18
45633,"Organic Beef Hot Dogs",106,12
45635,"Blueberry B Fruit Smoothie",31,7
45636,"Cranberry Pomegranate Sparkling Yerba Mate",94,7
45638,"Aged Balsamic Vinegar",19,13
45639,"Ketchup",72,13
45645,"Dark Chocolate Nuts & Sea Salt Bars",3,19
45646,"Grated Parmesan Cheese",21,16
45650,"Irish Breakfast",94,7
45656,"Whole Grain Brown Rice",63,9
45657,"Gain Original Tall Ktchen Bags",60,17
45664,"Onion Powder",104,13
45666,"Butterfinger Minis",45,19
45668,"Smoked Salmon Cream Cheese Spread",108,16
45669,"Steak & Roasted Potato Dinner",38,1
45671,"Lite Italian Dressing",89,13
45673,"Chicken Sausage Pizza",79,1
45674,"Antioxidant Infusions Molokai Coconut",31,7
45676,"Oil Free Acne Stress Control Power Clear Scrub",73,11
45679,"Gluten Free Cheddar Macaroni & Cheese Rice Pasta",4,9
45680,"2nd Foods Organic Banana Blueberry & Blackberry Oatmeal Pouches",92,18
45681,"Americone Dream® Ice Cream",37,1
45682,"Organic Turkish Apricots",68,10
45683,"Heavy Duty Scrub Sponge",114,17
45687,"Diet Cranberry Fruit Juice",98,7
45688,"Dark Chocolate Goji & Raspberry Flavors",45,19
45692,"Butter Snap Pretzels",107,19
45694,"Caesar Dressing",89,13
45695,"Organic Rice Vegetable Twists Pasta",131,9
45698,"One Ply Choose A Size Big Roll Paper Towel Rolls",54,17
45701,"60% Dark Chocolate Drenched Bing Cherries",45,19
45714,"Solid White Albacore in Vegetable Oil Tuna",95,15
45717,"Concord Grape Jam",88,13
45721,"Pineapple Soft Serve Fruit Pops",37,1
45723,"Harvest Snaps Wasabi Ranch",107,19
45724,"Mexican Kitchen Style Tortilla Chips",107,19
45739,"Gold Bears Gummi Candy",45,19
45741,"Chicharrones Fried Pork Rinds",107,19
45747,"Curate Melon Pomelo Sparking Water",115,7
45748,"Strawberry Jam",88,13
45751,"Light Weight Instant Action  Litter",41,8
45753,"Creamy Classic Vanilla Frosting",97,13
45757,"Picnic Potato Salad",1,20
45761,"Turkey Breast Thin Sliced Honey Roasted Deli Select",96,20
45762,"Bread Fampak Tortilla",128,3
45763,"Mini Seedless Cucumbers",83,4
45765,"Bun Size Franks made with Pork & Chicken",106,12
45766,"Original Beverage",98,7
45767,"Sunny Days Strawberry Snack Bars",92,18
45768,"Organic Red Lentil Mini Fettuccine",131,9
45769,"Black Cherry",71,16
45770,"Lemonade Pure Coconut Water",98,7
45771,"Boston / Butter Lettuce",83,4
45774,"Organic Sweet Greens and Ginger Juice Blend",31,7
45775,"Fluoride Toothpaste, Orange Mango, Gel",20,11
45787,"Ultra Comfort Care Double Roll Toilet Paper",54,17
45788,"Garlic Lovers Hommus",67,20
45793,"100% Apple Juice, Original",98,7
45795,"Super Puffs Spinach & Apple Fruit & Veggie Grain Puffs",92,18
45806,"Pepproni Pockets",79,1
45807,"Tea, Radiant Raspberry",94,7
45810,"Wagon Wheels Mac + Cheese",38,1
45815,"Organic Florets Broccoli",116,1
45817,"Italian Formaggio Tomato, Ricotta & Parmigiano Reggiano Pasta Sauce",9,9
45830,"Koloa Estate Medium Roast Ground Coffee",26,7
45832,"Veranda Blend Blonde Keurig Cups",26,7
45835,"Ultra Strong Mega Bathroom Tissue Rolls",54,17
45840,"100% Pure Apple Juice",98,7
45842,"Natural Sour Cream",108,16
45854,"Garbanzos Chick Peas",59,15
45856,"Cherry Vanilla Granola",6,2
45860,"Poblano Pepper & Corn Chowder",69,15
45862,"Broccoli Floret",123,4
45865,"Meatless Breakfast Patties",52,1
45866,"Fig Newmans Fruit Filled Cookies",61,19
45869,"Beet Chips Naked",107,19
45870,"Quinoa, Organic, Whole Grain",63,9
45873,"Chai Spice Black Tea Bags",94,7
45875,"7 Grain Lite Crispbread",78,19
45877,"Hershey's Chocolate Creme Pie Singles",119,1
45879,"Strong Honey Mustard Bar",3,19
45882,"Blue Bottle Vietnamese Coffee Ice Cream",37,1
45883,"Egg Noodles Extra Broad",131,9
45884,"Tulips",6,2
45885,"Mara Natha Organic Peanut Butter Crunchy",88,13
45886,"Tahini",72,13
45896,"Herb Roasted Chicken Dinner",38,1
45900,"New Orleans Blend",26,7
45906,"Organic Strawberry Ice Cream",37,1
45913,"Yellow Cake Mix",105,13
45916,"Stringles Organic Colby Jack Cheese",21,16
45918,"Coconut Butter",19,13
45920,"Spearmint",46,19
45924,"Triple Distilled Vodka",124,5
45930,"Small Curd Low Fat Cottage Cheese",108,16
45933,"Shin Ramyun Gourmet Spicy Noodle Soup",66,6
45937,"Crispy Fruit, Apple",117,19
45938,"Best Cannellini White Kidney Beans",59,15
45946,"Organic Greek Plain Lowfat Yogurt",120,16
45948,"Gluten Free 7 Grain Bread",112,3
45951,"Kosher Dill Halves Pickles",110,13
45954,"Premium Calcium & Vitamin D No Pulp Orange Juice",31,7
45955,"Truffle Tremor Cheese",2,16
45957,"Peach Mango Salsa",51,13
45960,"Organic French Dressing Organic",89,13
45961,"Reduced Fat Medium Cheddar Cheese",21,16
45962,"Boneless Lamb For Stew",122,12
45965,"Steel Cut Oats",130,14
45970,"Organic Black Beans Ready To Eat In Pouch",50,19
45977,"Breakfast Honey Oat Gluten Free Non GMO 5 Super Grains Bar Packs",93,3
45984,"Margherita With Sausage Pizza",79,1
45989,"8 Whole Grains Lite Frozen Waffles 6 ct",52,1
45994,"Chicken Franks",106,12
45998,"Vinho Verde",62,5
45999,"Brioche",43,3
46004,"Bundle of Powerfood",13,20
46009,"Sugar Free Mints",46,19
46015,"100% Colombia Supremo Medium",26,7
46021,"Miya's Guacamole",51,13
46022,"Baked Whole Grain Wheat Original Crackers Thin Crisps",78,19
46023,"Harvest Peach Yogurt",120,16
46025,"Pineapple Slices in 100% Pineapple Juice",99,15
46026,"Especial",27,5
46029,"Stoned Wheat Thins Crackers",78,19
46031,"Taco Spices and Seasonings",5,13
46041,"Beef Franks",106,12
46044,"Tequila",124,5
46045,"Reduced Fat Irish Butter",36,16
46047,"Organic Original Acai Berry + Guarana Smoothie Packs",116,1
46049,"Salt & Pepper Krinkle Chips",107,19
46050,"Graduates Pasta Pick-ups -  Turkey & Vegetable Ravioli",92,18
46051,"Vermicelli Noodles",66,6
46052,"Mountain berry Blast Sports Drink",64,7
46056,"Cut Crystal Plastic Cups",111,17
46057,"Wet Skin Kids Sunscreen Spray Broad Spectrum SPF 70+",127,11
46058,"Multi Grain Cheerios",121,14
46059,"All Whites 100% Liquid Egg Whites",86,16
46060,"Brown Rice Pasta, Fettuccini Style, Pad Thai",131,9
46061,"Popcorn",23,19
46062,"Original Sweet Chili Dipping Sauce",66,6
46063,"Wisconsin Sharp Cheddar",52,1
46064,"Lightly Salted Brown Rice Cakes",78,19
46065,"Double Chocolate Muffins",93,3
46069,"Supergreens!",123,4
46075,"Mild Cheddar Semisoft Cheese",21,16
46076,"Nebraska Barn Raising Split Pea Soup Mix",69,15
46077,"Chopped Blends With Beef, Carrots, Peas & Barley Dog Food",40,8
46082,"Plus Blueberry Apple & Purple Carrot Organic Superfoods",92,18
46087,"Gluten Free Homestyle Hot Oatmeal",130,14
46088,"Beer",27,5
46093,"Mango Cream Frozen Fruit Bar",37,1
46096,"Organic Brown Rice Vinegar",66,6
46097,"Instant Breakfast Essentials Rich Milk Chocolate Drink Packets",90,7
46099,"Rich and Creamy Coffee Grand Ice Cream",37,1
46100,"Allergen Reducer",101,17
46104,"Classic Cheese Dogs",106,12
46106,"Organic Sriracha Hummus",67,20
46107,"Whole Wheat Crackers",78,19
46108,"Sugar Free Chocolate Chip Cookies",61,19
46113,"1 Razor Handle and 2 Freesia Scented Razor Refills  Premium BladeRazor System",55,11
46123,"Cookies 'N Cream Ice Cream",37,1
46128,"Prime Filets with Salmon & Beef in Sauce Cat Food",41,8
46129,"Versatile Stain Remover",75,17
46131,"Deluxe Whole Cashews",117,19
46134,"Organic Lowfat Eggnog",84,16
46138,"Cookies & Cream Ice Cream",37,1
46139,"Italian Batard",112,3
46145,"Whole Berry Cranberry Sauce",99,15
46147,"Organic Tomato Ketchup",72,13
46149,"Zero Calorie Cola",77,7
46154,"Quemada Fire Roasted Medium Salsa",51,13
46161,"Frozen Potato Onion Cheddar Pierogies",129,1
46163,"Toll House Real Semi-Sweet Chocolate Chunks",17,13
46166,"Whole Milk Yogurt Organic Indonesian Vanilla Bean",100,21
46167,"Mild Diced Tomatoes & Green Chilies",81,15
46169,"Pure Honey",29,13
46171,"Southwestern Veggie Breakfast Bowl",52,1
46172,"Three Meat & Four Cheese Lasagna",38,1
46175,"Half Baked® Ice Cream",37,1
46176,"Organic Apple Cider Vinaigrette",89,13
46181,"Strawberry Basil Iced Tea Pouches",94,7
46184,"Original Pre-Moistened Wipes",114,17
46188,"Pasta Angel Hair",131,9
46189,"Cantina Thin & Crispy Tortilla Chips",107,19
46194,"Burrata",21,16
46203,"Original Strawberry Gelatin Snacks",71,16
46206,"Red Grapefruit",24,4
46217,"Sriracha Peas",66,6
46222,"Original Ranch Salad Dressing & Seasoning Mix",89,13
46225,"Complete Multi-Benefit™ Whitening + Scope Toothpaste",20,11
46226,"Thick & Crispy Tortilla Chips",107,19
46227,"Organic Pita Bread",128,3
46228,"White Cheddar Mac & Cheese & Bacon",38,1
46229,"Fruit & Nut Bar Blueberry Vanilla & Cashew",3,19
46236,"Organic Fair Trade Comapi Raw Honey",29,13
46239,"Oat Fit Maple & Brown Sugar Instant Oatmeal",130,14
46242,"Rosemary Leaves",104,13
46243,"With Ocean Fish & Salmon Cat Food",41,8
46244,"Ready Rice Chicken Flavored Whole Grain Brown",4,9
46245,"Nuggets Special Dark with Almonds",45,19
46251,"Sinus-Max Maximum Strength Liquid Gels Severe Congestion Relief",11,11
46252,"Original Thin Rye Crispbread",78,19
46257,"Protein Bar, High, Cookies & Cream",3,19
46260,"Tortilla Chips, Mexican Kitchen Style, Salted",107,19
46261,"Anti Dandruff 2 in 1 Shampoo",22,11
46266,"California Heirloom Monviso Peeled Garlic",32,4
46271,"Unmodified Potato Starch",17,13
46274,"Ready Snax Veggie & Cheese With Ranch Dip",123,4
46279,"Lactose Free Organic Whole Milk Plain Yogurt",120,16
46281,"Wild Natural Lingonberries",88,13
46282,"Chicken tenderloins in a tangy sweet & sour sauce with rice Sweet & Sour Chicken",38,1
46284,"Wheat Bread",112,3
46286,"Original Fresh Wet Cleansing Towelettes",73,11
46287,"Crisp Linen Disinfectant Spray",114,17
46294,"Organic Parsley",16,4
46303,"Gluten Free Rice Crust Pizza With Cheese",79,1
46304,"Protein Smoothie Choc-a-lot Flavor",65,11
46305,"Capers",110,13
46306,"100% Pure Avocado Oil",19,13
46307,"Original Fully Cooked Pork Sausage Patties",106,12
46309,"Fuji Apples Bag",24,4
46311,"Amber Hard Cider",27,5
46313,"Baby Swiss Slices Cheese",21,16
46321,"Vanilla Almond Butter",88,13
46323,"Mini Powdered Donuts",61,19
46325,"Original Sparkling Water",115,7
46326,"Grade A Pasturized Lowfat Cottage Cheese",108,16
46327,"Raspberry Light & Fit Greek Yogurt",120,16
46331,"Dark Chocolate Sea Salt Caramels",45,19
46332,"Value Pack Breast Nuggets",34,1
46336,"Sheer Extra Large All One Size 1 3/4\"" X 4\"" Value",118,11
46339,"YoTot Apple Sweet Potato with Fruit & Veggies Organic Whole Milk Shutterfly Promo Organic Yogurt",92,18
46341,"Spa Cuisine Butternut Squash Ravioli",38,1
46346,"Sweet Potato Fries with Sea Salt",129,1
46347,"100% Whole Wheat",112,3
46352,"Peachy Keen Organic Level 1",92,18
46359,"Organic Ground Ginger",104,13
46361,"Tortilla Triangles Restaurant Style Chips",107,19
46363,"Red Papaya",24,4
46372,"Squeezed Orange Juice",31,7
46374,"Petite Creme Lowfat Blueberry Yogurt",120,16
46375,"Asparagus & Aged Italian Cheese Cappellacci",12,9
46377,"Mixed Berry Goat Milk Yogurt and Fruit",120,16
46378,"Dark Chocolate Chili Almond Nuts & Spices",3,19
46383,"Imported Capote Capers",110,13
46386,"Ground Sirloin Beef",122,12
46388,"Sweet & Salty Nut Cashews Granola",3,19
46391,"Chicken Nuggets & Fries",38,1
46393,"Harvest Casserole Bowls",38,1
46394,"Fancy Whole Artichoke Hearts",81,15
46400,"Kosher Petite Dills",110,13
46402,"With Raspberry Lemonade",31,7
46413,"Lavender Scent Laundry Detergent",75,17
46417,"Catalina Fat Free Dressing",89,13
46425,"Veggie Snack, Freeze-Dried Edamame, Onion & Chive",50,19
46429,"Party Size Sour Cream & Onion Potato Chips",107,19
46435,"Natural Colby Jack Cheese Slices",21,16
46440,"Traditional Panettone",6,2
46444,"8\"" Cherry Pie",8,3
46448,"Pepperidge Farm Goldfish Neon Colors Baked Snack Crackers",78,19
46453,"Organic Sugar",17,13
46455,"Hand Wash, Green Tea + Aloe",127,11
46462,"Crossovers Caramel Hny Almond",117,19
46465,"No Drip Severe Congestion Pump Mist Fast, Powerful Congestion Relief Maximum Strength Plus Menthol",11,11
46470,"Hand Soap Lemongrass",25,11
46473,"Pure Vanilla Extract",17,13
46474,"Organic Cold Pressed Pure Black Cherry Juice",98,7
46475,"Chocolate Chip Cookie Dough Frozen Greek Yogurt Bars",58,1
46478,"Rosemary Mint Liquid Soap",25,11
46479,"Turkey Breast",96,20
46480,"Macaroni & Cheese Deluxe Four Cheese Sauce Dinner",4,9
46484,"Peanut Butter Dark Chocolate + Protein Nutrition Bar",3,19
46485,"Natural Lemon Flavor Sparkling Mineral Water",115,7
46486,"Vanilla Gluten Free Wafers",61,19
46496,"Z Bar Protein Peanut Butter Chocolate Protein Snack Bar",3,19
46497,"Aunt Mary Ann's Sunday Marinara Pasta Sauce",9,9
46505,"Organic Long Grain Brown Rice",63,9
46507,"Simple Syrup",6,2
46510,"Trop50 Some Pulp Orange Juice",31,7
46511,"Organic Jellied Cranberry Sauce",51,13
46512,"Restorative Biotin Shampoo",22,11
46513,"All Natural Classic Guacamole",67,20
46514,"Oikos Traditional Cafe Latte Greek Yogurt",120,16
46515,"Cheez-It Packs",107,19
46516,"Sesame Bagels",93,3
46521,"Variety",107,19
46522,"Spaghetti Pasta",131,9
46524,"Natural Peanut Butter Crunchy and Flaxseed",88,13
46526,"French Green Beans",123,4
46533,"Organic Toasted Sushi Nori",66,6
46539,"Diet Tangerine Lime Natural Soda",77,7
46541,"Corn Flakes",121,14
46542,"100% Cotton 16 Ply Strength 25 ft Cooking Twine",10,17
46556,"Italian Dry Salami",96,20
46558,"100% Whole Wheat Burger Buns",43,3
46561,"Organic Superfood Oat Based Espresso Maca Mulberry Cereal",130,14
46562,"Sweet & Salty Nut Granola Bars Peanut",3,19
46564,"Air Effects Air Refresher Greek Seaside",101,17
46565,"Gluten Free White Cheddar Rice Thin Crackers",78,19
46567,"Citron Lemon Lime Sparkling Water",115,7
46569,"Lower Sodium Garden Vegetable Soup",69,15
46572,"Sweet Rolls",43,3
46575,"Organic Finely Shredded Cheddar Cheese",21,16
46577,"Ham and Cheese Snack Bites",129,1
46584,"YoKids Blueberry & Strawberry/Vanilla Yogurt",120,16
46586,"Diet Peach",94,7
46587,"Pearl Couscous Natural",63,9
46591,"Organic Greek Olive Mix",110,13
46593,"Natural Strawberry Ice Cream",37,1
46595,"Original Chocolate Pudding Snacks",71,16
46605,"Chocolate Croissant",93,3
46606,"Avant California Chardonnay",62,5
46607,"StackerMallows Marshmallows",17,13
46608,"Free & Clear Newborn Up To 10 lbs Baby Diapers",56,18
46611,"Baby Swiss Cheese",21,16
46616,"Organic Dark Chocolate Peanut Butter Cups",45,19
46620,"Cage Free Extra Large Grade AA Eggs",86,16
46626,"Peppermint & Citrus Hand Sanitizer Spray",118,11
46627,"Sesame Blues Corn Tortilla Chips",107,19
46630,"Brat & Sausage Rolls",43,3
46631,"Marrakesh Mint Green Tea",94,7
46632,"Gold Kiwi",24,4
46634,"Lite Sweet Vidalia Onion Dressing",89,13
46635,"Organic Blue Corn Chips",107,19
46638,"Wellness Formula",47,11
46639,"Cranberry Raspberry 100% Juice",98,7
46642,"Mild Heat Level Lamb Saag with Basmati Rice",38,1
46650,"Special Reserve Extra Sharp Cheddar Cheese",21,16
46654,"Organic Grade A Large Brown Eggs",86,16
46656,"Butter Microwave Popcorn",23,19
46660,"Scrimshaw Pilsner Style Beer",27,5
46662,"Sugar Free Gum Winter Frost",46,19
46665,"Pesto Alla Genovese Basil",9,9
46666,"Rocky Road Ice Cream",37,1
46667,"Organic Ginger Root",83,4
46669,"Ibuprofen",133,11
46670,"Vegenaise Soy-Free",72,13
46672,"Complete Clean Power Toilet Bowl Cleaner",114,17
46673,"Ultra Original Scent Dishwashing Liquid",74,17
46674,"TruMoo 1% Lowfat Milk Chocolate",84,16
46676,"Total 0% Nonfat Greek Yogurt",120,16
46677,"Italian Dressing",89,13
46680,"Tall Entree Containers & Lids Containers, Tight Seal, Large Squares",85,17
46685,"Spinach Spaghetti Style Brown Rice Pasta",131,9
46686,"Totopos De Maiz Mexican Style Corn Chips",107,19
46688,"Medium Spicy Kimchi",66,6
46692,"Multigrain Tortilla Chips",107,19
46698,"Extra Large Pitted California Ripe Olives",110,13
46699,"Carrot Cake Slice",8,3
46703,"Shelled Soybeans Edamame",116,1
46706,"Goober Grape Peanut Butter and Jelly Spread",88,13
46709,"Gluten Free Old Fashioned Rolled Oats",130,14
46719,"Wavy Hickory BBQ",107,19
46720,"Organic Free Range Chicken Broth",69,15
46724,"Honey Vanilla Chamomile Caffeine-Free Herbal Tea",94,7
46725,"Champagne, Extra Dry, Sparkling California",134,5
46737,"2x Ultra Liquid Laundry Detergent",75,17
46738,"Microwave in Bag Green Beans",123,4
46747,"Dill & Sour Cream Plentils",107,19
46749,"Crunchy Cheese Flavored Snacks",107,19
46755,"Dark Chocolate with 88% Cocoa",45,19
46758,"Organic Italian Balsamic Vinegar",19,13
46763,"Corn Chips Mexican Style, No Salt",107,19
46769,"Gin Gins Spicy Apple Ginger Chews",50,19
46770,"Raw Hummus",51,13
46779,"Raisin Cinnamon Swirl Bread",112,3
46782,"Yellow Corn Taco Shells - 12 CT",30,6
46785,"Shredded Red Cabbage",123,4
46787,"Fat Free Cottage Cheese",108,16
46788,"Moisture Rich Luxurious Shampoo with Pump",22,11
46799,"Pepper Sauce",72,13
46802,"Pineapple Chunks",116,1
46803,"Soft & Smooth Made with Whole Grain White Twin Pack Bread",112,3
46804,"Baking Soda",17,13
46805,"Roasted Red Peppers In Water",81,15
46807,"Bananas, Raspberries & Oats Organic Baby Food",92,18
46811,"1/3 Less Fat Cream Cheese",108,16
46812,"Natural Buttermilk Pancake & Waffle Mix",130,14
46813,"Tropical Flavored Sports Drink",64,7
46817,"Non Fat Black Cherry on the Bottom Greek Yogurt",120,16
46820,"Vanilla Pure Almond Milk",91,16
46821,"Allergy 24 Hour 10mg (Individual Blisters) Tablets",11,11
46822,"Ice",37,1
46823,"The Ultimate Beefless Burger",42,1
46824,"Sweet & Sour Mix",6,2
46827,"Extra Strength Acetaminophen, Aspirin (NSAID) and Caffeine Caplets Pain Reliever/Pain Reliever Aid",133,11
46831,"Triple Zero Banana Creme Oikos Greek Yogurt",120,16
46834,"Pitted Red Tart in Water Cherries",99,15
46839,"Calorie Free Jamaican Ginger Ale",77,7
46842,"Plain Pre-Sliced Bagels",93,3
46844,"Simple Favorites Lasagna with Meat Sauce",38,1
46845,"Freeze Dried Apple & Mango Tiny Fruits",50,19
46847,"Quick Cooking Rolled Oats Irish Oatmeal",130,14
46850,"Pull‑Ups Learning Designs Boys Size 2T-3T Training Pants Disney Pixar",56,18
46851,"Bold & Spicy",5,13
46853,"Power C Machine All Natural Fruit + Boost Juice Smoothie",31,7
46855,"Organic Wedge Cut Oven Fries",116,1
46866,"Straw-Ber-Rita Margarita with a Twist",27,5
46868,"Organic Ancient Grains Granola",57,14
46870,"Cheddar Cheese Rice Crisps",78,19
46875,"50% Less Sodium Kidney Beans",59,15
46876,"Gluten-Free Sour Cream & Onion Quinoa Chips",107,19
46877,"100 Calorie Healthy Pop Butter 1.2 Oz Mini Bags Microwave Pop Corn",23,19
46880,"Sparkling Elderflower Juice",77,7
46881,"Aged White Cheddar Baked Rice And Corn Puffs",107,19
46882,"Unstopables Downy Unstopables Lush In-Wash Scent Booster Fabric Enhancer 13.2oz Fabric Enhancers",75,17
46886,"Raspberry Yoghurt",120,16
46887,"Windex Electronic Wipes",114,17
46890,"Strawberry Cream Pie Pops",37,1
46893,"Cat Treats - Mix Ups Catnip Fever",41,8
46900,"Organic Chicken Noodle Soup",69,15
46901,"Culinary Stock, Beef Style",69,15
46902,"Organic Kale Krunch Superfood",50,19
46906,"Grape White/Green Seedless",24,4
46908,"Sugarfree Cinnamon Chewing Gum",20,11
46913,"Chao, Vegan, Tomato Cayenne, Slices",21,16
46914,"Pineapple Slices In 100% Pineapple Juice",99,15
46916,"Organic Really Peely Bendy Berry Fruit Tape",50,19
46921,"Savory Shreds with Salmon in Sauce Cat Food",41,8
46923,"Grand Vanilla Ice Cream",37,1
46928,"Complete Skillet Meal For Two Beef & Broccoli",129,1
46931,"Peaches",24,4
46932,"All Natural Coconut Water",98,7
46933,"Cheesy Jalapeno Popped Corn Chips",107,19
46934,"Olive Oil Mayonnaise",19,13
46935,"Yucca Root",83,4
46941,"Provolone Slices",21,16
46945,"Curly Parsley",16,4
46947,"Premium Roman Beans",59,15
46949,"Eat Your Colors Reds Puree Baby Food",100,21
46955,"Organic Mountain Berry Spinach",50,19
46958,"Org Romaine Hearts 3 Pk",83,4
46962,"Organic Ground Cumin",104,13
46969,"Organic Bosc Pear",24,4
46979,"Asparagus",83,4
46984,"Organic Coconut Spread",91,16
46988,"Whole Wheat Baguette",112,3
46990,"Ground Buffalo",7,12
46992,"Real Cheddar Baked Cheese Puffs",23,19
46993,"Organic Bakery Hamburger Buns Wheat - 8 CT",43,3
46995,"Tallulah Extra Pale Ale",27,5
47000,"Ultra Soft Toilet Paper",54,17
47005,"Lightly Toasted Creamy Almond Butter",88,13
47006,"Steak Sauce",5,13
47008,"Sliced Water Chestnuts",66,6
47011,"Organic Ginger Limeade Fruit Juice Drink",31,7
47013,"Gfluten Free Coconut Macaroona",8,3
47015,"The Mission Raw Honey",29,13
47017,"Original Kettle Cooked Sweet Potato Chips",107,19
47018,"100% Premium Select Not From Concentrate Pure Prune Juice",98,7
47021,"Plain Dairy Free Cream Cheese Alternative Classic",108,16
47026,"Blueberry Passion Fruit Sorbetto",37,1
47029,"Organic Greek Nonfat Yogurt With Mixed Berries",120,16
47034,"Fruit Spread, Strawberry",88,13
47042,"Organic Red On the Vine Tomato",83,4
47044,"Organic Soups Low Fat Split Pea",69,15
47048,"High Potency Biotin 5 mg Vegan Capsules",47,11
47049,"Baby Food Pouch - Kale, Sweet Corn & Quinoa",92,18
47050,"Cocoa Krispies Cereal",121,14
47052,"Graduates Puffs Cereal Snack Blueberry",92,18
47058,"Freshly made pasta in a Real Cheddar cheese sauce Macaroni & Cheese",38,1
47059,"Original Tofurky Deli Slices",14,20
47061,"Organic Peanut Oil",19,13
47062,"Lavender Relaxing Essential Oil",101,17
47065,"Semolina Flour",17,13
47077,"All-In-One Nutritional Shake French Vanilla",65,11
47079,"Fresh 'n Clean Sliced Mushrooms",100,21
47083,"Gel Hand Wash Refill Sweet Water",127,11
47087,"Total 0% Blueberry Acai Greek Yogurt",120,16
47091,"Non Alcoholic Amber Beer",27,5
47098,"Original Canned Diced Tomatoes & Green Chilies",81,15
47099,"Oyster Sauce",72,13
47100,"Fire Roasted Diced Tomatoes With Seasonings",81,15
47105,"Organic Pineapple Cottage Cheese",100,21
47107,"4% Milkfat Small Curd Grade A Pasteurized Cottage Cheese",108,16
47111,"Spicy Black Bean Burger",42,1
47112,"Santa Fe Style Rice & Beans",38,1
47114,"Classic Green Tea",94,7
47115,"Favorites Super Moist Butter Recipe Yellow Cake Mix",105,13
47117,"Sweet Chilli Sauce",72,13
47119,"Rice Mac & Cheese",38,1
47120,"Chicken Flavored Mexican Rice",4,9
47123,"ForceFlex Medium Quick-Tie Garbage",60,17
47135,"Organic Echinacea Plus, Caffeine Free Herbal Tea",94,7
47136,"Organic Blueberry Blast Z Fruit + Veggie Rope",3,19
47138,"Pinwheels Fudge & Marshmallow Cookies",61,19
47141,"Cola",77,7
47144,"Unsweetened Original Almond Breeze Almond Milk",91,16
47145,"Spring Mix",123,4
47154,"Natural Dark Chocolate Bar",45,19
47156,"Coconut Almond Unsweetened Creamer Blend",53,16
47157,"Espresso Roast Ground Coffee",26,7
47163,"Caramel Macchiato Gourmet Coffee Creamer",53,16
47166,"Organic Sea Salt 70% Dark Chocolate",45,19
47167,"Organic Sunny Days Apple Snack Bars",92,18
47168,"Whole Grain Brown Rice Thin Cakes",78,19
47169,"100% O-J Juice",31,7
47174,"Sweet & Spicy Herbal & Black Tea",94,7
47177,"Smmmile, It's Three Cheesy Macaroni & Cheese Dinner",4,9
47178,"Tooth Flossers",20,11
47180,"Spanish Rice Rice Mix",4,9
47182,"Original Green SuperFood Powder",47,11
47185,"Spreadable Butter with Canola Oil",36,16
47187,"ProteinPLUS Multigrain Angel Hair Pasta",131,9
47189,"Black Currant Fruit Spread",88,13
47192,"Farmstand Flaxbread Breakfast Sandwich",52,1
47193,"Roasted Garlic Alfredo Pasta Sauce",9,9
47194,"Choose A Sheet Big Rolls 1 Ply Vantage Paper Towels",54,17
47196,"Snack Pack Classic Original Hommus With Chips",67,20
47209,"Organic Hass Avocado",24,4
47211,"Kettle Cooked Potato Chips Original",107,19
47216,"Small White Beans",59,15
47222,"Pepperoni Slices",14,20
47223,"Gluten Free & Dairy Free Thai Red Curry With Organic Jasmin Rice & Vegetables",38,1
47225,"Santa Fe Extra Lean Veggie Burger",14,20
47226,"Taco Seasoning Mix Original",104,13
47229,"Bag of Organic Fuji Apples",123,4
47231,"Ultra-Purified Water",115,7
47240,"Blueberry Syrup",29,13
47241,"Coconut Cream Pops Mint Chocolate Chip",37,1
47242,"Activia Peach/Strawberry Lowfat Yogurt",120,16
47248,"No Sugar Added Mandarin Oranges in Artificially Sweetened Water",99,15
47250,"Beef Flank Steak",6,2
47253,"Disinfecting Wet Wipes - Lemongrass Citrus",114,17
47257,"All Natural Pure Canola Oil",19,13
47258,"Bacon Style Veggie Protein Strips",14,20
47260,"Thai Red Curry Simmer Sauce",76,6
47271,"Genmaicha Green Tea Bags",94,7
47272,"Antioxidant Infusions Beverage Malawi Mango",31,7
47279,"Aged Asiago Cheese",2,16
47280,"California Orange Juice",31,7
47282,"Zesta Original Saltine Crackers",78,19
47283,"Invigorating Rosewater Body Wash",25,11
47284,"Toll House Semi Sweet Chocolate Mini Morsels Chips",17,13
47290,"Honey Goat Milk Cheese",21,16
47291,"Fusion Manual Men's Razor Blade Refills",55,11
47298,"Classic Caesar Dressing",89,13
47299,"Yellowfin Tuna Steak",39,12
47301,"Very Young Small Sweet Peas",81,15
47305,"Green Chiles, Diced, Fire Roasted, Mild",30,6
47310,"Shells & White Cheddar Mac & Cheese Family Size Macaroni and Cheese Organic",4,9
47312,"Skin Relief Body Wash, Fragrance Free",127,11
47313,"Sauvignon Blanc, Napa County",62,5
47318,"Bernie's Farm Animal Cookies Snack Packs",61,19
47325,"100% Pomegranate Juice",98,7
47329,"Fresh Fruit Salad",1,20
47333,"Queso Fresco",2,16
47337,"Original Thin Sausage & Pepperoni Pizza",79,1
47339,"Hoisin Garlic Marinade & Sauce",72,13
47345,"Original Molasses",29,13
47346,"Tuberz Organic Lowfat Yogurt",120,16
47348,"Heavy Duty Aluminum Foil",97,13
47353,"Pepcid® AC Acid Reducer Tablets",70,11
47357,"Original Restaurant Style Tortilla Chips",107,19
47363,"Organic Chocolate Kefir",70,11
47366,"Raisin Bran Crunch Cereal",121,14
47370,"Gluten Free 100% Organic Whole Grain Traditional Egg Pasta",131,9
47371,"Stax Mesquite Barbecue Potato Crisps",107,19
47372,"Snack Size Mini Green Container + Lid",85,17
47380,"New York Style Nova Lox",15,12
47382,"Part-Skim Ricotta Cheese",108,16
47383,"Dandruff Relief Shampoo",22,11
47388,"Organic Plain Kefir",120,16
47391,"13 Gallon Tall Drawstring Garbage Bags",60,17
47392,"100% Whole Wheat Premium Hot Dog Buns",43,3
47397,"Eggplant Parmesan",38,1
47402,"Fuji Apples",24,4
47403,"Homestyle Belgian Waffles",52,1
47405,"Beet Noodles",83,4
47409,"Original Red Raspberry Yogurt",120,16
47429,"Gentle Skin Cleansing Cloths",73,11
47432,"Concord Grape Drink Mix Packets",90,7
47438,"Pineapple Cottage Doubles",108,16
47439,"S'mores Chocolate Ice Cream",37,1
47441,"Extra Dry Ginger Ale, Lightly Sweetened",77,7
47443,"Cinnamon Pull-Apart Monkey Bread",119,1
47464,"Peanut Butter Protein Bar",3,19
47475,"Fontina Cheese",21,16
47479,"Squeeze Real Mayonnaise",72,13
47481,"Beef For Stew",7,12
47485,"Mini Chocolate Chip Waffles",52,1
47491,"Organic Coconut Snack Bar",3,19
47492,"Organic Berry Blend",116,1
47498,"Organic White Bread",112,3
47500,"Coarse Sea Salt",104,13
47503,"Organic Texmati Brown Rice",63,9
47504,"Blueberry Breakfast Biscuits",48,14
47509,"100% Guava Juice",98,7
47512,"Lite Energy Drink",64,7
47516,"Special K Fruit & Yogurt Cereal",121,14
47518,"Finely Shredded Natural Parmesan Cheese",21,16
47519,"Medium Colombia Ground Coffee",26,7
47521,"Crispy Cheddar Crackers",78,19
47526,"Goat Cheese Log",21,16
47531,"Organic Toffee Milk Chocolate Bar",45,19
47532,"Instant Whole Grain Brown Rice",4,9
47537,"Organic Yellow Corn Tortilla Chips",107,19
47538,"Compleats Homestyle Chicken & Dumplings",4,9
47543,"Bombay Curry Veggie Burgers",108,16
47546,"Chocolate Coconut Milk Beverage",91,16
47547,"Cinnamon",104,13
47548,"Santa Fe Style Chicken Light Soup",69,15
47551,"Mini-Snacks Organic Raisins",117,19
47552,"Sweet Drops SteviaClear Sweetener",97,13
47553,"Sugarfree Peppermint Chewing Gum",20,11
47554,"Mocha Latte & Dark Chocolate Swirl, Silky Smooth",45,19
47555,"Chicken Flavor Udon Noodles",14,20
47564,"Sesame Street Friends Elmo's Fruit Punch",98,7
47565,"Organic Apple Pumpkin & Granola Stage 2 Baby Food",92,18
47570,"Original Flavor Macaroni & Cheese Dinner",4,9
47573,"Ginger Snap Sprouted Cookies",50,19
47576,"Matzo",78,19
47577,"Light Key Lime Pie Yogurt",120,16
47585,"Chocolate Builder's Protein Bar",3,19
47589,"Semi-Sweet Chocolate Chips",17,13
47590,"Organic Gluten Free Apricot Raisin Sprouted Flax Bar",3,19
47591,"Prosciutto di San Daniele",96,20
47596,"Fiesta Sides Mexican Rice",4,9
47599,"ForceFlex Extra Strong Large Trash Bags",60,17
47601,"Unsalted Cultured Butter",36,16
47605,"Grilled Salmon & Shrimp Feast in Gravy Cat Food",41,8
47610,"Pretzel Sticks, Gluten Free",107,19
47611,"M&M's Vanilla Lowfat Yogurt",120,16
47612,"Halloumi Cheese",2,16
47613,"Pure Cane Rough Cut Sugar Cubes",17,13
47616,"Sesame Street Organic Mini Blueberry Pancakes",52,1
47617,"Mountain Cooler Juice Drink Pouches",98,7
47621,"Chocolate Strong Dark",45,19
47624,"Crunchy Maple Brown Sugar Granola Bars",3,19
47626,"Large Lemon",24,4
47627,"Salsa Ranch Yogurt Dressing",89,13
47629,"Annie's® Homegrown Gluten Free Double Chocolate Chip Granola",3,19
47630,"Medium Navel Orange",24,4
47631,"Original Vegetable Oil Spread",36,16
47636,"Apple Cinnamon Automatic Spray  Air Freshener Refill",101,17
47639,"Blueberry Protein Shake",98,7
47640,"French Vanilla Fat Free Coffee Creamer",53,16
47643,"Power-C Dragonfruit",64,7
47645,"Seitan, Traditional, Strips",65,11
47651,"Black Pepper",104,13
47652,"Coconut Almond Minis Frozen Dessert Bars",37,1
47654,"Danimals Strawberry Explosion and Wild Watermelon Smoothies",120,16
47657,"Macaroni & Cheese with Broccoli",38,1
47660,"Milk Chocolate Nutrition Shake",65,11
47664,"Organic Green Tea Peppermint",94,7
47668,"Smarty Dish Free and Clear Dishwasher Tablets",74,17
47670,"Vaginal Antifungal, 3-Day Treatment Ovules, Combination Pack",126,11
47672,"Uncured Hickory Smoked Sunday Bacon",106,12
47674,"Air Effects Linen & Sky Air Refresher",101,17
47676,"Cocoa Rouge Unsweetened Cocoa Powder",17,13
47681,"Batter Dipped Chicken Breast Tenders",34,1
47682,"Natural 72% Dark Chocolate With Espresso Beans Bar",45,19
47683,"Vanilla Light & Fit Nonfat Yogurt",120,16
47684,"Delicata Squash",83,4
47710,"Chicken Tamale",13,20
47714,"100% Pure Maple Syrup",29,13
47717,"Peanut Butter Cookie",3,19
47719,"Banana Raspberry & Brown Rice Stage 2",92,18
47734,"Organic Green Cabbage",83,4
47736,"Fragrance Free Sensitive Skin Hand Wipes",56,18
47738,"Dark Chocolate Mocha Granola Bars",3,19
47740,"Dijon Honey Mustard Dressing",89,13
47755,"Baked Vegetable Brown Rice Snaps",78,19
47758,"Oreo Ice Cream Bars",37,1
47759,"Mandarin Oranges",24,4
47761,"EnviroKidz Brown Sugar Maple Oatmeal",130,14
47763,"Pure Unsweetened Cashewmilk",91,16
47765,"Alimentum Infant Formula",92,18
47766,"Organic Avocado",24,4
47769,"Peas and Potatoe Roti Paratha",76,6
47772,"Pure Maple Syrup",29,13
47777,"Pure Erythritol Sweetener",29,13
47780,"Fresh Frozen Wild Blueberries",116,1
47783,"Apple & Cherry Fruit Bar",3,19
47785,"Aged Swiss Cheese, Sliced",21,16
47787,"Seasoned Black Cherry Barbecue Pork jerky",23,19
47788,"Honeydew Melon",24,4
47790,"Organic Lemon Garlic Dressing",89,13
47792,"Organic Beans & Rice Cheddar Cheese Burrito",38,1
47793,"Recover Chocolate Protein Shake",64,7
47794,"3 D White Arctic Fresh Toothpaste",20,11
47802,"Organic Chicken Breast",35,12
47803,"Lighten Up Breakfast Burrito",38,1
47804,"Gluten Free Brown Rice Penne Rigate Pasta",131,9
47805,"Vinegar, Apple Cider",19,13
47815,"Hazelnut Coffee Creamer",53,16
47817,"Chunky Chocolate Chunk Cookies",61,19
47818,"STREITS QN01 LIGHTLY SLTD MTZO 11Z",33,6
47820,"Pizza, Naan, Artisan Crust, Spinach & Paneer Cheese",79,1
47823,"Organic Vanilla Kefir",120,16
47824,"Natural Big Slice Mild Cheddar Slices",21,16
47827,"Cafe Steamers General Tso's Spicy Chicken",38,1
47830,"Watercress Greens Juice",31,7
47832,"Essential Orange Pineapple Mango Juice Cocktail",98,7
47835,"Gluten FreeBread & Pizza Crust Mix",105,13
47842,"Sparkling Kiwi Strawberry Soda",115,7
47844,"Freshly Crumbled Blue Cheese",21,16
47848,"Gummy Worms Made with Organic Fruit Juice",45,19
47852,"Organic Matcha Tea Bags",94,7
47861,"Talenti Sea Salt Caramel Gelato Pop",37,1
47862,"Baby Brussels Sprouts",83,4
47865,"Quart Storage Bags",85,17
47866,"Jalapeno Potato Chips",107,19
47867,"Gluten Free Honey Mustard & Onion Pretzel Sticks",107,19
47868,"100% Spring Water",115,7
47873,"Sparkling Probiotic Drink Mango Coconut",31,7
47875,"Gluten Free Quinoa Linguine",131,9
47877,"Coke Zero",77,7
47884,"World's Best Mac & Cheese",38,1
47885,"Black Bean Salad",1,20
47888,"Apple and Carrot Stage 2 Baby Food",92,18
47889,"Crispy Chocolate Chip Cookies",61,19
47890,"Whole White Mushrooms",123,4
47893,"Steel Cut Irish Oatmeal",130,14
47895,"Rising Crust Spicy Chicken Supreme Pizza",79,1
47900,"Uncured, No Sugar, Hickory Smoked Bacon",106,12
47903,"Pork & Beans in Tomato Sauce",59,15
47912,"Vanilla Skyr Style Yogurt",120,16
47915,"Organic Half Spring Mix & Half Baby Spinach",123,4
47918,"Ultra Dawn Escapes Dishwashing Liquid New Zealand Springs 21.6 Oz Dish Care",74,17
47920,"Original Tumeric Elixir",98,7
47924,"Chocolate Bliss Crunchy Coconut Chips",45,19
47927,"Original Organic Green Superfood Energy Bar",3,19
47931,"Diet Cola",77,7
47936,"Original Multi-Grain Baked Snack Crackers",78,19
47937,"White Wine and Balsamic Vinegar Flavored Beets",123,4
47940,"Light Strawberry Yogurt",120,16
47941,"Special K Red Berries Cereal",121,14
47943,"Unsweetened Terere Yerba Mate",94,7
47944,"Schwarzwalder Dark Rye Bread",112,3
47946,"Nutella & Go!",88,13
47947,"Original French Dressing",89,13
47948,"Glutin Free Low Fat Rice Crackers Black Sesame and Soy Sauce Bag",66,6
47950,"Coffee With Milk Sweetened Iced Coffee Medium Roast Latin American Blend",26,7
47953,"Gluten-Free Figgies & Jammies Cookies",61,19
47955,"Strawberry Lowfat Milk",84,16
47959,"Bag Carrots",83,4
47962,"Fresh Ground Turkey",49,12
47963,"Whole Grain Mini ABC's & 123's Pasta",59,15
47965,"TLC Cherry Dark Chocolate Chewy Granola",3,19
47966,"Old Fashioned Rolled Oats",130,14
47977,"Grapefruit Sparkling Water",115,7
47979,"Butternut Squash Bisque",1,20
47985,"Baking & Drinking Wondercocoa",90,7
47990,"White Chocolate Macadamia Nut Energy Bar",3,19
47992,"Chocolate Chip Mini Muffins",93,3
47993,"Cherry Garcia Ice Cream",37,1
47995,"Weight Control Maple & Brown Sugar Instant Oatmeal",130,14
47996,"Baby Shampoo & Body Wash",102,18
48002,"Biscuits Orange Pim's",61,19
48004,"Danimals Strawberry Explosion Flavored Smoothie",120,16
48007,"Flax Plus Raisin Bran Cereal",121,14
48008,"Umcka Day And Night Drink Packets",31,7
48015,"Lime Slim Can",115,7
48017,"Organic Hoisin Sauce",5,13
48018,"Hazelnut Medium Roast K-Cup Packs Arabica Coffee",26,7
48022,"Chocolate Mousse Ganache Cone",37,1
48023,"Wild Alaskan Pink Salmon",95,15
48025,"Pretzel Dipping Sticks",107,19
48031,"Italian Sweet Creme Creamer",6,2
48032,"Spark Fruit  Juice Drink",31,7
48034,"Peppered Turkey Jerky",23,19
48037,"Tagliarni",131,9
48039,"Cherry Menthol Drops Cough Suppressant/Oral Anesthetic",11,11
48043,"Sugar Free Maple Flavor Syrup",29,13
48056,"Egg Capellini Angel Hair Pasta",131,9
48057,"Hummus, Hope, Original Recipe",67,20
48058,"Organic Honey'd Corn Flakes Cereal Gluten Free",121,14
48068,"Fine Hazelnut Chocolates",45,19
48070,"Chocolate Mint Crisp Protein Bar",3,19
48071,"Fresh Romaine Lettuce head",123,4
48073,"Ice Cream  The Original Salted Caramel",37,1
48075,"Ice Cream, Super Premium, Coffee",37,1
48079,"Organic Brown Long Grain Rice",63,9
48086,"Black Forest Ham",96,20
48091,"Coconut Almond Protein Beverage",100,21
48093,"Sliced Halves Whole Wheat Pita Pockets",128,3
48094,"Crushed Tomatoes With Basil",81,15
48095,"Purified Water, 9.5pH+",115,7
48096,"Stevia in the Raw Baking Bag",17,13
48097,"Rum Raisin Ice Cream",37,1
48099,"Truffle Parmesan Macaroni & Cheese Bowl",38,1
48104,"Organic Lite Coconut Milk",91,16
48107,"Basic Toilet Paper Toilet Tissue",54,17
48108,"Broccoli & Spinach Frozen Pizza with 3 Cheeses",79,1
48109,"Tortilla Chips, Clasico, Jalapeno Lime",107,19
48110,"Thin Stackers Brown Rice Lightly Salted",78,19
48116,"Lowfat Kefir Plain Unsweetened",120,16
48118,"Max Gel Clog Remover",114,17
48119,"Old-Fashioned Sweet Bread & Butter Chips",110,13
48121,"Solid White-No Salt Added Albacore Tuna",95,15
48123,"Organic Silken Tofu",14,20
48127,"Mini Baguette",112,3
48129,"NUT-rition Men's Health Recommended Mix",117,19
48131,"Versatile Stain Remover 65 Loads",75,17
48132,"Organic Grass-Fed Ground Beef 85/15",7,12
48135,"Organic Mountain Forest Honey Light Amber",29,13
48137,"Protein PLUS Chocolate Protein Shake",31,7
48140,"All Natural Whole Wheat Bread",112,3
48142,"Diet",77,7
48144,"Tater Tots",129,1
48154,"Unsweetened Almond Coconut Milk Blend",91,16
48162,"Probiotic Dairy Culture Strawberry",70,11
48163,"Natural Bliss Hazelnut Coffee Creamer",53,16
48164,"Organic Peas Please Garden Herb",50,19
48167,"Dairy Free Creamer Nutpods Original Unsweetened",91,16
48171,"Shredded Hash Browns",129,1
48172,"Culture Club Kombucha Goji Ginger",31,7
48174,"Evaporated Milk",17,13
48175,"Organic Butternut Squash Ravioli",38,1
48177,"Organic Turmeric Powder",6,2
48179,"Sweet and Tangy Barbecue Wings",129,1
48181,"Blancas Corn Tortillas",128,3
48182,"Gluten Free Spinach Cakes",52,1
48183,"Flour Tortillas",128,3
48186,"Lactose Free Half & Half",53,16
48190,"Oyster Crackers",78,19
48192,"Butter with Olive Oil & Sea Salt",36,16
48193,"Ground Saigon Cinnamon",104,13
48196,"Organic Madagascar Vanilla Wafer Ice Cream Sandwich",37,1
48199,"Buffalo Wings",42,1
48203,"2X Free & Clear Liquid Detergent",75,17
48204,"Tamari Gluten Free Soy Sauce",66,6
48205,"Spinach",123,4
48210,"Whole Wheat Blueberry Fig Bars",48,14
48217,"0% Milkfat Greek Plain Yogurt",120,16
48219,"Organic Mild Vinegar Beets",81,15
48220,"Almond Milk Peach Yogurt",120,16
48222,"Gluten free Sesame Bagels",93,3
48223,"Peanut Oil",19,13
48226,"Select-A-Size White Giant Roll Paper Towels",54,17
48229,"Orange Blossom Honey",29,13
48230,"Soft Taco Size White Flour Tortillas",128,3
48235,"Air Chilled Chicken Thighs",35,12
48238,"Gotta Do Chocolate Ice Cream",37,1
48239,"Cocoa Spread with Hazelnuts",88,13
48241,"Sculpin IPA",27,5
48243,"Peach Zero Calorie Iced Tea",94,7
48244,"California Fig Balsamic Vinegar",19,13
48246,"Green Machine Juice Smoothie",31,7
48248,"LemonMint Herb Throat Drops",11,11
48249,"Hazelnut Creamer",6,2
48251,"Old Fashioned Nutty Peanut Butter",88,13
48252,"Original Soft & Chewy With All Natural Grilled Beef Treats for Dogs",40,8
48255,"Organic Pancake Syrup",29,13
48259,"Non Fat Grade A Pasteurized Cottage Cheese",108,16
48270,"Premium House Blend Ground Coffee",26,7
48273,"Choice Cuts In Gravy W/Beef (PS #1211231) Wet Dog Food",40,8
48275,"D'Noir Prunes",117,19
48277,"100% Juice Peach",98,7
48278,"Tonic Water Contains Quinine",77,7
48283,"Premium  Vanilla Mochi Ice Cream",37,1
48284,"Organic Sauerkraut",110,13
48287,"Natural Chicken & Maple Breakfast Sausage Patty",34,1
48290,"Creamy Swiss Garlic & Herb Spreadable Cheese Wedges",21,16
48291,"Organic Tree Ripened Plums",117,19
48296,"Crunch White Chocolate Macadamia Nut Granola Bars",3,19
48297,"Cotija Cheese",21,16
48298,"Cotes Des Rose Grenache Cinsault-Syrah",28,5
48299,"Baby Cut Carrots",123,4
48301,"Strawberry Banana Coconut Milk Yogurt",120,16
48304,"Tropical Trail Mix",125,19
48309,"Kelp Noodles",66,6
48310,"Excellence 85% Cocoa Extra Dark Chocolate",45,19
48312,"Classic Blue Brie Cheese",21,16
48318,"Taffy Dulce de Leche Sandwich Cookies",61,19
48320,"PODS Laundry Detergent, Original Designed for Regular and HE Washers Laundry",75,17
48323,"Grated Parmasean Cheese",21,16
48326,"Lentil Rice Pilaf Mix",4,9
48328,"Nutritional Yeast Flakes",17,13
48333,"Vanilla Creme Protein Nutrition Shake",65,11
48335,"Chocolate Brownie Energy Bar",3,19
48339,"Lobster Tails",39,12
48341,"Tomato Basil Pasta Sauce",9,9
48347,"Blue Corn Taco Shells - 12 CT",30,6
48348,"Delights Canadian Bacon Egg Whites & Cheese Honey Wheat English Muffin",52,1
48351,"Red Edition",64,7
48352,"Vegan Meatballs, Zesty Italian",38,1
48356,"Muffins, Flax, Cranberry Orange",93,3
48357,"Green Split Peas",63,9
48360,"Raw Shrimp 41-50",15,12
48364,"Sweet Onion",83,4
48366,"Everyday  Facial Tissues",54,17
48367,"Regular Strength Peppermint Antacid Chewable Tablets",70,11
48368,"Mango Key Lime Medium Salsa",51,13
48370,"Sensitive Toilet Paper",54,17
48375,"Cake Flour",17,13
48383,"Whole Wheat Flour",17,13
48385,"Summertime Blues Multigrain Tortilla Chips",107,19
48390,"Organic Nuts & Chocolate Beverage",117,19
48395,"Original Rice Pilaf Mix",63,9
48396,"Potato Chip Milk Chocolate",45,19
48398,"Maca Cold Brew Coffee Super Herb Elixir",26,7
48407,"Vegetable Chicken Soup Stage 3",92,18
48408,"Lavender Scent Foaming Hand Soap",25,11
48409,"Organic Chicken Wings",35,12
48414,"Chocolate Infinity Ice Cream Bars",37,1
48415,"Big California Sourdough Bread",112,3
48416,"Traditional German Egg Broad Pasta",131,9
48421,"No Sugar Added Sliced Pears",99,15
48423,"Organic Sweet Peas",116,1
48424,"Rice Pilaf Steamers",116,1
48425,"Muffin & Quick Bread Mix, Premium, Cinnabon Cinnamon Streusel",105,13
48429,"Activia Greek Yogurt Blueberry & Strawberry",120,16
48435,"Fully Cooked Batter Dipped Chicken Breast Tenders",34,1
48437,"Coarse Kosher Salt",104,13
48438,"Imported Spanish Queen Marinated with Dry Vermouth Martini Olives",110,13
48440,"Pepperoni Pizza Rolls",129,1
48442,"Broccoli, Kale & Cheddar Cheese Organic Veggie Snack",92,18
48443,"All Purpose Natural Sea Salt",104,13
48444,"Tofu, Medium Firm (Regular)",14,20
48450,"Organic Brown Rice Pasta Spirals",131,9
48453,"Water, Unsweet, Crisp Apple",115,7
48454,"Manwich Original Sloppy Joe Sauce",59,15
48455,"Lemon",123,4
48464,"Organic Muenster Cheese",21,16
48473,"Fresh European Style Baby Arugula",123,4
48476,"Tender Chicken & Stars Stage 3",92,18
48480,"Punjab Eggplant",76,6
48481,"Pronamel Daily Protection - Mint Essence",20,11
48484,"Deglet Noor Dates",117,19
48485,"Soups Mushroom Bisque with Porcini",69,15
48486,"Frozen Goo-Berry Pie Kefir",37,1
48487,"Blue Corn Taco Dinner Kit",30,6
48491,"Tofu, Extra Firm",14,20
48493,"Butter 2.0 Featuring Virgin Coconut Oil",91,16
48494,"Sugar Free Strawberry Gelatin",71,16
48496,"All Natural Kiwi Strawberry - 6 CT",98,7
48498,"Caramel Minis Wrapped",45,19
48501,"Small Gauze Pads",118,11
48505,"Surfin' & Turfin' Favorites Cat Food",41,8
48513,"Krinkle Cut Reduced Fat Sea Salt & Vinegar Potato Chips",107,19
48519,"Green Food Color",97,13
48520,"All Natural Regular Pork Sausage",106,12
48523,"Birthday Cake Light Ice Cream",37,1
48524,"Apple Cinnamon Applesauce On The Go",99,15
48527,"Avocado",24,4
48529,"Goat Butter",51,13
48532,"All Purpose Cleaner",114,17
48542,"Minis, Assorted Ice Cream Bars",37,1
48543,"Organic Flax Seed",6,2
48548,"Carving Board Rotisserie Seasoned Chicken Breast",96,20
48551,"Green Lemonade",100,21
48552,"Raspberry Blackberry Sparkling Water",115,7
48553,"Green Lentils",63,9
48554,"Gochujang Fermented Sesame Chile Paste",66,6
48556,"Red Potato Salad",1,20
48559,"Synergy Organic Kombucha Gingerberry",31,7
48566,"No Salt Added Organic Mixed Vegetables",116,1
48568,"Beer 'n Bratwurst",106,12
48576,"Organic 70% Dark Chocolate With Ginger Bar",45,19
48577,"Cream Top Smooth Coffee Yogurt",120,16
48588,"All Natural Ground Chicken",49,12
48590,"Laxative Powder Solution, Unflavored",70,11
48591,"Gluten Free Tomato Basil Pasta Sauce",9,9
48595,"Organic Wheat Square Crackers",78,19
48599,"Mediterranean Style Chicken, Rigatoni & Broccooli",38,1
48600,"Organic Cinnamon Apple Chips",117,19
48610,"Organic Spelt Bread",112,3
48614,"Max Zero Calorie Soda",77,7
48616,"85% Lean Ground Turkey",49,12
48620,"Organic Sharp Cheddar Cheese",21,16
48622,"Condensed Milk, Sweetened, Full Cream",17,13
48623,"Pizzetta Onion & Gorgonzola",79,1
48624,"Fuji Apple Bag",24,4
48625,"Salt Toothpaste",20,11
48626,"Coconut Blended Greek Yogurt",120,16
48628,"Organic Whole Wheat Bread",112,3
48631,"Cold Brew Mexican Vanilla 4 Pk",26,7
48632,"Organic Green Zen Blend Salad",123,4
48634,"Whole Grain Penne Pasta",131,9
48637,"Green Supreme Apple, Kale & Lemon Cold Pressured Fruit & Vegetable Juice",31,7
48640,"Sharp Light Cheddar Cheese Slices",21,16
48642,"2-Ply Right Size 100% Recycled Paper Towels",54,17
48645,"Unsweetened Coconutmilk",91,16
48647,"Mini Chocolate Croissant",93,3
48657,"Asian Salad Kit",123,4
48664,"Natchrm Evap Cntmlk12.2",98,7
48665,"No Added Salt Chicken Noodle Soup",69,15
48666,"Mild Thin Sliced Cheddar Cheese",21,16
48667,"Baked & Popped Variety Snack Packs",107,19
48668,"Easter All Natural Sour Jelly Beans",45,19
48679,"Organic Garnet Sweet Potato (Yam)",83,4
48681,"Kale Cranberry Chopped Salad Kit",123,4
48682,"Sauerkraut",110,13
48684,"Lemon Herb Asparagus Seasoning Sauce",5,13
48695,"SARA LEE     15OZ PLAIN MINI BAGELS",93,3
48697,"Canola Oil",19,13
48702,"Classic Pork Links",106,12
48704,"Gluten Free Mini Dark Chocolate Pretzels",107,19
48705,"Parmesan Cheese",21,16
48706,"Champagne Vinegar",19,13
48707,"Banana Mango Yogurt",120,16
48708,"80% Vegetable Oil Margarine",36,16
48711,"Grain Free Salmon & Sweet Potato Recipe in Gravy Cat Food",41,8
48715,"Organic Honeybush Tea, Caffeine Free",94,7
48716,"Meyer Lemon Miracle Tart",8,3
48717,"Real Medleys Apple Walnut Oatmeal",130,14
48720,"Shoestring Fries",129,1
48722,"Coffee",26,7
48723,"Steamfresh Cut Green Beans",116,1
48726,"Organic Nonfat Greek Yogurt With Peaches",120,16
48732,"Lil Drums Vanilla/Chocolate Frozen Dairy Dessert Cones",37,1
48733,"Homogenized Milk",84,16
48736,"Ricotta And Spinach Tondi",12,9
48737,"Tamari Black Sesame Brown Rice Crackers",78,19
48739,"Limited Edition Mini Trix Cereal",121,14
48741,"Orange Passionfruit & Jasmine Green Tea Bags",94,7
48742,"Quick 1 Minute Whole Grain Oats",130,14
48744,"Organic Whole Grain Yellow Rice Rice & Seasoning Mix",4,9
48745,"Globe Eggplant",83,4
48746,"Original Baked  Potato Chips",107,19
48747,"Oh My Yog! Gingered Pear Trilayer Yogurt",120,16
48761,"Imported Sardines in Pure Olive Oil Skinless & Boneless Salt Added",69,15
48762,"Split Top Wheat Bread",112,3
48765,"Big Apple Uncured Hot Dogs",106,12
48775,"Organic Red Cabbage",83,4
48777,"Pine Nuts Natural Unsalted",117,19
48778,"Fit Super A Juice, Cold Pressed, Carrot/Apple/Ginger",18,10
48779,"Ground Beef",122,12
48781,"Coffee Cold Brew Concentrate",26,7
48783,"Hydroponic Boston Lettuce",123,4
48784,"Lightly Breaded Fish Sticks",33,6
48785,"Power Blend Superfood Brussels Sprouts, Napa Cabbage, Kohlrabi, Broccoli, Carrots & Kale",123,4
48786,"Almond & Raisin Hearty Oatmeal to Go",13,20
48790,"Oral Electrolyte Solution Mixed Fruit",92,18
48795,"Organic Turkey Hot Dogs",106,12
48797,"All Natural Tagliatelle Pasta",12,9
48800,"Caramel Cone Ice Cream",37,1
48802,"Organic Whole Wheat Fusilli Pasta",131,9
48805,"Lowfat Plain Yoghurt",120,16
48806,"Premium Organic Whole Kernel Sweet Corn",116,1
48808,"Hazelnut Coffee Sugar Free CoffeeCreamer",53,16
48809,"Original Milk Chocolate Nutrition Shake",65,11
48810,"Brown Rice Bread",58,1
48812,"Variety Pack",85,17
48819,"Loaded Baked Mashed Potatoes",4,9
48823,"Navel Oranges",24,4
48824,"Garlic & Herb Multi Grain Crackers",78,19
48825,"Bag of Organic Lemons",24,4
48834,"Lemon Bar Fruit & Nut Bars",3,19
48835,"Organic Unsweetened Vanilla Coconut Non-Dairy Beverage",84,16
48841,"Organic California-Style Blend Mixed Vegetables",129,1
48845,"Roasted Brussels Sprouts",13,20
48846,"Dairy Pure Whole Milk +Vitamin D",84,16
48848,"Organic Strained Tomatoes",81,15
48849,"Black Cherry Vodka",124,5
48857,"Authentic French Brioche",93,3
48859,"Bread, Natural Pumpernickel",112,3
48864,"Anne's Org Strw Yog 4 Ct",120,16
48865,"Organic Ground Chicken",100,21
48868,"Boneless Pork Loin Roast",122,12
48871,"Natural Tomato Paste",81,15
48878,"Kale & Sea Salt Popcorn",78,19
48881,"BoomChocoBoom Dark Chocolate Bar",3,19
48885,"Butternut Squash Noodles",123,4
48890,"Jumbo Brown Eggs",86,16
48894,"Diced Onions",123,4
48895,"Sliced Hard Salami",96,20
48898,"Bathroom Bleach Foamer",114,17
48900,"Coffee Chocolate Bar",3,19
48903,"Fat Free Half And Half Creamer",53,16
48906,"Fruit On The Bottom Peach Yogurt",120,16
48907,"Garden Salad Mix",123,4
48916,"Vanilla Chai Black Tea Blend",94,7
48925,"Peppered Deli Slices",14,20
48926,"Surf Sweet Watermelon Rings",45,19
48927,"Fat Free Plain Yoghurt",120,16
48933,"Free and Gentle Liquid Laundry Detergent",75,17
48935,"Organic Pecans",117,19
48939,"Extra IPA Beer",27,5
48940,"72% Cocoa Cranberries & Almonds Dark Chocolate Bar",45,19
48942,"Excellence Chili Dark Chocolate",45,19
48946,"Earl Grey Tea",94,7
48950,"Mesquite BBQ Potato Chips",107,19
48953,"Lettuce Medley",123,4
48957,"Milk Free Better Than Sour Cream",108,16
48964,"Peach Bbq Sauce",5,13
48965,"Natural Low Sodium Creamy Peanut Butter Spread",88,13
48967,"Dark Chocolate Bar",45,19
48974,"Organic Asian Sesame Dressing",89,13
48988,"Unsweetened Premium Iced Tea",94,7
48990,"Six Seed",78,19
48995,"Organic Green & Pineapple Drink",31,7
49005,"Dark Brown Butter Organic Chocolate",45,19
49007,"Provolone Cheese Slices",21,16
49010,"Hearty & Delicious 100% Whole Wheat with Honey Bread",112,3
49023,"Breakfast Burrito",52,1
49024,"Challah Twist",112,3
49025,"Orange Sauce",66,6
49026,"Plain Almond Milk Yogurt",84,16
49027,"Lavender & Chamomile Scented Oil Refill",101,17
49028,"Yogurt Raisins",45,19
49030,"Glacier Freeze Frost",64,7
49031,"Ale, Hop Stoopid",27,5
49032,"Artisan Blends Parmesan Shredded Cheese",21,16
49037,"Fume Free Oven Cleaner",114,17
49038,"Organic Fava Beans",59,15
49044,"Organic Pears, Peas and Broccoli Puree Stage 1",92,18
49054,"Original Chocolate Chip Cookies",61,19
49056,"Organic Blend Me Mixed Vegetables",1,20
49060,"Soup & Oyster Crackers",78,19
49067,"Breaded filet of Alaskan Pollock with macaroni and cheese Fish Filet",38,1
49072,"Lemon Verbena Laundry Detergent",75,17
49075,"Organic Brown Rice",38,1
49077,"Organic Vanilla Drinkable Yogurt",120,16
49079,"Special K Vanilla Almond Cereal",121,14
49082,"Pitted Greek Kalamata Olives",110,13
49083,"Organic Limes",32,4
49086,"Coconut Bliss Frozen Dessert, Dark Chocolate",37,1
49090,"Flour Burrito Style Tortillas",30,6
49093,"Organic Salted Caramel Ice Cream Juliette Sandwiches",37,1
49095,"100% Recycled 2 Ply Paper Towels",54,17
49098,"Golden Sweet Potato",83,4
49099,"Organic Vegetable Tray with Creamy Ranch Dip",123,4
49102,"Gluten Free Ancient Grain Pasta Penne",131,9
49106,"Premium Jumbo Beef Franks",96,20
49111,"Original Instant Oatmeal",130,14
49112,"Lowfat Vanilla Milk",84,16
49113,"Tall Kitchen Drawstring Bags",60,17
49114,"Organic Soups Alphabet Fat Free",69,15
49120,"After The Rain Gel Air Freshener",101,17
49124,"Non Alcoholic Premium Brew Malt Beverage",27,5
49128,"Organic Tamari Gluten-Free Soy Sauce",66,6
49131,"Smoked Turkey Breast Slices",96,20
49139,"Salsa Con Queso Medium",51,13
49140,"Tiny Fruits Blueberry Apple",50,19
49141,"Gluten Free Rice Chex",121,14
49144,"Baked Cheese Ravioli",38,1
49151,"D'anjou Pears 90/100 Sz",24,4
49156,"Organic Whole Grain Sprouted Quinoa",63,9
49157,"Organic Teas Black Tea Organic English Breakfast Tea Bags - 16 CT",94,7
49158,"Butter Masala Mild Indian Simmer Sauce",72,13
49164,"Legendary Smokey Mesquite Bar-B-Q Sauce",72,13
49169,"Creamy Cashew Milk Non-Dairy Frozen Dessert",37,1
49171,"Organic Berry Berry Granola Bars",3,19
49172,"Savory Pot Roast Soup",69,15
49174,"Raincoast Crisps Cranberry And Hazelnut Crackers",78,19
49175,"Organic Pinto Beans",59,15
49176,"Cinnamon Roll Dough With Icing",105,13
49182,"Serenity French Lavender Bath Salt & Soak",25,11
49185,"Enriched Vanilla Rice Drink",91,16
49191,"Cran Raspberry Sparkling Water",115,7
49192,"Holler Mountain Organic Coffee",26,7
49198,"Zero Soda",77,7
49199,"Reclosable Sandwich Bags Double Zipper",85,17
49201,"Banana, Peach and Mango Fruit Pouch",92,18
49203,"All Natural Soba Stir-Fry Noodles - 2 CT",66,6
49212,"Firming Body Lotion",25,11
49214,"Kids Broad Spectrum Sunblock Lotion Spf 50",102,18
49215,"Kids Sensible Foods Broccoli Littles",92,18
49216,"Savory Cracker Pack",78,19
49217,"Persian (Armenian) Cucumber",83,4
49224,"Hazelnut Original Non-Dairy Beverage",91,16
49225,"Monterey Jack Jalapeno Stuffed Pretzels",129,1
49226,"Dairy Lemonade",98,7
49227,"Sour Cream and Onion Potato Chips",107,19
49229,"Mushroom Rice Burger Patties",42,1
49232,"Fettuccini Noodles",131,9
49235,"Organic Half & Half",53,16
49236,"80% Lean Ground Beef",122,12
49241,"Organic Original Hot Oatmeal",130,14
49243,"Black Cherry Barbecue Pork Jerky",23,19
49247,"Coconut Yoghurt",120,16
49248,"Organic Farro",63,9
49249,"Organic Unbleached All Purpose Flour",17,13
49258,"Soleil 3 Blade Women's Disposable Razors",55,11
49259,"Original Probiotic Dairy Culture",70,11
49260,"Organic Purely Peppermint Tea Bags 16 Count",94,7
49264,"Organic Earl Grey Noir Tea Bags 20 Count",94,7
49267,"Vegetable Broth Low Sodium",69,15
49269,"13 Gallon Drawstring Tall Kitchen Bags",60,17
49270,"Extra Strength Pain Reliever and Fever Reducer Caplets for Adults",133,11
49273,"Light and Lean Quinoa Black Beans with Butternut Squash and Chard",38,1
49279,"Turkey Store Lean Ground Turkey",49,12
49281,"Traditional Feta Cheese Chunk",21,16
49284,"Fennel Seed",104,13
49285,"Turkey Burgers",34,1
49294,"Venison & Salmon Stew with Potatoes and Carrots Dog Food",40,8
49296,"Brown Sugar Cinnamon Roll Wafflers",52,1
49300,"Salted Toffee 55% Dark Chocolate",45,19
49303,"Sugar Snap Pea Stir Fry",116,1
49306,"Original Mountain Blueberry Low Fat Yogurt",120,16
49308,"Organic Blue Green Spiruline Smoothie",31,7
49317,"Baba Ghanoush",51,13
49318,"Grapefruit Sparkling Energy Water",64,7
49319,"Mozzarella String Cheese Made with 2% Reduced Fat Milk",21,16
49320,"Alto Adige Pinot Grigio",62,5
49324,"Large Grade AA Cage Free Brown Eggs",86,16
49325,"Gluten Free Pizza Three Cheese",79,1
49326,"Cereal Variety Fun Pack",121,14
49327,"Jasmine Green Tea",94,7
49328,"Chocolate Protein Nutritional Shake",65,11
49330,"Lemonaise",72,13
49332,"Split Chicken Breast",35,12
49333,"Limited Edition Pre-Sliced Bagels Pumpkin Spice",93,3
49335,"Organic Pasture Raised Large Eggs",86,16
49339,"Organic Unsweetened Applesauce",99,15
49340,"Sweet & Spicy BBQ Multigrain Chips",107,19
49342,"Albacore Premium White In Water Tuna",95,15
49346,"Lemon Sliced Loaf Cake",8,3
49352,"Natural Extra Sharp Cheddar Cheese",21,16
49353,"Natural Calm Lemon Raspberry",47,11
49354,"Big Slice Colby Jack Cheese Slices",21,16
49355,"Instant Action Cat Litter",41,8
49363,"Freshly made pasta in a 100% Real Cheddar cheese sauce Macaroni & Cheese",38,1
49372,"Vanilla Sugar Free Flavoring Syrup",29,13
49374,"Organic Cultured Cream Cheese Spread",108,16
49383,"Organic Bunch Beets",83,4
49387,"Organic Hash Browns",52,1
49390,"Eucalyptus & Peppermint Body Wash",25,11
49396,"Honey Snack Packs Bunny Grahams",61,19
49397,"CopperTop AAA Alkaline",87,17
49401,"Chicken Base, Organic",69,15
49404,"Fruity Bears, Organic",50,19
49414,"Dark Chocolate Chunk Chewy Granola Bars",45,19
49416,"Organic Gluten Free Non-Dairy Beans & Rice Burrito",38,1
49424,"Cereal Honey Bears",29,13
49425,"Red Cherries",24,4
49426,"Hommus Balsamic Caramelized Onion",67,20
49436,"Imitation Crab Flakes",15,12
49439,"Organic Grade A Large Eggs",86,16
49440,"German Farm Bread",128,3
49441,"Slider Stand & Fill Storage Gallon Bags",85,17
49452,"Garlic Herb Pumpkin Seeds",117,19
49456,"Very Cherry Calcium Rich Antacid Chewy Delights",70,11
49457,"Crawfish, Shrimp & Crab Boil in Bag",104,13
49460,"Disinfectant Max Cover Mist, Lavender Fields",114,17
49463,"Organic Whole Bean Coffee",26,7
49465,"Choice Cuts Seafood Selections Wet Cat Food",41,8
49474,"Chick Peas Reduced Sodium Garbanzos",59,15
49475,"Dark Chocolate Blueberry Quinoa",45,19
49476,"Organic Maple Syrup",29,13
49478,"Frozen Organic Strawberries",24,4
49480,"Coarse Ground Black Pepper",104,13
49481,"Original Barbecue Sauce",5,13
49489,"Anti Itch Gel",118,11
49491,"Garlic & Butter  Texas Toast Croutons",89,13
49493,"75% Dark Chocolate Bar",45,19
49495,"Pods Ocean Mist Detergent + Stain Remover + Brightener",75,17
49496,"Puffs Simply White Cheddar Cheese Flavored Snacks",107,19
49497,"Organic Hot Jalapeno Nacho Slices",110,13
49503,"Citrus Kiss Green Tea Bags",94,7
49505,"Hot Italian Sausage",106,12
49508,"Antioxidant Infusions Costa Rica Clementine",31,7
49509,"Gluten Free Classic Sourdough",112,3
49510,"Lentil Chips, Aged White Cheddar",107,19
49511,"Yellow Bell Peppers",83,4
49513,"Minced Garlic in Extra Virgin Olive Oil",81,15
49517,"0% Fat Free Organic Milk",84,16
49518,"Thai Green Curry",38,1
49519,"Raspberry Essence Water",115,7
49520,"Orange Sparkling Water",115,7
49524,"Zero Non-Chlorine Bleach",75,17
49531,"Anchovy Fillets In Olive Oil",95,15
49533,"Cane Sugar",17,13
49543,"Chocolate Cheerios Cereal",121,14
49544,"Cabernet Sauvignon Wine",28,5
49547,"Kids Defense Spray Sunscreen SPF50",109,11
49555,"Apple Apricot Sauce",99,15
49558,"Scrubbing Bubbles Heavy Duty All Purpose Cleaner",114,17
49567,"Organic Fire Roasted Petite Diced Tomatoes with Roasted Garlic",81,15
49570,"Dairy Free Greek Yogurt Blueberry",120,16
49575,"Chocolate Vanilla Malt Custard",100,21
49583,"Sweet Potatoes Stage 2",92,18
49585,"Organic Refined Coconut Oil",19,13
49587,"Tender Beef & Liver Feast Classic Wet Cat Food",41,8
49588,"Honey",29,13
49592,"Greek Vanilla Fat Free Yogurt",120,16
49593,"Classic Movie Theater Popcorn",23,19
49594,"Yellow Edition",3,19
49597,"Strawberry Blast Kid's Honest Toothpaste",20,11
49605,"Classic Hummus Family Size",67,20
49609,"Very Berry Flavor Sparking Mineral Water",115,7
49610,"100% Lactose Free Fat Free Milk",91,16
49615,"Cran-Apple Juice Drink",98,7
49616,"Gluten-Free Five Cheese Ravioli",12,9
49617,"Creamy Mozzarella Sun-Dried Tomato & Basil Flavor Cheese Wedges",2,16
49618,"Mac n' Cheese Puffs",107,19
49621,"Challah Bread",112,3
49622,"Original Powder Coffee Creamer",53,16
49628,"Yoghurt Blueberry",120,16
49640,"Sourdough Loaf",112,3
49644,"Feta Crumbles",2,16
49647,"Minute Instant Whole Grain Brown Rice",4,9
49652,"Drain Cleaner, Fresh Citrus & Sage Fragrance",114,17
49655,"Apple Cider",98,7
49665,"Super Dark Coconut Ash & Banana Chocolate Bar",45,19
49666,"Ginger Snaps Snacking Cookies",61,19
49667,"Enchilada with Spanish Rice & Beans Meal",38,1
49670,"Beef Summer Sausage",106,12
49678,"Large Chicken & Cheese Taquitos",129,1
49680,"All Natural Creamy Caesar Dressing",89,13
49683,"Cucumber Kirby",83,4
49685,"En Croute Roast Hazelnut Cranberry",42,1
49686,"Artisan Baguette",112,3
